product_id,product_handle,current_title,current_vendor,current_body_first_200,detected_manufacturer,confidence,evidence_summary,recommended_vendor_correction,sub_brand_detected,decision,product_type,sku_sample,sku_prefix,ambiguous_prefix
9039323201849,zim-synchro-tilter-chair-high-back-mesh-mesh-back-black,Zim synchro-tilter chair high back mesh mesh back,Brant Business Interiors,Unique back frame designed with wrap around mesh back High Back. Pneumatic seat height adjustment. Seat depth adjustment. Tilt lock. Tilt tension adjustment. Height adjustable arms. Black. Main Featur,Global Furniture Group,HIGH,[HIGH] model_code:'SKU prefix OTG' in sku->Global Furniture Group,Global Furniture Group,,APPROVE,,OTG11351AB,OTG,
9039328477497,ultra-armless-high-back-tilter-black,Ultra | Armless High Back Tilter Black,Brant Business Interiors,Unique back frame designed with wrap around mesh back High Back. Pneumatic seat height adjustment. Seat depth adjustment. Tilt lock. Tilt tension adjustment. Height adjustable arms. Black. Main Featur,NONE,UNKNOWN,no manufacturer signal; sku_prefix=none,NONE,,,,,,(no-sku)
9039374582073,workstation-u-shape,Workstation U Shape,Brant Business Interiors,Unique back frame designed with wrap around mesh back High Back. Pneumatic seat height adjustment. Seat depth adjustment. Tilt lock. Tilt tension adjustment. Height adjustable arms. Black. Main Featur,NONE,UNKNOWN,no manufacturer signal; sku_prefix=none,NONE,,,,,,(no-sku)
9039376023865,desk-u-shape-mlp205-1,Desk u-shape,Brant Business Interiors,"NEWLAND | ""U"" SHAPED SUITE - 72""W X 102""D Newland - simple and modular components combining classic design, quality and value to support a wide range of workspace applications. From private offices, o",NONE,UNKNOWN,no manufacturer signal; sku_prefix=NLP,NONE,,,,NLP321,NLP,NLP
9039381201209,unisource-promeltslice-ice-melting-compound-crystal-20-kg,Unisource PromeltSlice Ice Melting Compound - Crystal - 20 kg,Brant Business Interiors,Unique back frame designed with wrap around mesh back High Back. Pneumatic seat height adjustment. Seat depth adjustment. Tilt lock. Tilt tension adjustment. Height adjustable arms. Black. Main Featur,NONE,UNKNOWN,no manufacturer signal; sku_prefix=none,NONE,,,,,,(no-sku)
9039398764857,haag-shell-jacket-mens-4x-large-black-1,"Haag Shell Jacket, Men's, 4X-Large, Black",Brant Business Interiors,Unique back frame designed with wrap around mesh back High Back. Pneumatic seat height adjustment. Seat depth adjustment. Tilt lock. Tilt tension adjustment. Height adjustable arms. Black. Main Featur,NONE,UNKNOWN,no manufacturer signal; sku_prefix=none,NONE,,,,,,(no-sku)
9039399780665,haag-shell-jacket-mens-4x-large-black-2,"Haag Shell Jacket, Men's, 4X-Large, Black",Brant Business Interiors,Unique back frame designed with wrap around mesh back High Back. Pneumatic seat height adjustment. Seat depth adjustment. Tilt lock. Tilt tension adjustment. Height adjustable arms. Black. Main Featur,NONE,UNKNOWN,no manufacturer signal; sku_prefix=none,NONE,,,,,,(no-sku)
9039401713977,honor-roll-dsq-1824-pb-table-desk-square-leg-base-4-legs-x-24-table-top-width-x-18-table-top-depth-5-each,"Honor roll -dsq-1824-pb table desk - square leg base - 4 legs x 24"" table top width x 18"" table top depth 5 each — 18""",Brant Business Interiors,"Honor Roll series square-leg base table desk with a 24"" × 18"" work surface. Its compact footprint makes it a fit for training rooms, breakout spaces, touchdown stations, and child-sized work areas. Fo",NONE,UNKNOWN,no manufacturer signal; sku_prefix=none,NONE,,,,,,(no-sku)
9039403024697,1-1-2-drawer-high-lateral-cabinet-4,1 1/2 Drawer High Lateral Cabinet,Brant Business Interiors,"- 30"" x 19.3"" x 21.3"" - 2 x Drawer(s) for Box, File - L- 30"" x 19.3"" x 21.3"" - 2 x Drawer legal, Letter - Lateral - Welded, Eco-friendly, Ball-bearing Suspension, Recyclable, Interlocking, Durable, Ke",NONE,UNKNOWN,no manufacturer signal; sku_prefix=none,NONE,,,,,,(no-sku)
9039407841593,original-hydro-parkas-mens-medium-navy-blue,"Original ""Hydro"" Parkas, Men's, Medium, Navy Blue",Brant Business Interiors,Unique back frame designed with wrap around mesh back High Back. Pneumatic seat height adjustment. Seat depth adjustment. Tilt lock. Tilt tension adjustment. Height adjustable arms. Black. Main Featur,NONE,UNKNOWN,no manufacturer signal; sku_prefix=none,NONE,,,,,,(no-sku)
9098317070649,large-fire-water-safe-13-x-16-x-19-black-2,"Large fire/water safe 13"" x 16"" x 19"" - black — 13"" x 16"" x 19""",Brant Business Interiors,UL-listed 1-hour fire protection and verified waterproofing keep irreplaceable documents and digital media safe when it counts most. The Sentry Safe SFW082DTB delivers UL-listed 1-hour fire protection,Sentry Safe,HIGH,[HIGH] model_code:'SKU prefix SEN' in sku->Sentry Safe; [HIGH] direct_name_match:'specs.manufacturer=Sentry Group' in metafield->Sentry Safe,Sentry Safe,,APPROVE,,SENSFW082DTBSSC,SENSFW,
9098360783161,desk-2-drawer-48-x-24-x-29-1,"Desk - 2-drawer — 48"" x 24"" x 29""",Brant Business Interiors,Category Contemporary - Laminate Manufacturer Heartwood Manufacturing Ltd Manufacturer Ref MA112448GD Brand Heartwood Item Code: HTWMA112448GD Floating top adds style Durable laminate for carefree pro,Heartwood,HIGH,[HIGH] direct_name_match:'Manufacturer=Heartwood Manufacturing Ltd' in body->Heartwood; [HIGH] direct_name_match:'Brand=Heartwood' in body->Heartwood; [HIGH] model_code:'SKU prefix HTW' in sku->Heartwood; [HIGH] direct_name_match:'Heartwood' in body->Heartwood,Heartwood,,APPROVE,,HTWMA112448GD,HTWMA,
9098369335609,polycarbonate-chairmat-for-hard-floors-hard-floor-60x-46-1,"Polycarbonate chairmat for hard floors - hard floor — 60""x 46""",Brant Business Interiors,"Category Carpet Chair Mats Manufacturer Deflecto, LLC Manufacturer Ref CM21442FPC Brand deflecto Item Code : DEFCM21442FPC Transparent chairmat offers exceptional clarity and is extremely durable and ",deflecto,HIGH,"[HIGH] direct_name_match:'Manufacturer=Deflecto, LLC' in body->deflecto; [HIGH] direct_name_match:'Brand=deflecto' in body->deflecto; [HIGH] model_code:'SKU prefix DEF' in sku->deflecto",deflecto,,APPROVE,,DEFCM21442FPC,DEFCM,
9098379854137,reception-desk-84-x-84-1,"Reception desk — 84"" x 84""",Brant Business Interiors,Category Contemporary - Laminate Manufacturer Ref PS655 CP/WG Brand Links Contract Furniture Item Code: LCFPS655CPWG This reception desk will hold up to demanding values and provide solutions for a mu,Links Contract Furniture,HIGH,[HIGH] direct_name_match:'Brand=Links Contract Furniture' in body->Links Contract Furniture; [HIGH] model_code:'SKU prefix LCF' in sku->Links Contract Furniture,Links Contract Furniture,,APPROVE,,LCFPS655CPWG,LCFPS,
9098388799801,door-32-x-32-1,"Door — 32"" x 32""",Brant Business Interiors,"Doors Performance, choice and value are key statements that define the entire Innovations series Innovations is built and designed to last Quality office furniture, built for today's office Door kit f",Heartwood,HIGH,[HIGH] model_code:'SKU prefix HTW' in sku->Heartwood,Heartwood,,APPROVE,,HTWINV32BKDRS,HTWINV,
9099975065913,carpeted-floor-60x-46,"Carpeted floor — 60""x 46""",Brant Business Interiors,"Category Carpet Chair Mats Manufacturer Deflecto, LLC Manufacturer Ref CM15443F Brand deflecto Item Code: DEFCM15443F RollaMat Chairmat with no lip is ideal for the home office. The heavy vinyl is des",deflecto,HIGH,"[HIGH] direct_name_match:'Manufacturer=Deflecto, LLC' in body->deflecto; [HIGH] direct_name_match:'Brand=deflecto' in body->deflecto; [HIGH] model_code:'SKU prefix DEF' in sku->deflecto",deflecto,,APPROVE,,DEF06207,DEF,
9100254708025,carpeted-floor-48-x-60-1,"Carpeted floor — 48"" x 60""",Brant Business Interiors,"Category Carpet Chair Mats Manufacturer Deflecto, LLC Manufacturer Ref CM13433F Brand deflecto Item Code : DEFCM13433F",deflecto,HIGH,"[HIGH] direct_name_match:'Manufacturer=Deflecto, LLC' in body->deflecto; [HIGH] direct_name_match:'Brand=deflecto' in body->deflecto; [HIGH] model_code:'SKU prefix DEF' in sku->deflecto",deflecto,,APPROVE,,DEF06205,DEF,
9100256477497,l-shaped-medium-pile-chair-mat-with-lip-66-x-60-2,"L-shaped medium pile chair mat with lip — 66"" x 60""",Brant Business Interiors,"Category Carpet Chair Mats Manufacturer Deflecto, LLC Manufacturer Ref CM13083L Brand deflecto Item Code: DEFCM13083L Low carpet chair mat Easy-glide rolling surface provides smooth office chair movem",deflecto,HIGH,"[HIGH] direct_name_match:'Manufacturer=Deflecto, LLC' in body->deflecto; [HIGH] direct_name_match:'Brand=deflecto' in body->deflecto; [HIGH] model_code:'SKU prefix DEF' in sku->deflecto",deflecto,,APPROVE,,DEF02134,DEF,
9103169388857,electronic-lock-business-safes,Electronic lock business safes,Brant Business Interiors,"Category Safes Manufacturer Sentry Group Manufacturer Ref SFW123GDC Brand Sentry Safe Item Code: SENSFW123GDC Be it a confidential document or other valuables, preserve them in ultimate protection Go ",Sentry Safe,HIGH,[HIGH] direct_name_match:'Manufacturer=Sentry Group' in body->Sentry Safe; [HIGH] direct_name_match:'Brand=Sentry Safe' in body->Sentry Safe; [HIGH] model_code:'SKU prefix SEN' in sku->Sentry Safe,Sentry Safe,,APPROVE,,SENSFW123GDCSSC,SENSFW,
9103178924345,folding-table-60-x-30-1,"Folding table — 60"" x 30""",Brant Business Interiors,"Weatherproof design allows safe use both indoors and outdoors High-impact, polyethylene top resists scratches to maintain high quality Foldable design transports easily and allows convenient storage P",Heartwood,HIGH,[HIGH] model_code:'SKU prefix HTW' in sku->Heartwood,Heartwood,,APPROVE,,HTWTLT3096GN,HTWTLT,
9103179972921,folding-table-8,Folding table,Brant Business Interiors,"Weatherproof design allows safe use both indoors and outdoors High-impact, polyethylene top resists scratches to maintain high quality Foldable design transports easily and allows convenient storage P",Heartwood,HIGH,[HIGH] model_code:'SKU prefix HTW' in sku->Heartwood,Heartwood,,APPROVE,,HTWTLTR60GN,HTWTLTR,
9103180136761,folding-table-60-4,Folding chair,Brant Business Interiors,Convenient hand hold cutout Contains a minimum of 30% post-consumer recycled material. Maximum weight 110 kg (240 lbs). Textured polyethylene seat and back. Granite. Sold in a box of 6,Heartwood,HIGH,[HIGH] model_code:'SKU prefix HTW' in sku->Heartwood,Heartwood,,APPROVE,,HTWTLTFCB6GN,HTWTLTFCB,
9103180366137,safe-digital-fire-water-file,Safe digital fire/water file,Brant Business Interiors,Category Safes Manufacturer Sentry Group Manufacturer Ref FHW40300 Brand Sentry Safe Item Code : SENFHW40300NAFHRO Two built-in carrying handles for improved mobilityLow battery indicator ETL verified,Sentry Safe,HIGH,[HIGH] direct_name_match:'Manufacturer=Sentry Group' in body->Sentry Safe; [HIGH] direct_name_match:'Brand=Sentry Safe' in body->Sentry Safe; [HIGH] model_code:'SKU prefix SEN' in sku->Sentry Safe,Sentry Safe,,APPROVE,,SENFHW40300NAFHR,SENFHW,
9103180693817,safe-small-security-safe-with-electronic-lock-8-7-x-13-8-x-10-6-3,"Safe small security safe with electronic lock — 8.7"" x 13.8"" x 10.6""",Brant Business Interiors,Category Safes Manufacturer Sentry Group Manufacturer Ref X055 Brand Sentry Safe Item Code: SENX055 Offers convenient storage system for your valuables Features key locking system Electronic Security ,Sentry Safe,HIGH,[HIGH] direct_name_match:'Manufacturer=Sentry Group' in body->Sentry Safe; [HIGH] direct_name_match:'Brand=Sentry Safe' in body->Sentry Safe; [HIGH] model_code:'SKU prefix SEN' in sku->Sentry Safe,Sentry Safe,,APPROVE,,SENX055NOPROPLEF,SENX,
9103182364985,plexiglass-hanging-modesty-panel-48-width-x-15-height-2,"Plexiglass hanging modesty panel - 48"" width x 15"" height — 15""",Brant Business Interiors,Desk shell is part of the Heartwood Innovations Laminate Series that combines intelligent design and function with lasting durability The series offers high-quality construction with an abundance of c,Heartwood,HIGH,[HIGH] model_code:'SKU prefix HTW' in sku->Heartwood; [HIGH] direct_name_match:'Heartwood' in body->Heartwood,Heartwood,,APPROVE,,HTWINVLAYOUT15GD,HTWINVLAYOUT,
9103184265529,coat-tree-hook-stand-1,Coat tree hook stand,Brant Business Interiors,Category Coat/Garment Hooks Manufacturer SAFCO PRODUCTS Manufacturer Ref 4202 Brand Safco Item Code : SAF4202 Create a place where your garments always have a home with the Nail Head Coat Hooks. They ,Safco,HIGH,[HIGH] direct_name_match:'Manufacturer=SAFCO PRODUCTS' in body->Safco; [HIGH] direct_name_match:'Brand=Safco' in body->Safco; [HIGH] model_code:'SKU prefix SAF' in sku->Safco; [HIGH] direct_name_match:'SAFCO' in body->Safco,Safco,,APPROVE,,SAF4202,SAF,
9103185183033,dolly-7,Dolly,Brant Business Interiors,"Category Utility/Service Carts Manufacturer Global Upholstery Co., Inc Manufacturer Ref 6715 Brand Offices To Go Item Code: GLB6715 Polypropylene models can be stacked 34 high (standard 80"" door frame",Global Furniture Group,HIGH,"[HIGH] direct_name_match:'Manufacturer=Global Upholstery Co., Inc' in body->Global Furniture Group; [HIGH] direct_name_match:'Brand=Offices To Go' in body->Global Furniture Group; [HIGH] model_code:'SKU prefix GLB' in sku->Global Furniture Group; [HIGH] direct_name_match:'Global Upholstery' in body->Global Furniture Group; [MEDIUM] sub_brand:'Offices To Go' in body->Global Furniture Group",Global Furniture Group,Offices To Go,APPROVE,,GLB6715,GLB,
9103186002233,floor-chairmat-carpet-hard-floor-60-x-46,"Floor chairmat carpet, hard floor — 60"" x 46""",Brant Business Interiors,"Category Carpet Chair Mats Manufacturer Deflecto, LLC Manufacturer Ref CM23442FDUO Brand deflecto Item Code: DEFCM23442FDUO Stay-put, all-surface floor protection Designed for low-pile carpet and hard",deflecto,HIGH,"[HIGH] direct_name_match:'Manufacturer=Deflecto, LLC' in body->deflecto; [HIGH] direct_name_match:'Brand=deflecto' in body->deflecto; [HIGH] model_code:'SKU prefix DEF' in sku->deflecto",deflecto,,APPROVE,,DEF01471,DEF,
9103188459833,boat-shaped-conference-table-96-x-36-x-29,"Boat shaped conference table — 96"" x 36"" x 29""",Brant Business Interiors,"DESCRIPTION Conference Table is a perfect addition to an home or office where style, comfort, and functionality are combined Ideal & stylish look for your boardroom Boardroom tables are available for ",NONE,UNKNOWN,no manufacturer signal; sku_prefix=BURO,NONE,,,,BURO-CTBO 9636+ HB9636,BURO,BURO
9103328969017,security-safe-fire-resistant-50-5-x-26-5-1,"Security safe fire resistant — 50.5"" x 26.5""",Brant Business Interiors,"Category Safes Manufacturer Gardex, Inc Manufacturer Ref GX-4-21 Brand Gardex Item Code: GDXGX421 Offers convenient storage system for your valuables Define your own sequence of characters on the comb",Gardex,HIGH,"[HIGH] direct_name_match:'Manufacturer=Gardex, Inc' in body->Gardex; [HIGH] direct_name_match:'Brand=Gardex' in body->Gardex; [HIGH] model_code:'SKU prefix GDX' in sku->Gardex",Gardex,,APPROVE,,GDXGX421,GDXGX,
9103329820985,security-safe-39-x-26-5-x-26-5-1,"Security safe — 39"" x 26.5"" x 26.5""",Brant Business Interiors,"Category Safes Manufacturer Gardex, Inc Manufacturer Ref GX-3-21 Brand Gardex Item Code: GDXGX321 Be it a confidential document or other valuables, preserve them in ultimate protection No need to dist",Gardex,HIGH,"[HIGH] direct_name_match:'Manufacturer=Gardex, Inc' in body->Gardex; [HIGH] direct_name_match:'Brand=Gardex' in body->Gardex; [HIGH] model_code:'SKU prefix GDX' in sku->Gardex",Gardex,,APPROVE,,GDXGX321,GDXGX,
9103330115897,gardex-security-safe-fire-resistant-size-29-x-21-5-x-21-5-beige,"Gardex security safe- fire resistant -size 29"" x 21.5"" x 21.5"" - beige — 29"" x 21.5"" x 21.5""",Brant Business Interiors,"Category Safes Manufacturer Gardex, Inc Manufacturer Ref GX2-21 Brand Gardex Item Code: GDXGX221 Offers convenient storage system for your valuables Features combination locking system Features adjust",Gardex,HIGH,"[HIGH] direct_name_match:'Manufacturer=Gardex, Inc' in body->Gardex; [HIGH] direct_name_match:'Brand=Gardex' in body->Gardex; [HIGH] model_code:'SKU prefix GDX' in sku->Gardex",Gardex,,APPROVE,,GDXGX221,GDXGX,
9103331131705,gardex-security-safe-fire-resistant-24-x-18-5-x-18-5,"Gardex security safe - fire resistant — 24"" x 18.5"" x 18.5""",Brant Business Interiors,"Category Safes Manufacturer Gardex, Inc Manufacturer Ref GX-1-21 Brand Gardex Item Code: GDXGX121 Protects your valuables and give you peace of mind No need to distribute the security safe's key to ev",Gardex,HIGH,"[HIGH] direct_name_match:'Manufacturer=Gardex, Inc' in body->Gardex; [HIGH] direct_name_match:'Brand=Gardex' in body->Gardex; [HIGH] model_code:'SKU prefix GDX' in sku->Gardex",Gardex,,APPROVE,,GDXGX121,GDXGX,
9103337423161,round-table-x-base-5,Round table - x-base,Brant Business Interiors,"Newland 29""H Round Table - X-Base Designed with the demands of the modern office in mind, these multi-purpose tables bring people together by combining versatility and efficiency. With a range of tabl",Global Furniture Group,HIGH,[HIGH] model_code:'SKU prefix GLBN' in sku->Global Furniture Group,Global Furniture Group,,APPROVE,,GLBNL36RX,GLBNL,
9103339782457,casters-5-set-1,Casters- 5 / set,Brant Business Interiors,"Keep your chairs moving smoothly on hard floors without scratching the surface. The Global Upholstery C65RSET replacement caster set is a straightforward upgrade for office chairs used on vinyl, marbl",Global Furniture Group,HIGH,[HIGH] model_code:'SKU prefix GLBC' in sku->Global Furniture Group; [HIGH] direct_name_match:'Global Upholstery' in body->Global Furniture Group,Global Furniture Group,,APPROVE,,GLBC65RSET,GLBC,
9103344206137,chair-dolly-duet-chairs,Chair dolly (duet chairs),Brant Business Interiors,"Category Utility/Service Carts Manufacturer Global Upholstery Co., Inc Manufacturer Ref 6624 Brand Offices To Go Item Code : GLB6624 Stack chairs, with or without arms, with ease in a manner that allo",Global Furniture Group,HIGH,"[HIGH] direct_name_match:'Manufacturer=Global Upholstery Co., Inc' in body->Global Furniture Group; [HIGH] direct_name_match:'Brand=Offices To Go' in body->Global Furniture Group; [HIGH] model_code:'SKU prefix GLB' in sku->Global Furniture Group; [HIGH] direct_name_match:'Global Upholstery' in body->Global Furniture Group; [MEDIUM] sub_brand:'Offices To Go' in body->Global Furniture Group",Global Furniture Group,Offices To Go,APPROVE,,GLB6624,GLB,
9103347024185,craft-wedge-overtable-chrome-leg-1,Craft wedge overtable chrome leg,Brant Business Interiors,"Category Cafeteria & Breakroom Tables Manufacturer Global Upholstery Co., Inc Manufacturer Ref MVL13022 ACJ CM Brand Offices To Go Item Code: GLBMVL13022ACJCM Add a table to customize your look Fits o",Global Furniture Group,HIGH,"[HIGH] direct_name_match:'Manufacturer=Global Upholstery Co., Inc' in body->Global Furniture Group; [HIGH] direct_name_match:'Brand=Offices To Go' in body->Global Furniture Group; [HIGH] model_code:'SKU prefix GLBMV' in sku->Global Furniture Group; [HIGH] direct_name_match:'Global Upholstery' in body->Global Furniture Group; [MEDIUM] sub_brand:'Offices To Go' in body->Global Furniture Group",Global Furniture Group,Offices To Go,APPROVE,,GLBMVL13022ACJ,GLBMVL,
9103350169913,standing-desk-for-corner-desk-5,Standing desk for corner desk,Brant Business Interiors,"Category Monitor Stands/Risers Manufacturer 3M Manufacturer Ref SD80B Brand 3M Item Code : MMMSD80B Designed to fit 90° corner workstation. Gas assisted height adjustment provides smooth, quiet and co",3M,HIGH,[HIGH] direct_name_match:'Brand=3M' in body->3M; [HIGH] model_code:'SKU prefix MMM' in sku->3M,3M,,APPROVE,,MMM27880,MMM,
9103358984505,flip-top-table-48-x-24,"Flip-top table — 48"" x 24""",Brant Business Interiors,"Category Training Room Tables Manufacturer Global Upholstery Co., Inc Manufacturer Ref 76813 Brand Offices To Go Item Code: GLBML4824FTASN Flip top tables allow for easy storage and nesting Laminate t",Global Furniture Group,HIGH,"[HIGH] direct_name_match:'Manufacturer=Global Upholstery Co., Inc' in body->Global Furniture Group; [HIGH] direct_name_match:'Brand=Offices To Go' in body->Global Furniture Group; [HIGH] model_code:'SKU prefix GLBML' in sku->Global Furniture Group; [HIGH] direct_name_match:'Global Upholstery' in body->Global Furniture Group; [MEDIUM] sub_brand:'Offices To Go' in body->Global Furniture Group",Global Furniture Group,Offices To Go,APPROVE,,GLBML4824FTASN,GLBML,
9103363014969,workstation-96-x-50-x-29-4-person-station,"Workstation - 96"" x 50"" x 29"" (4 person station) — 96"" x 50"" x 29""",Brant Business Interiors,"Category Workstations/Computer Desks Manufacturer Global Upholstery Co., Inc Manufacturer Ref 76825 Brand Offices To Go Item Code: GLBMLP496ASN 4-person workstation Package contains combined workstati",Global Furniture Group,HIGH,"[HIGH] direct_name_match:'Manufacturer=Global Upholstery Co., Inc' in body->Global Furniture Group; [HIGH] direct_name_match:'Brand=Offices To Go' in body->Global Furniture Group; [HIGH] model_code:'SKU prefix GLBML' in sku->Global Furniture Group; [HIGH] direct_name_match:'Global Upholstery' in body->Global Furniture Group; [MEDIUM] sub_brand:'Offices To Go' in body->Global Furniture Group",Global Furniture Group,Offices To Go,APPROVE,,GLBMLP496ASN,GLBMLP,
9103460696377,file-buddy-swivel-stool-black-vinyl,File buddy swivel stool black — Vinyl,Brant Business Interiors,"Category Stools & Drafting Chairs Manufacturer Global Upholstery Co., Inc Brand Global Item Code: GLBMVL1105 Global® File Buddy™ Mobile Swivel Stools. The comfortable solution for filing and other tas",Global Furniture Group,HIGH,"[HIGH] direct_name_match:'Manufacturer=Global Upholstery Co., Inc' in body->Global Furniture Group; [HIGH] direct_name_match:'Brand=Global' in body->Global Furniture Group; [HIGH] model_code:'SKU prefix GLB' in sku->Global Furniture Group; [HIGH] direct_name_match:'Global Upholstery' in body->Global Furniture Group; [HIGH] model_code:'MVL1105 (MVL Ibex line)' in sku->Global Furniture Group",Global Furniture Group,,APPROVE,,GLB MVL1105,GLB,
9103471608121,electric-height-adjustable-standing-desk-workstation-4,Electric height adjustable standing desk workstation,Brant Business Interiors,"Category Workstations/Computer Desks Manufacturer Victor Technology, LLC Manufacturer Ref DC400 Brand Victor Item Code : VCTDC400 multipurpose desktop riser - Built to fit your needs and keep your equ",Victor,HIGH,"[HIGH] direct_name_match:'Manufacturer=Victor Technology, LLC' in body->Victor; [HIGH] direct_name_match:'Brand=Victor' in body->Victor; [HIGH] model_code:'SKU prefix VCT' in sku->Victor",Victor,,APPROVE,,VCT00400,VCT,
9103475704121,desktop-riser-black-2,Desktop riser — Black,Brant Business Interiors,"Category Workstations/Computer Desks Manufacturer Global Upholstery Co., Inc Manufacturer Ref MVL5230B0 Brand Offices To Go Item Code : GLBMVL5230B0 multipurpose desktop riser - Built to fit your need",Global Furniture Group,HIGH,"[HIGH] direct_name_match:'Manufacturer=Global Upholstery Co., Inc' in body->Global Furniture Group; [HIGH] direct_name_match:'Brand=Offices To Go' in body->Global Furniture Group; [HIGH] model_code:'SKU prefix GLBMV' in sku->Global Furniture Group; [HIGH] direct_name_match:'Global Upholstery' in body->Global Furniture Group; [MEDIUM] sub_brand:'Offices To Go' in body->Global Furniture Group",Global Furniture Group,Offices To Go,APPROVE,,GLBMVL5230B0,GLBMVL,
9113895928121,table-29-x-28-3,"Table — 29"" x 28""",Brant Business Interiors,"Category Cafeteria & Breakroom Tables Manufacturer Global Upholstery Co., Inc Manufacturer Ref DTS1828P BLK Brand Offices To Go Item Code: GLBDTS1828PBLK Lightweight and durable stacking tables Waterf",Global Furniture Group,HIGH,"[HIGH] direct_name_match:'Manufacturer=Global Upholstery Co., Inc' in body->Global Furniture Group; [HIGH] direct_name_match:'Brand=Offices To Go' in body->Global Furniture Group; [HIGH] model_code:'SKU prefix GLBD' in sku->Global Furniture Group; [HIGH] direct_name_match:'Global Upholstery' in body->Global Furniture Group; [MEDIUM] sub_brand:'Offices To Go' in body->Global Furniture Group",Global Furniture Group,Offices To Go,APPROVE,,GLBDTS1828PBLK,GLBDTS,
9113935479097,tables-dolly-8,Tables dolly,Brant Business Interiors,"Category Utility/Service Carts Manufacturer Global Upholstery Co., Inc Manufacturer Ref DTD20 Brand Global Item Code: GLBDTD20 High density mobile dolly Stacks up to 40 high Weight Capacity: 300 lbs. ",Global Furniture Group,HIGH,"[HIGH] direct_name_match:'Manufacturer=Global Upholstery Co., Inc' in body->Global Furniture Group; [HIGH] direct_name_match:'Brand=Global' in body->Global Furniture Group; [HIGH] model_code:'SKU prefix GLBD' in sku->Global Furniture Group; [HIGH] direct_name_match:'Global Upholstery' in body->Global Furniture Group",Global Furniture Group,,APPROVE,,GLBDTD20,GLBDTD,
9114029326649,table-29-x-28-5,"Table — 29"" x 28""",Brant Business Interiors,"Category Student Desks Manufacturer Global Upholstery Co., Inc Manufacturer Ref DTS1828P IVC Brand Global Item Code: GLBDTS1828PIVC Table is a perfect addition to an home or office where style, comfor",Global Furniture Group,HIGH,"[HIGH] direct_name_match:'Manufacturer=Global Upholstery Co., Inc' in body->Global Furniture Group; [HIGH] direct_name_match:'Brand=Global' in body->Global Furniture Group; [HIGH] model_code:'SKU prefix GLBD' in sku->Global Furniture Group; [HIGH] direct_name_match:'Global Upholstery' in body->Global Furniture Group",Global Furniture Group,,APPROVE,,GLBDTS1828PIVC,GLBDTS,
9114131923257,table-18x28,"Table — 18""x28""",Brant Business Interiors,"Category Student Desks Manufacturer Global Upholstery Co., Inc Manufacturer Ref DTS1828PG IVC Brand Global Item Code: GLBDTS1828PGIVC This table will hold up to demanding values and provide solutions ",Global Furniture Group,HIGH,"[HIGH] direct_name_match:'Manufacturer=Global Upholstery Co., Inc' in body->Global Furniture Group; [HIGH] direct_name_match:'Brand=Global' in body->Global Furniture Group; [HIGH] model_code:'SKU prefix GLBD' in sku->Global Furniture Group; [HIGH] direct_name_match:'Global Upholstery' in body->Global Furniture Group",Global Furniture Group,,APPROVE,,GLBDTS1828PGIVC,GLBDTS,
9114164527417,casters-2-5-set-1,"Casters - 2"" 5 / set — 2""",Brant Business Interiors,"Replacement casters that keep your Global chair rolling the way it should. When a caster wears out or breaks, the right replacement makes all the difference. This set of five 2"" black casters (model C",Global Furniture Group,HIGH,[HIGH] model_code:'SKU prefix GLBC' in sku->Global Furniture Group; [HIGH] direct_name_match:'Global Upholstery' in body->Global Furniture Group,Global Furniture Group,,APPROVE,,GLBC65SET,GLBC,
9114228523321,aktivity-rectangle-height-adjustable-table,Aktivity Rectangle Height Adjustable Table,Brant Business Interiors,"Available in the following sizes: 24"" x 24"", 24"" x 48"", 24"" x 60"" and 30"" x 60"" Available in the following heights: 17"" - 25"", 22"" - 30"" and 30"" - 42"" Maple high pressure scratch resistant laminate Si",NONE,UNKNOWN,no manufacturer signal; sku_prefix=MTY,NONE,,,,MTY-IS-AT2424,MTY,MTY
9114345603385,coffee-table-33-x-33-15-height-2,"Coffee table 33"" x 33"" 15"" height — 33"" x 33""",Brant Business Interiors,"Category Reception Area & Accent Tables Manufacturer Global Upholstery Co., Inc Manufacturer Ref 7889 Brand Global Item Code: GLB7889 Cafeteria Table is a perfect addition to an home/office where styl",Global Furniture Group,HIGH,"[HIGH] direct_name_match:'Manufacturer=Global Upholstery Co., Inc' in body->Global Furniture Group; [HIGH] direct_name_match:'Brand=Global' in body->Global Furniture Group; [HIGH] model_code:'SKU prefix GLB' in sku->Global Furniture Group; [HIGH] direct_name_match:'Global Upholstery' in body->Global Furniture Group",Global Furniture Group,,APPROVE,,GLB7889,GLB,
9114394001721,end-table-29-x-29-x-16,"End table — 29"" x 29"" x 16""",Brant Business Interiors,"Category Reception Area & Accent Tables Manufacturer Global Upholstery Co., Inc Manufacturer Ref ML2929CT ACJ AA Brand Offices To Go Item Code : GLBML2929CTACJ Keep your space tidy and organized with ",Global Furniture Group,HIGH,"[HIGH] direct_name_match:'Manufacturer=Global Upholstery Co., Inc' in body->Global Furniture Group; [HIGH] direct_name_match:'Brand=Offices To Go' in body->Global Furniture Group; [HIGH] model_code:'SKU prefix GLBML' in sku->Global Furniture Group; [HIGH] direct_name_match:'Global Upholstery' in body->Global Furniture Group; [MEDIUM] sub_brand:'Offices To Go' in body->Global Furniture Group",Global Furniture Group,Offices To Go,APPROVE,,GLBML2929CTACJ,GLBML,
9356367954233,polycarbonate-chairmat-for-hard-floors-hard-floor-60x-46-demo,"Polycarbonate Chairmat for Hard Floors - Hard Floor 60""x 46"" demo",Brant Business Interiors,"Category Carpet Chair Mats Manufacturer Deflecto, LLC Manufacturer Ref CM21442FPC Brand deflecto Item Code: DEFCM21442FPC Transparent chairmat offers exceptional clarity and is extremely durable and r",deflecto,HIGH,"[HIGH] direct_name_match:'Manufacturer=Deflecto, LLC' in body->deflecto; [HIGH] direct_name_match:'Brand=deflecto' in body->deflecto",deflecto,,APPROVE,,,,
9451061805369,metal-folding-chair,Metal Folding Chair,Brant Business Interiors,Product Details Priced per 4 chairs This durable folding chair comes in a tan finish with a metal frame and padded vinyl back and seat. Features: Colour: Tan Vinyl padded seat and back Durable metal f,Office Star Products,HIGH,[HIGH] model_code:'SKU prefix OSP' in sku->Office Star Products,Office Star Products,,APPROVE,,OSP-FF23324V,OSP,
9455162884409,desk-double-pedestal,Desk double pedestal,Brant Business Interiors,Box/box/file and file/file pedestal positions are reversible,NONE,UNKNOWN,no manufacturer signal; sku_prefix=NLP,NONE,,,,NLP109,NLP,NLP
9455233368377,desk-l-shape-with-drawers,Desk l-shape with drawers,Brant Business Interiors,"NEWLAND | ""L"" SHAPED DESK WITH PEDESTAL - 66""W X 66""D Newland - simple and modular components combining classic design, quality and value to support a wide range of workspace applications. From privat",NONE,UNKNOWN,no manufacturer signal; sku_prefix=none,NONE,,,,,,(no-sku)
9455249195321,table-desk-13-colour-options,Table desk 13 colour options — 13 colour,Brant Business Interiors,"""L"" SHAPED DESK - 72""W X 72""D Simple and modular components combining classic design, quality and value to support a wide range of workspace applications. From private offices, open plan, meeting and ",NONE,UNKNOWN,no manufacturer signal; sku_prefix=NLP,NONE,,,,NLP224 WCR,NLP,NLP
9462257615161,the-foster-recliner,The Foster Recliner,Brant Business Interiors,"The Foster Patient Recliner offers features that speak to the emphasis placed on the patient experience, such as, sloped arms, rounded arm caps for ingress and egress optimization, passive built-in lu",Allseating,HIGH,[HIGH] model_code:'SKU prefix ALLSE' in sku->Allseating,Allseating,,APPROVE,Recliners,Allseating F7115-GR-RL-PS-DC-KD-AS-F-OKELP-F-OKELP,ALLSEATING,
9469546103097,management-l-shaped-suite-66w-x-72d,"Management ""l"" shaped suite - 66""w x 72""d — 72""",Brant Business Interiors,"MANAGEMENT ""L"" SHAPED SUITE - 66""W X 72""D Newland - simple and modular components combining classic design, quality and value to support a wide range of workspace applications. From private offices, o",Global Furniture Group,HIGH,[HIGH] model_code:'SKU prefix GLB' in sku->Global Furniture Group,Global Furniture Group,,APPROVE,,GLB NLP234,GLB,
9469554262329,indoor-planter,Indoor planter,Brant Business Interiors,Bring the outdoors in Bring the outdoors in to establish and maintain a positive connection with nature in the office! The Viro modular plant wall provides necessary privacy while improving the air qu,NONE,UNKNOWN,no manufacturer signal; sku_prefix=WS,NONE,,,,WS48-PLANTER/B,WS,WS
9499674050873,u-shape-height-adjust-desk,U-shape height adjust desk,Brant Business Interiors,"A U-shape workstation that moves with the work — sit, stand, and spread out in a configuration built for full-day output. The Innovations U-Shape Height Adjust Desk gives private-office and executive ",NONE,UNKNOWN,no manufacturer signal; sku_prefix=INNO,NONE,,,,INNO-LAYOUT 67,INNO,INNO
9664277971257,high-back-tilter-with-arms,High back tilter with arms,Brant Business Interiors,Upholstery Options: Luxhide: Available in various colors,NONE,UNKNOWN,no manufacturer signal; sku_prefix=none,NONE,,,,,,(no-sku)
9664282657081,altona-high-back-leather-tilter,Altona | high back leather tilter,Brant Business Interiors,"Altona | High Back Leather Tilter Altona is the go-to choice for management and conference rooms. It's the perfect blend of style, functionality and value with special detailing to ensure comfort and ",Global Furniture Group,HIGH,[HIGH] model_code:'SKU prefix OTG' in sku->Global Furniture Group,Global Furniture Group,,APPROVE,,OTG11616B,OTG,
9664286523705,tl-high-back-multi-tilter,Tl | high back multi-tilter,Brant Business Interiors,infinite position tilt lock tilt tension adjustment independent back and seat angle adjustment side activated sliding seat depth adjustment height adjustable lumbar support pneumatic seat height adjus,Global Furniture Group,HIGH,[HIGH] model_code:'SKU prefix MVL' in sku->Global Furniture Group,Global Furniture Group,,APPROVE,,MVL6070HA,MVL,
9665393262905,height-adjustable-l-shape-71x71,"Height adjustable l-shape — 71""x71""",Brant Business Interiors,Includes INV-362472ECM Non-Handed Extended Corner Module INV-2436TOP 36” Rectangular Top ATH-E1-3LEG Athena 3 Leg Base INV-MP1-1566PLX Plexiglass Hanging Modesty Panel 100-MMPF Metal Mobile Pedestal -,NONE,UNKNOWN,no manufacturer signal; sku_prefix=HDL,NONE,,,,HDL-HT-ADJ-LAYOUT #7,HDL,HDL
9665415807289,dual-sided-height-adjustable-table,Dual sided height adjustable table,Brant Business Interiors,"STANDARD FEATURES • Super quiet, dual synchronized motor; less than 48db noise • Anti-collision protection • Optional upgraded controller displaying exact height with 4 preset height settings • Black ",NONE,UNKNOWN,no manufacturer signal; sku_prefix=WS,NONE,,,,WS48 AGE2DSD126/#_F INV2448TOP,WS,WS
9665634435385,ionic-feet-1-pair,Ionic feet (1 pair),Brant Business Interiors,OTG | Flat Foot Kit - Pack of 2 Sold in pairs Use to create a freestanding divider These feet are only for IONIC Panels,Global Furniture Group,HIGH,[HIGH] model_code:'SKU prefix GLO' in sku->Global Furniture Group; [MEDIUM] sub_brand:'OTG' in body->Global Furniture Group,Global Furniture Group,OTG,APPROVE,,GLO-MLDFFKP,GLO,
9665676181817,clamp-on-power-bar-and-usb-charging-station,Clamp-on power bar and USB charging station,Brant Business Interiors,"Combine your charging station and power bar to optimize your office space. This ergonomic and easy-to-install power bar is equipped with three 120 V outlets, one USB-A outlet, one USB-C outlet with pl",NONE,UNKNOWN,no manufacturer signal; sku_prefix=RIC,NONE,,,,RIC-23213030,RIC,RIC
9665682669881,charging-station-with-a-clamp,Charging station with a clamp,Brant Business Interiors,This triple outlet power strip with a clamp and a USB port organizes your workspace. It is simple to install.,NONE,UNKNOWN,no manufacturer signal; sku_prefix=RIC,NONE,,,,RIC-OME0023A1U1C90,RIC,RIC
9665685782841,vesta-power-tower,Vesta power tower,Brant Business Interiors,"Portable Power Tower, 3 Power Outlets, 2 USB-A & 1 USB-C Charging Ports (PPVST3WF)",Global Furniture Group,HIGH,[HIGH] model_code:'SKU prefix GLO' in sku->Global Furniture Group,Global Furniture Group,,APPROVE,,GLO-PPVST3WF,GLO,
9666375647545,bar-height-table,Bar height table,Brant Business Interiors,"Bar Height Table Metal Base available in Square or Round Base available in 3 colours: Black, Silver & White 8 Colours Base Height: 41"" Top Thickness 1""=42"" High Chairs not included The round base incl",NONE,UNKNOWN,no manufacturer signal; sku_prefix=none,NONE,,,,900-SQU20BARSIL-INVSQ24,,(no-sku)
9666387116345,danio-armless-height-adjustable-task-stool,Danio | armless height adjustable task stool,Brant Business Interiors,MVL2723 Danio | Armless Height Adjustable Task Stool Task mechanism Seat depth adjustment Hinged back with scuff resistant outer shroud Height adjustable back Thick foam and decorative stitch details ,Global Furniture Group,HIGH,[HIGH] model_code:'SKU prefix MVL' in sku->Global Furniture Group; [HIGH] model_code:'MVL2723 (MVL Ibex line)' in sku->Global Furniture Group; [HIGH] model_code:'MVL2723 (MVL Ibex line)' in body->Global Furniture Group,Global Furniture Group,,APPROVE,,MVL2723,MVL,
9666387476793,yoho-armless-drafting-task-chair-stool,Yoho | armless drafting task chair stool,Brant Business Interiors,Yoho | Armless Drafting Task Chair Task mechanism Seat depth adjustment Comfortable compound curved back Dual wheel carpet casters Height adjustable chromed footrest Pneumatic seat height adjustment O,Global Furniture Group,HIGH,[HIGH] model_code:'SKU prefix GLO' in sku->Global Furniture Group; [HIGH] model_code:'MVL2796 (MVL Ibex line)' in sku->Global Furniture Group,Global Furniture Group,,APPROVE,,GLO-MVL2796,GLO,
9666433220921,dual-monitor-arm,Dual monitor arm,Brant Business Interiors,"Fellowes Platinum Mounting Arm for Monitor - Silver - 2 Display(s) Supported 27"" Screen Support - 18.14 kg Load Capacity In Stock Category Monitor Arms Manufacturer Fellowes, Inc. Increase valuable de",NONE,UNKNOWN,no manufacturer signal; sku_prefix=none,NONE,,,,,,(no-sku)
9666433515833,triple-monitor-arm,Triple monitor arm,Brant Business Interiors,"Fellowes Platinum Series Triple Monitor Arm - 3 Display(s) Supported90"" Screen Support - 27.22 kg Load Capacity - 1 Each Increase valuable desk space and easily adjust your monitor to reduce eye, neck",Fellowes,HIGH,[HIGH] model_code:'SKU prefix FEL' in sku->Fellowes,Fellowes,,APPROVE,,FEL8042601,FEL,
9666433876281,keyboard-tray-multi-position,Keyboard tray multi position,Brant Business Interiors,Features Legato Arm Mechanism lift n’ lock TM “leverless” height adjustment 8.88” height adjustment range of 2.38” above and 6.5” below worksurface innovative dial tilt makes angle adjustment quick an,NONE,UNKNOWN,no manufacturer signal; sku_prefix=HZN,NONE,,,,HZN-JV01,HZN,HZN
9666434138425,keyboard-tray-multi-adjustable,Keyboard tray multi adjustable,Brant Business Interiors,Features Legato Arm Mechanism lift n’ lockTM “leverless” height adjustment 8.88” height adjustment range of 2.38” above and 6.5” below worksurface innovative dial tilt makes angle adjustment quick and,NONE,UNKNOWN,no manufacturer signal; sku_prefix=HZN,NONE,,,,HZN-ECA EB02,HZN,HZN
9666435449145,jax-keyboard-tray,Jax keyboard tray,Brant Business Interiors,"The NEW JAX Sit to Stand is the most innovative keyboard arm in the market. It rises above the desk more than any other to allow typing standing up,and is supplied with a 21.75” fully storable track. ",NONE,UNKNOWN,no manufacturer signal; sku_prefix=RIC,NONE,,,,RIC5008479C3,RIC,RIC
9666436006201,easy-pull-in-out-keyboard-tray,Easy pull in & out keyboard tray,Brant Business Interiors,"Large 28"" keyboard and mouse surface Low profile platform maximizes knee clearance Wrist rest included for extra comfort",NONE,UNKNOWN,no manufacturer signal; sku_prefix=HZNKL,NONE,,,,HZNKL28SG27,HZNKL,HZNKL
9666746384697,granada-deluxe-high-back-multi-tilter-1170-3-2,Granada deluxe high back multi-tilter (1170-3) — 1170-3,Brant Business Interiors,"Tension Adjustment: Increase or decrease to match body weight. Allows you to rock comfortably, without heavy pushing, reducing muscle fatigue. Chair Tilt Lock: Lock the tilt movement in position(s) to",Global Furniture Group,HIGH,[HIGH] model_code:'SKU prefix GLB' in sku->Global Furniture Group,Global Furniture Group,,APPROVE,,GLB11703,GLB,
9666752053561,echo-3670-3-task-chair,Echo 3670-3 task chair,Brant Business Interiors,"Ergonomic seating solution with adjustable features, allows individual users to customize the fit of the chair for their own body proportions. Standard with back/lumbar height and angle adjustment, se",Global Furniture Group,HIGH,[HIGH] model_code:'SKU prefix GLB' in sku->Global Furniture Group,Global Furniture Group,,APPROVE,,GLB36703,GLB,
9666752708921,echo-medium-back-multi-tilter-3671-3-1,Echo medium back multi-tilter (3671-3) — 3671-3,Brant Business Interiors,"Ergonomic seating solution with adjustable features, allows individual users to customize the fit of the chair for their own body proportions. Standard with back/lumbar height and angle adjustment, se",Global Furniture Group,HIGH,[HIGH] model_code:'SKU prefix GLB' in sku->Global Furniture Group,Global Furniture Group,,APPROVE,,GLB-36713,GLB,
9666753855801,loover-high-back-synchro-tilter,Loover high back synchro tilter,Brant Business Interiors,"5 casters provide easy mobility, allowing you to move the chair conveniently Executive Chair offers a perfect blend of comfort and contemporary design 5-star makes chair a durable chair that complemen",Global Furniture Group,HIGH,[HIGH] model_code:'SKU prefix GLB' in sku->Global Furniture Group,Global Furniture Group,,APPROVE,,GLB-26618,GLB,
9666754675001,loover-medium-back-synchro-tilter-chair,Loover medium back synchro tilter chair,Brant Business Interiors,"5 casters provide easy mobility, allowing you to move the chair conveniently Executive Chair is Ideal for both professional and casual settings 5-star provides a comfortable seating solution for offic",Global Furniture Group,HIGH,[HIGH] model_code:'SKU prefix GLB' in sku->Global Furniture Group,Global Furniture Group,,APPROVE,,GLB26628,GLB,
9666758738233,six-13-medium-back-multi-tilter,Six 13 | medium back multi-tilter,Brant Business Interiors,OTG11613B Six 13 | Medium Back Multi-Tilter Multi-tilter mechanism Infinite position tilt lock control Tilt tension adjustment Infinite position back angle and seat angle adjustments Height adjustable,Global Furniture Group,HIGH,[HIGH] model_code:'SKU prefix GLB' in sku->Global Furniture Group,Global Furniture Group,,APPROVE,,GLB-OTG11613B,GLB,
9666759852345,lumi-high-back-synchro-tilter-chair,Lumi | high back synchro-tilter chair,Brant Business Interiors,"OTG11357 Lumi | High Back Synchro-Tilter Designed to seamlessly blend with any environment, Lumi features an elegant contoured back frame design with a breathable, high transparency mesh. With many er",Global Furniture Group,HIGH,[HIGH] model_code:'SKU prefix GLO' in sku->Global Furniture Group,Global Furniture Group,,APPROVE,,GLO-OTG11357,GLO,
9667590029625,arm-chair,Arm Chair,Brant Business Interiors,"Subtle grace and affordable comforts are guaranteed with the Pacific Arm Chair from Avenue Six. This club style chair is designed with a contemporary edge in high performance, easy care vinyl. Equippe",Office Star Products,HIGH,[HIGH] model_code:'SKU prefix OSP' in sku->Office Star Products,Office Star Products,,APPROVE,,OSP-PAC51 - R101,OSP,
9667665985849,2-seater-couch,2 Seater Couch,Brant Business Interiors,"Overall Dimensions: 51.5""W x 31""D x 29.5""H Seat: 42""W x 20.5""D Back: 42.25""W x 12""H Seat height: 18"" Vinyl Upholstery Chrome finish legs Foam Cushions Box spring support for durability and comfort",Office Star Products,HIGH,[HIGH] model_code:'SKU prefix OSP' in sku->Office Star Products,Office Star Products,,APPROVE,,OSP-PAC52 R107,OSP,
9667675881785,3-seater-sofa,3 Seater Sofa,Brant Business Interiors,"Overall Size: 72.75""W x 31.5""D x 29.5""H Seat Size: 63""W x 20.5""D Back Size: 63""W x 12""H Seat Height: 18"" Vinyl Upholstery Chrome finish legs Foam Cushions Box spring support for durability and comfort",Office Star Products,HIGH,[HIGH] model_code:'SKU prefix OSP' in sku->Office Star Products,Office Star Products,,APPROVE,,OSP PAC53 R107,OSP,
9667777626425,stacking-chair-popcorn-6711,Stacking chair popcorn — 6711,Brant Business Interiors,"Duet is a high-density stacking chair that is easy to connect, quick to stack and simple to store. Frame is made from durable solid steel rod available in chrome only. Polypropylene seat and backs wit",Global Furniture Group,LOW,[LOW] designer:'Zooey Chu' in body->Global Furniture Group,Global Furniture Group,,,,6621,,
9667781034297,stacking-chair-sonic-6508,Stacking chair sonic — 6508,Brant Business Interiors,"Sonic is ideal for meeting rooms, office guest seating, food facilities, lecture halls, and just about anywhere. The series is offered with or without arms, with or without casters, polypropylene, uph",NONE,UNKNOWN,no manufacturer signal; sku_prefix=none,NONE,,,,6508,,(no-sku)
9667787161913,stacking-chair-sas-10-plus-colours,Stacking chair sas (10 plus colours),Brant Business Interiors,Meet Sas™. Rich grains and gently molded curves invite people to sit and gather for casual conversations. The collection includes side chairs and stools with or without an upholstered seat. A choice o,Global Furniture Group,HIGH,[HIGH] model_code:'SKU prefix GLO' in sku->Global Furniture Group,Global Furniture Group,,APPROVE,,GLO8647,GLO,
9667794239801,guest-chair-6960-moda,Guest chair 6960 moda,Brant Business Interiors,"Introducing Moda™. Fashion is forward in this beautifully executed seating series designed by Sava Cvek. The Polished Aluminum frame can be specified with a mix of leg finishes, including woodgrain te",Global Furniture Group,HIGH,[HIGH] model_code:'SKU prefix GLO' in sku->Global Furniture Group,Global Furniture Group,,APPROVE,,GLO 6960 Cloud,GLO,
9667812786489,bookcase-metal-2-size-options,Bookcase metal 2 size options — 2 size,Brant Business Interiors,Economical and sturdy metal bookcase is available in a range of colours. Three adjustable shelves and one fixed bottom shelf Load capacity per shelf of 85 lbs evenly distributed,Global Furniture Group,HIGH,[HIGH] model_code:'SKU prefix GLO' in sku->Global Furniture Group,Global Furniture Group,,APPROVE,,GLO-MVLBC36-5,GLO,
9667825598777,gas-lift-monitor-riser,Gas lift monitor riser,Brant Business Interiors,"Desk riser allows you to go from sitting to standing with ease. Stop at any position from 6-1/4"" x 19-1/2"" when adjusting the height. Desk riser operates with a double gas-spring monitor lift for smoo",NONE,UNKNOWN,no manufacturer signal; sku_prefix=SPR,NONE,,,,SPR-LLR99554,SPR,SPR
9667830776121,lotus-dx-sit-stand-workstation-dual-monitor-arm-extra,Lotus dx sit-stand workstation (dual monitor arm extra),Brant Business Interiors,The Lotus DX takes your workstation to the next level with a built-in charging station with wireless charging stand that makes staying productive effortless Patent-pending Smooth Lift Technology™ keep,Fellowes,HIGH,[HIGH] model_code:'SKU prefix FEL' in sku->Fellowes,Fellowes,,APPROVE,,FEL8080201,FEL,
9667868524857,soft-pods,Soft pods,Brant Business Interiors,The all NEW SOFTPOD Please contact our Furniture Dept for more information. furnorders@officecentral.com,NONE,UNKNOWN,no manufacturer signal; sku_prefix=SOFT,NONE,,,,Soft Pods-1,SOFT,SOFT
9669947326777,reception-unit-72x72,"L shape reception unit 72""x72"" 15B — 72""x72""",Brant Business Interiors,Desk shell is part of the Innovations Laminate Series that combines intelligent design and function with lasting durability The series offers high-quality construction with an abundance of components ,NONE,UNKNOWN,no manufacturer signal; sku_prefix=HDL,NONE,,,,HDL-Layout # 15,HDL,HDL
9673683566905,end-table-chrome,End table — Chrome,Brant Business Interiors,"FEATURES SPECS WST09 •Modular in design •Durable laminate, scratch resistant surface •Modern chrome frame • Skid-free floor caps • Simple assembly Overall Size: 22” W x 15.75” D x 18.5” H Carton Weigh",Office Star Products,HIGH,[HIGH] model_code:'SKU prefix OSP' in sku->Office Star Products,Office Star Products,,APPROVE,,OSP-WST09-WH,OSP,
9673690317113,coffee-table-chrome,Coffee table — Chrome,Brant Business Interiors,"FEATURES SPECS WST12 •Modular in design • Durable laminate, scratch resistant surface • Modern chrome frame • Skid-free floor caps • Simple assembly • FOR INDOOR RESIDENTIAL & COMMERCIAL USE Overall S",Office Star Products,HIGH,[HIGH] model_code:'SKU prefix OSP' in sku->Office Star Products,Office Star Products,,APPROVE,,OSP-WST12WH,OSP,
9673698214201,round-table-glass-top-1,Round table glass top,Brant Business Interiors,FEATURES SPECS Nickel Brush/Glass Top (-NB) MG0920R-NB • Round clear glass tempered table top • Metal frame in nickel brush • Ready to assemble Overall Size: 20” W x 20” D x 20” H Carton Weight: 18 lb,Office Star Products,HIGH,[HIGH] model_code:'SKU prefix OSP' in sku->Office Star Products,Office Star Products,,APPROVE,,OSP-MG0920R-NB,OSP,
9673700376889,end-table-glass-top,End table glass top,Brant Business Interiors,FEATURES SPECS MG0922S-NB • Square clear glass tempered table top • Metal frame in nickel brush • Ready to assemble Overall Size: 22” W x 22” D x 20” H Carton Weight: 24 lbs,Office Star Products,HIGH,[HIGH] model_code:'SKU prefix OSP' in sku->Office Star Products,Office Star Products,,APPROVE,,OSP-MG0922S-NB,OSP,
9674747117881,upscale-meeting-boardroom-tables-3-sizes-8-colours,"Upscale meeting / boardroom tables 3 sizes, 8 colours — 3 sizes",Brant Business Interiors,"The sturdy all-metal base provides a stable surface for any application. • Whether it’s round 36” tops in a break room or a 192 x 48” racetrack top boardroom table, Upscale will get the job done Easy ",NONE,UNKNOWN,no manufacturer signal; sku_prefix=HDL,NONE,,,,HDL-INV-REC9648-MUP,HDL,HDL
9674761797945,upscale-table-1,Upscale table,Brant Business Interiors,A clean-lined café and breakroom table built to hold up through daily use without taking over the room. The UPSCALE Table combines a sturdy extruded aluminum frame with a refined commercial design tha,NONE,UNKNOWN,no manufacturer signal; sku_prefix=HDL,NONE,,,,HDL-INV-R36-MUPBLK,HDL,HDL
9676171379001,wind-lounge-seating,Wind lounge seating,Brant Business Interiors,"Classic, contemporary and refined are the words most often used to describe the WindTM lounge seating series. The simple geometry and slim proportions create a relaxed and open atmosphere even when sp",Global Furniture Group,HIGH,[HIGH] model_code:'SKU prefix GLO' in sku->Global Furniture Group,Global Furniture Group,,APPROVE,,GLO-3361,GLO,
9676178981177,ml-series-lounge-chair,Ml series lounge chair,Brant Business Interiors,"ML™ is a contemporary interpretation of classic minimalist style and well suited to reception areas, modern offices and hospitality applications. The series which includes lounge chairs, dining chairs",Global Furniture Group,HIGH,[HIGH] model_code:'SKU prefix GLO' in sku->Global Furniture Group,Global Furniture Group,,APPROVE,,GLO-ML2630,GLO,
9676180488505,ml-bar-stool,Ml bar stool,Brant Business Interiors,"ML™ is a contemporary interpretation of classic minimalist style and well suited to reception areas, modern offices and hospitality applications. The series which includes lounge chairs, dining chairs",Global Furniture Group,HIGH,[HIGH] model_code:'SKU prefix GLO' in sku->Global Furniture Group,Global Furniture Group,,APPROVE,,GLO-ML171733,GLO,
9676187631929,planters,Planters,Brant Business Interiors,Princeton is a freestanding and fully modular collection offering maximum flexibility; ease of installation and facilitates simple reconfigurations. 3 Pot Dimensions: W42 x D12 x H29 IN. 5 Pot Dimensi,Global Furniture Group,HIGH,[HIGH] model_code:'SKU prefix GLO' in sku->Global Furniture Group,Global Furniture Group,,APPROVE,,GLO-PN4229PL,GLO,
9676929270073,banquet-chair-stacking,Banquet chair stacking,Brant Business Interiors,Description Horizon's “New” armless stacking chair is a multi-functional banquet chair which can be used at an array of venues. Ideal for easy storage and 10 high stack capacity (optional dollies avai,NONE,UNKNOWN,no manufacturer signal; sku_prefix=HZN,NONE,,,,HZN-A117V,HZN,HZN
9676931498297,recycled-plastic-picnic-tables,Recycled plastic picnic tables,Brant Business Interiors,"Description 100% recycled plastic Guaranteed not to rust or crack, eliminating the need for component replacement Mold-in colour feature means no painting is ever required Impervious to graffiti, dirt",NONE,UNKNOWN,no manufacturer signal; sku_prefix=SCN,NONE,,,,scn-nd426,SCN,SCN
9680085844281,round-table-29-high,"Round table 29"" high — 29""",Brant Business Interiors,"1"" Table Top Material: Polyvinyl Chloride (PVC) Edge, Metal Leg - Finish: Powder Coated Black Base Colours: 8 Colours Height: 30""",NONE,UNKNOWN,no manufacturer signal; sku_prefix=HDL,NONE,,,,HDL-R36RT900CROSS30,HDL,HDL
9682147737913,student-chair-4-sizes-1,Student Chair 4 sizes,Brant Business Interiors,"Honor Roll 4-Leg Stacking Chair is developed for use in any learning environment. It is the only chair on the market that can stack fifteen chairs high freestanding, locking into one another when stac",NONE,UNKNOWN,no manufacturer signal; sku_prefix=C,NONE,,,,C-HR-4LEG12,C,C
9682149048633,student-chair-4-sizes-copy,Student Chair 4 sizes,Brant Business Interiors,"The Air 4-Leg Stacking Chair was developed for use in any learning environment. It can stack five chairs high freestanding, locking into one another when stacked for stability. For volume orders, plea",NONE,UNKNOWN,no manufacturer signal; sku_prefix=C,NONE,,,,C-AIR-4LEG12,C,C
9682150621497,student-chair-4-sizes,Student Chair 4 sizes,Brant Business Interiors,"The Savvy 4-Leg Stacking Chair was developed for use in any learning environment. It can stack five chairs high freestanding, locking into one another when stacked for stability. Designed with a built",NONE,UNKNOWN,no manufacturer signal; sku_prefix=C,NONE,,,,C-SVY-4LEG12,C,C
9682495111481,student-desk,Student Desk,Brant Business Interiors,"The Honor Roll Square Leg Desk with Closed Book Box is attractive, sturdy and durable. A budget-minded desk for all grade levels. Legs are welded to the book box providing strength and stability. Hard",NONE,UNKNOWN,no manufacturer signal; sku_prefix=DSQ,NONE,,,,DSQ1824OAKBLK,DSQ,DSQ
9682497536313,student-desk-1,Student Desk,Brant Business Interiors,"Duet high density multi-purpose stacking tables, 29""w x 25""d x 28""h Duet stacking tables for post-secondary and adult levels are easy to configure, stack and store Can quickly transition from classroo",NONE,UNKNOWN,no manufacturer signal; sku_prefix=DTS,NONE,,,,DTS1828P,DTS,DTS
9682812207417,boulevard-system-3,Boulevard system 3,Brant Business Interiors,Boulevard System 3 Disregard Pricing,NONE,UNKNOWN,no manufacturer signal; sku_prefix=none,NONE,,,,,,(no-sku)
9682813813049,diet,Diet,Brant Business Interiors,"Diet Create any size, any colour Made in Canada Disregard Pricing.",NONE,UNKNOWN,no manufacturer signal; sku_prefix=none,NONE,,,,,,(no-sku)
9683059179833,table-round-height-adjustable,Table round height adjustable,Brant Business Interiors,"Available in the following sizes: 48"" and 60"" Diameter Available in the following heights: 17"" - 25"", 22"" - 30"" and 30"" - 42"" Maple high pressure scratch resistant laminate Silver 3mm vinyl bonded edg",NONE,UNKNOWN,no manufacturer signal; sku_prefix=MTY,NONE,,,,MTY-AT48RMPL,MTY,MTY
9683080249657,horseshoe-study-table-height-adjustable-c-shape-horseshoe-1,Horseshoe study table height adjustable c-shape horseshoe,Brant Business Interiors,"Available in the following sizes: 36"" x 60"" and 48"" x 72"" Available in the following heights: 17"" - 25"", 22"" - 30"" and 30"" - 42"" Maple high pressure scratch resistant laminate Silver 3mm vinyl bonded ",NONE,UNKNOWN,no manufacturer signal; sku_prefix=MTY,NONE,,,,MTY-IS-ATC#3660,MTY,MTY
9683089654073,pod-phone-booths,Pod phone booths,Brant Business Interiors,"POD (Privacy on Demand) is a family of products that are designed for occasional, short-duration privacy from the open plan. It supports technology and helps shape an environment where people want to ",NONE,UNKNOWN,no manufacturer signal; sku_prefix=none,NONE,,,,,,(no-sku)
9683134611769,ultima-adjustable-stool,Ultima adjustable stool,Brant Business Interiors,"Adjustable height 20"" - 26"" Seat backing steel plate for additional strength Fully welded frame Available in a range of seat colours Durable powder coat finish, for the sake of the environment Black f",NONE,UNKNOWN,no manufacturer signal; sku_prefix=MTY,NONE,,,,MTY- IS-S2026,MTY,MTY
9683142836537,metal-desk-laminate-top,Metal desk laminate top,Brant Business Interiors,"The 24"" x 60"" Apex teachers desk is completely mobile and features integral wire management, a modesty panel and a locking box box file pedestal - everything the busy teacher needs! Maple high pressur",NONE,UNKNOWN,no manufacturer signal; sku_prefix=MTY,NONE,,,,MTY-IS-AP2460.BBF.MOD,MTY,MTY
9683498795321,sonoma,Sonoma,Brant Business Interiors,"Sonoma™ patient and resident room furniture was developed with the help of healthcare professionals, designers and patients to meet the evolving needs of people in care. Sonoma bedside cabinets suppor",NONE,UNKNOWN,no manufacturer signal; sku_prefix=SANOMA,NONE,,,,Sanoma,SANOMA,SANOMA
9683645563193,ryno-patio-furniture-waterproof-polyethylene,Ryno patio furniture waterproof polyethylene,Brant Business Interiors,"FEATURES Additional weighting limits potential to weaponize Strength & stability tested for severe contract use Pick proof design UV resistant, waterproof polyethylene construction makes it suitable f",NONE,UNKNOWN,no manufacturer signal; sku_prefix=none,NONE,,,,,,(no-sku)
9683649954105,recliners-by-ryno,Recliners by Ryno,Brant Business Interiors,FEATURES Reclining motion is controlled with body weight – no controls or power required The internal mechanism is concealed to minimize ligature risks The generous width seat provides comfort while n,NONE,UNKNOWN,no manufacturer signal; sku_prefix=none,NONE,,,,,,(no-sku)
9685409399097,foundations-safetycraft-compact-crib-natural-steel,Foundations SafetyCraft Compact Crib - Natural - Steel,Brant Business Interiors,"An extraordinary value, offering good quality to the cost conscious customer Teething rail included for the protect of children and the longevity of the crib 24"" x 38"" sleeping surface with 3"" mattres",Foundations,HIGH,[HIGH] model_code:'SKU prefix FOU' in sku->Foundations,Foundations,,APPROVE,,FOU1631040,FOU,
9685414871353,foundations-next-gen-serenity-compact-crib,Foundations Next Gen Serenity Compact Crib,Brant Business Interiors,"Advanced teething rail for extra strength and durability Lower profile allows easier accessibility to infants 24"" x 38"" sleeping surface with 3"" Infapure mattress Easy assembly required, includes all ",Foundations,HIGH,[HIGH] model_code:'SKU prefix FOU' in sku->Foundations,Foundations,,APPROVE,,FOU2532043,FOU,
9685432140089,foundations-next-gen-serenity-safereach-compact-crib,Foundations Next Gen Serenity SafeReach Compact Crib,Brant Business Interiors,"Drop-gate is easy to use for caregiver comfort Advanced teething rail for extra strength and durability 24"" x 38"" sleeping surface with 3"" Infapure mattress Easy assembly required, includes all necess",NONE,UNKNOWN,no manufacturer signal; sku_prefix=none,NONE,,,,,,(no-sku)
9685444297017,foundations-sport-splash-3-seat-strollers,Foundations Sport Splash 3-Seat Strollers,Brant Business Interiors,Sport Splash 3-seat strollers are the value leader in multi child strollers Ergonomic handle makes the stroller easy to maneuver Adjustable 5-point harness fits children weighing up to 40 lbs Assembly,Foundations,HIGH,[HIGH] model_code:'SKU prefix FOU' in sku->Foundations,Foundations,,APPROVE,,FOU00269,FOU,
9685608563001,primacare-ht-patient-mid-back-bariatric-open-arms-gc3638-1,"Primacare™ HT Patient Mid Back Bariatric, Open Arms (GC3638)",Brant Business Interiors,Primacare HT is a rugged steel version of Primacare intended for high traffic applications. This collection adds a uniform look to any facility by offering over 40 versatile models that extend from pa,Global Furniture Group,HIGH,[HIGH] model_code:'SKU prefix GLB' in sku->Global Furniture Group,Global Furniture Group,,APPROVE,,"GLB GC3638, 10VV48, 20TTU, 45SS-1",GLB,
9685618884921,sidero-1,Sidero,Brant Business Interiors,"GC Sidero is a collection of contemporary multi-purpose stacking chairs with a sculpted look, featuring wide, curved arms, and a round tubular wallsaver steel frame. Compound curved back provides comf",Global Furniture Group,HIGH,[HIGH] model_code:'SKU prefix GLB' in sku->Global Furniture Group,Global Furniture Group,,APPROVE,,GLB-(GC6922HB),GLB,
9685627470137,nourish-high-back-bariatric-patient-chair-gc3685-1,Nourish™ High Back Bariatric Patient Chair (GC3685),Brant Business Interiors,"Nourish™ was developed in consultation with leading healthcare professionals. It is an innovative, state-of-the-art patient chair that offers unique features to accommodate a variety of body types, si",Global Furniture Group,HIGH,[HIGH] model_code:'SKU prefix GLB' in sku->Global Furniture Group,Global Furniture Group,,APPROVE,,GLB-GC3685,GLB,
9685632909625,gc-comet-bariatric-stacking-armchair-gc2180-1,GC Comet™ Bariatric Stacking Armchair (GC2180),Brant Business Interiors,"A bariatric stacking chair built for healthcare environments that need durability, comfort, and the flexibility to reconfigure quickly. The GC Comet™ Bariatric Stacking Armchair (GC2180) delivers the ",Global Furniture Group,HIGH,[HIGH] model_code:'SKU prefix GLB' in sku->Global Furniture Group; [HIGH] direct_name_match:'specs.manufacturer=Global Furniture Group (Global Care)' in metafield->Global Furniture Group,Global Furniture Group,,APPROVE,,GLB GC2180,GLB,
9686666871097,uni-flip-training-tables-7-sizes,Flip Top Training Tables 7 Sizes,Brant Business Interiors,Frames: White or Black with Silver Powder coat finish base. Worksurfaces: 1” M2 Grade substrate Studio White Matching 2mm PVC edge High Pressure Laminate Features: Swiveling lockable casters QUICK SHI,NONE,UNKNOWN,no manufacturer signal; sku_prefix=WS,NONE,,,,WS48-MFLIP080/BF-WS101003-7981,WS,WS
9688143266105,sit2stand-series-sit-stand-workstation,Sit2stand series sit-stand workstation,Brant Business Interiors,Effortlessly transition from sitting to standing in seconds - Convert an existing desk or table into a high-quality and affordable sit-to-stand workstation and effortlessly go from sitting to standing,NONE,UNKNOWN,no manufacturer signal; sku_prefix=RIC,NONE,,,,RIC-500S2S001R30,RIC,RIC
9688164958521,duet-tablet-chair,Duet Tablet Chair,Brant Business Interiors,"Armchair with Right or Left Tablet, Polypropylene Seat & Back",NONE,UNKNOWN,no manufacturer signal; sku_prefix=none,NONE,,,,6620TR,,(no-sku)
9688170398009,agile-double-sided-8-pod-height-adjustable-shared-desk,Agile double sided 8-pod height adjustable shared desk,Brant Business Interiors,"Each workstation includes: Height Adjustable White Table 48""x24"" Cable Snake Drawers on Wheels Desktop Power Pack (USB,USBC;Duplex) Dividers (Front & Side) Overall Footprint: 190"" x 65"" $2005.00 per P",NONE,UNKNOWN,no manufacturer signal; sku_prefix=none,NONE,,,,,,(no-sku)
9688173543737,screenflex-5-panel-mobile-light-duty-portable-room-divider-65h-x-95w-fabric-color-stone,"Screenflex 5 panel mobile light-duty portable room divider, 6'5""h x 9'5""w, fabric color: stone — 5""",Brant Business Interiors,"Screenflex Portable Room Dividers are the world's highest quality portable walls and can help you make much better use of your facility, time and budget. Simply roll them into position and set up the ",NONE,UNKNOWN,no manufacturer signal; sku_prefix=none,NONE,,,,,,(no-sku)
9688271159609,bow-front-desk-72x42,"Bow front desk — 72""X42""",Brant Business Interiors,"Bow Front Desk with a supported drawer pedestal. Size: 72""x42"" 3 Week Lead Time. Shown in Royal Mahogany",NONE,UNKNOWN,no manufacturer signal; sku_prefix=UN,NONE,,,,UN7242BWL/BBF,UN,UN
9688274895161,soho-desk-single-pedestal-2-sizes,Soho desk single pedestal — 2 sizes,Brant Business Interiors,"Features: • Commercial grade 1 “ thick laminate • Heat, scratch and dent resistant • Innovative floating top styling • Box drawer stores desk accessories • File drawer stores letter or legal size file",NONE,UNKNOWN,no manufacturer signal; sku_prefix=HDL,NONE,,,,HDL-MA11-2448,HDL,HDL
9689001951545,oci-platinum-monitor-arms,Oci platinum monitor arms,Brant Business Interiors,"Adept Series Monitor Arm Utilizing classic and time tested styling, the Adept Series delivers outstanding performance and a value conscious price tag. With its counter-balance mechanism set for the mo",NONE,UNKNOWN,no manufacturer signal; sku_prefix=ERGOACCESS,NONE,,,,ERGOACCESS-LR72-927B-G1,ERGOACCESS,ERGOACCESS
9690426671417,folding-chair-plastic-4-pack,Folding chair-plastic 4/pack,Brant Business Interiors,"A no-fuss folding chair built for high-traffic spaces that need seating fast and storage faster. The Lite-Lift II armless folding chair is a practical workhorse for boardrooms, training rooms, communi",Global Furniture Group,HIGH,[HIGH] model_code:'SKU prefix GLB' in sku->Global Furniture Group,Global Furniture Group,,APPROVE,,GLB-OTG11674,GLB,
9690784596281,lockers-single-tier-assembled,Lockers single tier (assembled),Brant Business Interiors,"1 Overall Depth 18"" Overall Height 72"" Overall Width 36""",NONE,UNKNOWN,no manufacturer signal; sku_prefix=SCN,NONE,,,,SCN-FJ151,SCN,SCN
9690804846905,lockers-2-tier-assembled,Lockers 2 tier (assembled),Brant Business Interiors,"2 Overall Depth 18"" Overall Height 76"" Overall Width Single 12"", Double 24"", Triple 36"", Quad 48""",NONE,UNKNOWN,no manufacturer signal; sku_prefix=SCN,NONE,,,,SCN-FL396,SCN,SCN
9692198633785,lockerettes-6-tier-bank-of-3-36-x-18-x-72-steel-grey-rivet-assembled,"Lockerettes, 6 -tier, bank of 3, 36"" x 18"" x 72"", steel, grey, rivet (assembled) — 36"" x 18"" x 72""",Brant Business Interiors,"Clean Line™ Lockerettes, 6 -tier, Bank of 2, 24"" x 18"" x 72"", Steel, Grey, Rivet (Assembled) Description Prime grade cold rolled steel locker All welded frame and door Riveted body Frames are resistan",NONE,UNKNOWN,no manufacturer signal; sku_prefix=SCN,NONE,,,,SCN-FJ173,SCN,SCN
9693064692025,credenza-60x20,"Credenza — 60""x20""",Brant Business Interiors,"CUSTOM CREDENZA 60""W X 20""D X 29""H",NONE,UNKNOWN,no manufacturer signal; sku_prefix=IOF,NONE,,,,IOF-Typical #W-066,IOF,IOF
9693069377849,lectern-podium,Lectern podium,Brant Business Interiors,Mobile Lectern Dimensions: W24 x D18 x H44.3 IN. Available in many colours. 4 Week Lead Time,Global Furniture Group,HIGH,[HIGH] model_code:'SKU prefix GLO' in sku->Global Furniture Group,Global Furniture Group,,APPROVE,,GLO-Z2444LEC,GLO,
9693070721337,lectern-storage-stand,Lectern storage stand,Brant Business Interiors,Available in several colours options. 4 Week Lead Time,NONE,UNKNOWN,no manufacturer signal; sku_prefix=IOF,NONE,,,,IOF-Typical #W-020,IOF,IOF
9693071737145,drafting-table,Drafting table,Brant Business Interiors,"Designed by an Architect, Made for an Architect This multi function drafting table is made with 1"" thick panels all around. Includes 32 slots each 24"" deep. Available in 24 colour options. Dual colour",NONE,UNKNOWN,no manufacturer signal; sku_prefix=IOF,NONE,,,,IOF-Q000111061,IOF,IOF
9693073867065,drafting-table-precision-table-2-sizes,Drafting table precision table — 2 sizes,Brant Business Interiors,"he Safco Precision Tabletop is a drafting tabletop with a green tint, featuring a 1"" non-glare board surface. Green tint drafting surface, the drafting tabletop furnishes a large work surface. b Draft",Safco,HIGH,[HIGH] model_code:'SKU prefix SAF' in sku->Safco; [HIGH] direct_name_match:'Safco' in body->Safco,Safco,,APPROVE,,SAF3952 & 3962,SAF,
9693074391353,scoot-multi-purpose-lectern-8922bl-1,Scoot multi-purpose lectern — 8922BL,Brant Business Interiors,"The Scoot™ Multi-Purpose Lectern is a workspace podium featuring a fold down platform for easier user visibility. The shelves adjust in 1"" increments and fit within an enclosed, large open storage are",Safco,HIGH,[HIGH] model_code:'SKU prefix SAF' in sku->Safco,Safco,,APPROVE,,SAF-8922BL,SAF,
9693075505465,impromptu-lectern-1,Impromptu lectern,Brant Business Interiors,The Impromptu® Lectern is a Gray workspace podium built from a steel frame and translucent polycarbonate panel. The mobile presentation stand is mobile on four swivel wheels (two locking). Complements,Safco,HIGH,[HIGH] model_code:'SKU prefix SAF' in sku->Safco,Safco,,APPROVE,,SAF8912GR,SAF,
9693076390201,drafting-table-custom,Drafting table custom,Brant Business Interiors,"Custom Drafting Table Size: 84"" W x 78"" D Available in Left or Right configurations. Other Colours are available. Please contact us. Lead Time: 4-6 Weeks",NONE,UNKNOWN,no manufacturer signal; sku_prefix=IOF,NONE,,,,IOF-Typical #W-021,IOF,IOF
9693081895225,felt-sound-dampeners,Felt sound dampeners,Brant Business Interiors,"Manufactured in Canada & crafted with impeccable attention to detail using high-quality materials, our acoustic trophies and sculptures not only serve as eye-catching focal points but also effectively",NONE,UNKNOWN,no manufacturer signal; sku_prefix=none,NONE,,,,,,(no-sku)
9693091201337,stream-armchair-polypropylene-seat-back-2075app-1,"Stream armchair, polypropylene seat & back (2075app) — 2075APP",Brant Business Interiors,"Note: To see this chair in your choice of colours, please contact furnorder@officecentral.com We are happy to ""Render"" a chair at no charge in your preferred choice of colours. Stream series multi-pur",Global Furniture Group,HIGH,[HIGH] model_code:'SKU prefix GLO' in sku->Global Furniture Group,Global Furniture Group,,APPROVE,,GLO-2075APP,GLO,
9693091889465,stream-armless-chair-polypropylene-seat-back-2075app,"Stream armless chair, polypropylene seat & back — 2075APP",Brant Business Interiors,"Stream series multi-purpose product includes: four-legged models, sled base models, tablet models, stools and task seating. Four-legged chairs are standard with non-marking nylon bullet glides. Bullet",Global Furniture Group,HIGH,[HIGH] model_code:'SKU prefix GLB' in sku->Global Furniture Group,Global Furniture Group,,APPROVE,,GLB-2075APP,GLB,
9693093790009,rebound-armchair-polypropylene-seat-1,"Rebound armchair, polypropylene seat",Brant Business Interiors,"Note: To see this chair in your choice of colours, please contact furnorder@officecentral.com We are happy to ""Render"" a chair at no charge in your preferred choice of colours. The patented flex back ",Global Furniture Group,HIGH,[HIGH] model_code:'SKU prefix GLB' in sku->Global Furniture Group,Global Furniture Group,,APPROVE,,GLB-R5APPG,GLB,
9693098705209,flap-folding-chair-6775-1,Flap folding chair (6775) — 6775,Brant Business Interiors,"Flap™ Flap™ is a lightweight, durable folding chair that can expand the audience quickly for large gatherings or support more people in small spaces. For use indoors or out, the sleek, comfortable, al",Global Furniture Group,HIGH,[HIGH] model_code:'SKU prefix GLB' in sku->Global Furniture Group,Global Furniture Group,,APPROVE,,GLB-6775,GLB,
9693105062201,privacy-desk-top-dividers,Privacy desk top dividers,Brant Business Interiors,Introducing PET Felt privacy screens and modesty panels. Soft textures and sound absorbing materials create an inviting spot for individual and more concentrated work. Pin up pictures and ideas that d,Global Furniture Group,HIGH,[HIGH] model_code:'SKU prefix GLB' in sku->Global Furniture Group,Global Furniture Group,,APPROVE,,GLB-PT9PP3013-1,GLB,
9693140713785,desk-top-dividers,Desk top dividers,Brant Business Interiors,Features Brackets available in Silver (SL) finish Frosted plexiglass panel,NONE,UNKNOWN,no manufacturer signal; sku_prefix=HDL,NONE,,,,HDL-OUT-TM1-1530PLX,HDL,HDL
9693141827897,desk-top-divider-divide,Desk top divider divide,Brant Business Interiors,Freestanding desk-top privacy divider that adds acoustic separation and visual privacy between workstations without modifying the desk. Clamps or slots into place on standard and benching desk configu,Global Furniture Group,HIGH,[HIGH] model_code:'SKU prefix GLO' in sku->Global Furniture Group,Global Furniture Group,,APPROVE,,GLO-DGP1224TUN-2@DPOST12TUN,GLO,
9697294090553,installation,Installation,Brant Business Interiors,,NONE,UNKNOWN,service/non-product line item (delivery/installation/etc.),NONE,,SKIP,Fee,,,
9698674803001,bookcase-31-5-wide-x-13-75-deep,"Bookcase 32"" wide x 14"" deep — 14""",Brant Business Interiors,"Innovations Bookcase 1"" construction Optional bookcase door set (INV-32BKDRS - includes soft-close hinge, hardware and lock) Optional door set can be installed top or bottom 48"" High: 3 shelves 66"" Hi",Heartwood,HIGH,[HIGH] model_code:'SKU prefix HTW' in sku->Heartwood,Heartwood,,APPROVE,,HTWINV4832BK,HTWINV,
9698778710329,power-station-with-3-outlets-and-2-usb,Power station with 3 outlets and 2 USB,Brant Business Interiors,"Prices shown include the Power Block & the cutting for each block. With USB The perfect item to free up desks, workstations or conference tables: - Built-in - 3 x 120V outlets - 2 USB A ports Cover si",NONE,UNKNOWN,no manufacturer signal; sku_prefix=RIC,NONE,,,,RIC-201314100,RIC,RIC
9699883254073,auditorium-lecture-hall-seating-omni,Auditorium / Lecture Hall Seating Omni,Brant Business Interiors,Omnia Evolution AN INNOVATIVE DESIGN:: The unique design of the Omnia Evolution is able to accommodate straight and curved rows. The innovative rail system allows for installing the True AntiPanic Tab,Borgo,HIGH,[HIGH] model_code:'SKU prefix BORGO' in sku->Borgo,Borgo,,APPROVE,,Borgo,BORGO,
9699886203193,auditorium-lecture-hall-seating-my-space,Auditorium / Lecture Hall Seating My Space,Brant Business Interiors,Fixed auditorium seating that holds up to daily lecture-hall use without sacrificing comfort or a clean sightline. The MySpace chair is designed for high-density institutional environments where space,Global Furniture Group,HIGH,[HIGH] direct_name_match:'specs.manufacturer=Global Furniture Group (likely)' in metafield->Global Furniture Group,Global Furniture Group,,APPROVE,,,,
9699887710521,auditorium-lecture-hall-seating-primo,Auditorium / Lecture Hall Seating Primo,Brant Business Interiors,Primo A COMFORTABLE DESIGN:: The molded polyurethane seat and back in the Primo are ergonomically contoured for hours of support and comfort. Please contact us for more information or a custom quote.,Borgo,HIGH,[HIGH] model_code:'SKU prefix BORGO' in sku->Borgo,Borgo,,APPROVE,,BORGO,BORGO,
9699889086777,auditorium-lecture-hall-seating,Auditorium / Lecture Hall Seating,Brant Business Interiors,Fixed seating built for the rooms that never stop being used. Auditorium and lecture hall seating takes a different kind of punishment than any task chair or lounge piece — hundreds of occupants daily,Borgo,HIGH,[HIGH] model_code:'SKU prefix BORGO' in sku->Borgo; [HIGH] direct_name_match:'specs.manufacturer=Global Furniture Group' in metafield->Global Furniture Group,Borgo,,APPROVE,,BORGO,BORGO,
9699892035897,canopy-seating,Canopy seating,Brant Business Interiors,"Privée PRIVACY IN PRIVÉE :: With Privée, the furniture becomes the architecture; the canopies, although enclosed, are inviting structures that wrap around the seating to ensure privacy and acoustic co",Borgo,HIGH,[HIGH] model_code:'SKU prefix BORGO' in sku->Borgo,Borgo,,APPROVE,,BORGO,BORGO,
9700992221497,tower-charging-station-with-usb-ports-2-colour-options,Tower charging station with USB ports. 2 colour options. — 2 colour,Brant Business Interiors,"Vertical charging station. This versatile power unit features two power bars, one on each side. Each power bar contains three 120 V outlets, one USB-A port, and one USB-C port, for a total of six 120 ",NONE,UNKNOWN,no manufacturer signal; sku_prefix=RIC,NONE,,,,RIC-PBK2WAY2030,RIC,RIC
9701172412729,drift-seating,Drift seating,Brant Business Interiors,"Drift™ Change is the constant that each new generation brings to the table. Drift™ seating encourages people to come together with new ideas, new priorities and new ways of thinking. The welcoming loo",Global Furniture Group,HIGH,[HIGH] model_code:'SKU prefix GLB' in sku->Global Furniture Group,Global Furniture Group,,APPROVE,,GLB-8031,GLB,
9702669975865,ranger-steel-4-post-table-42-w-x-30-d,Ranger steel 4-post table 42”w x 30”d,Brant Business Interiors,"able if you’d like to use it as a pencil ledge. The simple, durable drafting table is reinforced by a steel powdercoat frame and has a 1”-thick drawing board with steel end cleats. What’s more, it’s m",Safco,HIGH,[HIGH] model_code:'SKU prefix SAF' in sku->Safco,Safco,,APPROVE,,SAF7732 (DIRECT),SAF,
9710311440697,sit-stand-1,Sit stand,Brant Business Interiors,100-DTHA Convert a traditional desk to a standing desk with Desk Top Height Adjustable unit One handed paddle gas lift for easy height adjustment Adjusts to heights between 6.5” and 16.5” Sturdy base ,NONE,UNKNOWN,no manufacturer signal; sku_prefix=HDL,NONE,,,,HDL-100-DTHA,HDL,HDL
9712078848313,coffee-table-seating,Coffee table & seating,Brant Business Interiors,"Craft coffee and side tables are the perfect partner to Craft fully upholstered modular lounge seating products to create casual meeting spaces in multiple environments . Craft is easy to configure, d",Global Furniture Group,HIGH,[HIGH] model_code:'SKU prefix GLO' in sku->Global Furniture Group,Global Furniture Group,,APPROVE,,GLO-ML35SCDK,GLO,
9712096084281,craft-cube-square-unit,Craft cube | square unit,Brant Business Interiors,MVL13012 Craft | Square Unit Craft is a fully upholstered modular lounge seating and table series that features six fun shapes for seating and five tables that can be used interchangeably together or ,Global Furniture Group,HIGH,[HIGH] model_code:'SKU prefix GLB' in sku->Global Furniture Group,Global Furniture Group,,APPROVE,,GLB-MVL13012,GLB,
9712829890873,caster-options,Caster options,Brant Business Interiors,"The right caster makes the difference between a chair that moves with you and one that fights you all day. Caster options from Brant Business Interiors are designed to match your flooring type, chair ",NONE,UNKNOWN,no manufacturer signal; sku_prefix=none,NONE,,,Avis-add-charge,,,(no-sku)
9714121933113,atlas-sit-to-stand-height-adjustable-desk,Atlas sit to stand height adjustable desk,Brant Business Interiors,"Single-Leg. Features 4 programmable memory positions. Low power consumption in standby mode.. Height ranges from 24-1/2"" to 50"". Max weight capacity 130 lbs. 1"" laminate top combined with single-leg h",Heartwood,HIGH,[HIGH] model_code:'SKU prefix HTW' in sku->Heartwood,Heartwood,,APPROVE,,HTWATL2436TBL,HTWATL,
9719771300153,sidero-tablet-chair,Sidero Tablet Chair,Brant Business Interiors,"Sidero™ Multi-purpose seating with a sculptured look, featuring wide curved arms and a round tubular steel frame. Four-legged side chairs are ""wall safe"". Rear legs hit the baseboard first leaving cle",Global Furniture Group,HIGH,[HIGH] model_code:'SKU prefix GLB' in sku->Global Furniture Group; [LOW] designer:'Zooey Chu' in body->Global Furniture Group,Global Furniture Group,,APPROVE,,GLB-6901TR,GLB,
9719783162169,sidero-tablet-arm,Sidero Tablet Arm,Brant Business Interiors,"Sidero™ Multi-purpose seating with a sculptured look, featuring wide curved arms and a round tubular steel frame. Four-legged side chairs are ""wall safe"". Rear legs hit the baseboard first leaving cle",Global Furniture Group,HIGH,[HIGH] model_code:'SKU prefix GLO' in sku->Global Furniture Group; [LOW] designer:'Zooey Chu' in body->Global Furniture Group,Global Furniture Group,,APPROVE,,GLO-6900CTL,GLO,
9720592138553,factor-mesh-back-armchair-casters-5545amc-1,"Factor mesh back armchair, casters (5545amc) — 5545AMC",Brant Business Interiors,"You just won’t believe the price. New to the series, Factor multi-purpose guest chairs feature a matching picture frame back design and the same finishes as the highly popular task chair. When specifi",NONE,UNKNOWN,no manufacturer signal; sku_prefix=none,NONE,,,,,,(no-sku)
9720842944825,u-shape-d-top-workstation,U-shape d-top workstation,Brant Business Interiors,Features + benefits • simple to create workstations to suit your needs • ease of assembly built into design with metal-to-metal connectors • 10 standard laminate finish options • 1” thick thermally fu,NONE,UNKNOWN,service/non-product line item (delivery/installation/etc.),NONE,,SKIP,,Asstd-see website,ASSTD,
9721985237305,factor-mesh-seating,Factor mesh seating,Brant Business Interiors,Medium Back: Dimensions: W26.50 x D24.00 x H39.00IN. High Back: Dimensions: W26.50 x D24.00 x H41.50IN.,Global Furniture Group,HIGH,[HIGH] model_code:'SKU prefix GLO' in sku->Global Furniture Group,Global Furniture Group,,APPROVE,,GLO-5541,GLO,
9722772357433,storage-cabinet-credenza-72w-x-24d,"Storage cabinet credenza, 72""w x 24""d — 24""",Brant Business Interiors,"Storage Cabinet Credenza All doors lock 1 adjustable shelf per 2 doors Dimensions: W72 x D24 x H30 IN. Ships Assembled 1"" High-quality construction, aesthetic design details and stand-out extras like ",Global Furniture Group,HIGH,[HIGH] model_code:'SKU prefix GLB' in sku->Global Furniture Group,Global Furniture Group,,APPROVE,,GLB-Z2472SCSC,GLB,
9722789822777,credenza-sliding-doors,Credenza sliding doors,Brant Business Interiors,Credenza with 2 sliding doors. Lockable 1 Adjustable Shelf Available in 1 or 2 colour combinations,NONE,UNKNOWN,no manufacturer signal; sku_prefix=IOF,NONE,,,,IOF-UN6024SC/SC/SLD2,IOF,IOF
9722802536761,wardrobe-with-lock,Wardrobe with lock,Brant Business Interiors,Locking Wardrobe Size: 30W” x 72H” x 24D” No Assembly Required 4 Week Lead Time,NONE,UNKNOWN,no manufacturer signal; sku_prefix=IOF,NONE,,,,IOF-UN3072SC/WD/24,IOF,IOF
9722804863289,storage-wardrobe-unit,Storage wardrobe unit,Brant Business Interiors,Wardrobe 30W” x 72H” x 21D” 2 Locking Doors No Assembly Required,NONE,UNKNOWN,no manufacturer signal; sku_prefix=IOF,NONE,,,,IOF-UN3072WD/21,IOF,IOF
9722809811257,storage-right-ff-sc-left-wardrobe,Storage / right ff & sc / left wardrobe,Brant Business Interiors,STORAGE / RIGHT FF & SC / LEFT WARDROBE Lockable 30W” x 72H” x 21D”,NONE,UNKNOWN,no manufacturer signal; sku_prefix=UN,NONE,,,,UN3072FF/SC/WD/21,UN,UN
9723829223737,desk-lamp-5-30-w-led-bulb-adjustable-metal-acrylic-desk-mountable,"Desk lamp - 5.30 w LED bulb - adjustable - metal, acrylic - desk mountable",Brant Business Interiors,"Boom arm LED desk lamp provides a ""warm"" full spectrum illumination that most closely resembles natural light for reduced eyestrain with excellent color rendering. It is adjustable to provide great li",NONE,UNKNOWN,no manufacturer signal; sku_prefix=BOSVLED,NONE,,,,BOSVLED500,BOSVLED,BOSVLED
9723830337849,led-desk-lamp-with-wireless-charger-led,LED desk lamp with wireless charger - LED,Brant Business Interiors,Wireless Charger Key Features Three color temperature modes. Touch control buttons and rotary metallic knob. SMD LED light.,NONE,UNKNOWN,no manufacturer signal; sku_prefix=RDL,NONE,,,,RDL-140QI-B,RDL,RDL
9723832435001,led-desk-lamp-with-usb-and-night-light,LED desk lamp with USB and night light,Brant Business Interiors,"LED Desk Lamp with USB and Night Light - RDL-110U - 22"" (558.80 mm) Height - 7"" (177.80 mm) Width - 8 W LED Bulb - 450 Lumens - ABS - Desk Mountable - Warm White, Cool Daylight, Black, Bright White, T",NONE,UNKNOWN,no manufacturer signal; sku_prefix=RSIRDL,NONE,,,,RSIRDL110U,RSIRDL,RSIRDL
9723863007545,desk-power-grommet,Desk power grommet,Brant Business Interiors,"Combine your charging station and power bar to optimize your office space, living room or bedroom. This ergonomic and easy to install power bar is equipped with 120V outlets, USB-A outlets, USB-C outl",NONE,UNKNOWN,no manufacturer signal; sku_prefix=RIC,NONE,,,,RIC- DS86101P1A1C90,RIC,RIC
9723869462841,sphere-power,Sphere power,Brant Business Interiors,"Two half-spheres SPHERE, as the name suggests, has a spherical design; conveniently, it can be connected from any angle. It comes with two 72"" (6') power cable and is available in four ports - 4 elect",NONE,UNKNOWN,no manufacturer signal; sku_prefix=SP,NONE,,,,SP22104P030,SP,SP
9724674277689,taper-leg-table,Taper leg table,Brant Business Interiors,"Innovation TAPER Tables include multiple size tops available many colour options Top: 1"" Thick Edge: Matching PVC Edge Legs: Grey Tops: 9 Colours",NONE,UNKNOWN,no manufacturer signal; sku_prefix=HDL,NONE,,,,HDL-INV-2436TBL-TAPER,HDL,HDL
9724679127353,workway-planters,Workway planters,Brant Business Interiors,"The ideal solution to liven any space. Crafted for the modern workspace, WORKWAY Planters allow for space division while helping to enrich any environment. WORKWAY Planters promote wellness, creativit",Global Furniture Group,HIGH,[HIGH] model_code:'SKU prefix OFGO' in sku->Global Furniture Group,Global Furniture Group,,APPROVE,,OFGO WW181235-PLNT-BCBC,OFGO,
9724687679801,stax-stacking-chair-8-colour-options,STAX Stacking Chair 8 Colour Options,Brant Business Interiors,"STAX is a lightweight, multipurpose chair that features a gracefully sculpted back and a luxurious waterfall seat for enhanced comfort. Its elegantly flared legs are designed for enhanced durability a",Global Furniture Group,HIGH,[HIGH] model_code:'SKU prefix OFGO' in sku->Global Furniture Group,Global Furniture Group,,APPROVE,,OFGO 77,OFGO,
9724689940793,student-desk-carol-single-double-sided,Student Desk Carol Single & Double Sided,Brant Business Interiors,Creating active learning zones to focus and grow. CAROL TM is a versatile collection of study carrels built for today’s learning and working environments. Modern educational and working spaces have a ,Global Furniture Group,HIGH,[HIGH] model_code:'SKU prefix OFGO' in sku->Global Furniture Group,Global Furniture Group,,APPROVE,,OFGO CR362447-SU-WW,OFGO,
9725748478265,gaming-chair,Gaming chair,Brant Business Interiors,""" L x 28"" W x 47"" H; Seat Size: 22"" W x 19.5"" D x 4.5"" T; Back Size: 21"" W x 29"" H x 3.75"" T - Approved for commercial or residential use",Office Star Products,HIGH,[HIGH] model_code:'SKU prefix OSP' in sku->Office Star Products,Office Star Products,,APPROVE,,OSP-UPK25,OSP,
9725750247737,xplorer-51-gaming-chair,Xplorer 51 gaming chair,Brant Business Interiors,” W x 30.25” D x 45.25-49” H; Seat Size: 22.5” W x 19.75” D x 4.5” T; Back Size: 19” W x 27.25” H x 2.75” T - Approved for commercial or residential use,Office Star Products,HIGH,[HIGH] model_code:'SKU prefix OSP' in sku->Office Star Products,Office Star Products,,APPROVE,,OSPXPL5125,OSPXPL,
9725751918905,deluxe-high-back-executive-chair,DELUXE HIGH BACK EXECUTIVE CHAIR,Brant Business Interiors,PRODUCT HIGHLIGHTS Deluxe High Back White Faux Leather Executive Chair with Polished Aluminum Base and Padded Polished Aluminum Arms Contour Seat and Back with Built-in Lumbar Support Locking Mid Pivo,Office Star Products,HIGH,[HIGH] model_code:'SKU prefix OSP' in sku->Office Star Products,Office Star Products,,APPROVE,,OSP-7250,OSP,
9725752279353,deluxe-mid-back-executive-chair,DELUXE MID BACK EXECUTIVE CHAIR,Brant Business Interiors,PRODUCT HIGHLIGHTS Deluxe Mid Back White Faux Leather Executive Chair with Polished Aluminum Base and Padded Polished Aluminum Arms Contour Seat and Back with Built-in Lumbar Support Locking Mid Pivot,Office Star Products,HIGH,[HIGH] model_code:'SKU prefix OSP' in sku->Office Star Products,Office Star Products,,APPROVE,,OSP-7251,OSP,
9725776691513,anda-seat-phantom-king-gaming-style-office-chair,Anda seat phantom king gaming style office chair,Brant Business Interiors,"Overview Dominate the battlefield with the Anda Seat Phantom 3 gaming chair. Its ergonomic design includes a headrest, lumbar support, and 2D armrests to offer hours of comfortable gameplay. Set on a ",NONE,UNKNOWN,no manufacturer signal; sku_prefix=SYNN,NONE,,,,SYNN-AD18XL-58-B-PVC,SYNN,SYNN
9726645797177,u-shaped-suite-with-table-desk-72w-x-96d,"""u"" shaped suite with table desk - 72""w x 96""d — 96""",Brant Business Interiors,"NLP229 ""U"" Shaped Suite with Table Desk - 72""W x 96""D Newland - simple and modular components combining classic design, quality and value to support a wide range of workspace applications. From privat",Global Furniture Group,HIGH,[HIGH] model_code:'SKU prefix GLO' in sku->Global Furniture Group,Global Furniture Group,,APPROVE,,GLO-NLP229,GLO,
9726655791417,single-pedestal-desk-60w-x-30d,"Single pedestal desk - 60""w x 30""d — 30""",Brant Business Interiors,"NLP111 Single Pedestal Desk - 60""W x 30""D Newland - simple and modular components combining classic design, quality and value to support a wide range of workspace applications. From private offices, o",Global Furniture Group,HIGH,[HIGH] model_code:'SKU prefix GLO' in sku->Global Furniture Group,Global Furniture Group,,APPROVE,,GLO-NLP111,GLO,
9726665031993,u-shaped-desk-72w-x-96d,"""u"" shaped desk - 72""w x 96""d — 96""",Brant Business Interiors,"NLP228 ""U"" Shaped Desk - 72""W x 96""D Newland - simple and modular components combining classic design, quality and value to support a wide range of workspace applications. From private offices, open p",Global Furniture Group,HIGH,[HIGH] model_code:'SKU prefix GLO' in sku->Global Furniture Group,Global Furniture Group,,APPROVE,,GLO-NLP228,GLO,
9726668308793,l-shaped-desk-with-double-pedestals-72w-x-78d,"""l"" shaped desk with double pedestals - 72""w x 78""d — 78""",Brant Business Interiors,"""L"" Shaped Desk with Double Pedestals - 72""W x 78""D Newland - simple and modular components combining classic design, quality and value to support a wide range of workspace applications. From private ",Global Furniture Group,HIGH,[HIGH] model_code:'SKU prefix GLO' in sku->Global Furniture Group,Global Furniture Group,,APPROVE,,GLO-NLP522,GLO,
9726671814969,l-shaped-desk-with-single-pedestal-60w-x-72d,"""l"" shaped desk with single pedestal - 60""w x 72""d — 72""",Brant Business Interiors,"NLP524 ""L"" Shaped Desk with Single Pedestal - 60""W x 72""D Newland - simple and modular components combining classic design, quality and value to support a wide range of workspace applications. From pr",Global Furniture Group,HIGH,[HIGH] model_code:'SKU prefix GLO' in sku->Global Furniture Group,Global Furniture Group,,APPROVE,,GLO-NLP524,GLO,
9726676795705,u-shaped-desk-with-3-stage-height-adjustable-table,"""u"" shaped desk with 3-stage height adjustable table",Brant Business Interiors,"NLP412 simple and modular components combining classic design, quality and value to support a wide range of workspace applications. From private offices to open plan, meeting and training spaces, Newl",Global Furniture Group,HIGH,[HIGH] model_code:'SKU prefix GLO' in sku->Global Furniture Group,Global Furniture Group,,APPROVE,,GLO-NLP412,GLO,
9726800527673,executive-suites-height-adjustable-desk,Executive suites height adjustable desk,Brant Business Interiors,"Configuration includes Electric height adjustable desk with Plexiglas modesty Credenza & Lateral file, Hutch with glass Doors & Tack Board, Wardrobe Desk height ranges from 24-2/5""- 50"" Mobile Box & F",Heartwood,HIGH,[HIGH] model_code:'SKU prefix HTW' in sku->Heartwood,Heartwood,,APPROVE,,HTWINVASST,HTWINVASST,
9727968149817,2-drawer-legal-width-vertical-file,2 drawer legal width vertical file — 2 drawer,Brant Business Interiors,Keep legal-width documents organized and secure in a commercial-grade steel filing system. These 2-drawer legal-width vertical file cabinets deliver ANSI/BIFMA-rated performance with full-extension ba,Global Furniture Group,HIGH,[HIGH] model_code:'SKU prefix GLB' in sku->Global Furniture Group,Global Furniture Group,,APPROVE,,GLB-MVL25251,GLB,
9727970705721,4-drawer-legal-width-vertical-file,4 drawer legal width vertical file — 4 drawer,Brant Business Interiors,"Four drawers of ANSI/BIFMA-rated legal-width filing — reliable, secure, and built for daily institutional use. The 4-drawer legal-width vertical file cabinet doubles the filing capacity of its 2-drawe",Global Furniture Group,HIGH,[HIGH] model_code:'SKU prefix GLB' in sku->Global Furniture Group,Global Furniture Group,,APPROVE,,GLB-MVL25451,GLB,
9728150241593,tucana-elite-training-nesting-tables,Tucana elite training nesting tables,Brant Business Interiors,"Features: Flip-up top for easy nesting storage - industry leading space save in nested position with only 4"" of space between nested units Removable, textured, modesty panel Smooth glide locking caste",NONE,UNKNOWN,no manufacturer signal; sku_prefix=HDL,NONE,,,,HDL TU-98B-2448TBL,HDL,HDL
9729271464249,nesting-training-table-8-colour-choices,Nesting Training Table (8 Colour Choices),Brant Business Interiors,Training-room tables that get out of the way when the room needs to do something else. The OSP Furniture Nesting Training Table is built for spaces that work harder than one layout allows. A single-le,Office Star Products,HIGH,[HIGH] model_code:'SKU prefix OSP' in sku->Office Star Products; [HIGH] direct_name_match:'specs.manufacturer=OTG / Offices to Go (Newland Training Tables) — likely' in metafield->Global Furniture Group,Office Star Products,,APPROVE,,OSP-84224,OSP,
9729470857529,marche-guest-chair,Marche guest chair,Brant Business Interiors,"Marche™ Marche is multi-use seating utilizing wood and metal design accents. Wood backs are available closed, open or upholstered. Metal legs are standard in black and are available in optional chrome",Global Furniture Group,HIGH,[HIGH] model_code:'SKU prefix GLO' in sku->Global Furniture Group,Global Furniture Group,,APPROVE,,GLO-8621,GLO,
9729471086905,marche-guest-chair-copy,Marche guest chair,Brant Business Interiors,Other fabrics available,Global Furniture Group,HIGH,[HIGH] model_code:'SKU prefix GLO' in sku->Global Furniture Group,Global Furniture Group,,APPROVE,,GLO-8624,GLO,
9729485898041,the-twilight-armchair-wood-veneer-back-2198ws,"The twilight armchair, wood veneer back (2198ws) — 2198WS",Brant Business Interiors,"Twilight™ Flared back design is available in wood or with an upholstered cushion, with or without arms. Contemporary solutions for environments that require mobile flexibility, whether used for meetin",Global Furniture Group,HIGH,[HIGH] model_code:'SKU prefix GLO' in sku->Global Furniture Group,Global Furniture Group,,APPROVE,,GLO-2198,GLO,
9729489043769,kate-medium-back-armchair-2813,Kate medium back armchair (2813) — 2813,Brant Business Interiors,"Kate™ A contemporary, yet retro series featuring sculpted seat and back cushions. Series includes a Tilter Armchair, Swivel Armchair, Four Legged Armchair and Ottoman. Fully upholstered closed arms of",Global Furniture Group,HIGH,[HIGH] model_code:'SKU prefix GLO' in sku->Global Furniture Group,Global Furniture Group,,APPROVE,,GLO-2813,GLO,
9729492975929,rebound-armchair-upholstered-seat-r5apug,"Rebound armchair, upholstered seat (r5apug) — R5APUG",Brant Business Interiors,"The patented flex back design follows your move. A versatile family of arm and armless models. 14 polypropylene colors with coordinating frame finishes. Upholstered seat cushion options in fabric, vin",Global Furniture Group,HIGH,[HIGH] model_code:'SKU prefix GLB' in sku->Global Furniture Group,Global Furniture Group,,APPROVE,,GLB-R5APUG,GLB,
9729952809273,dual-coloured-bookcase-15-sizes-available,Dual coloured bookcase (15 sizes available) — 15 sizes,Brant Business Interiors,"FEATURES: SOLID MATCHING BACK STANDARD All outer panels come in white only. Shown in 72"" High Smaller sizes have less shelves SHIPS ASSEMBLED Made in Canada",NONE,UNKNOWN,no manufacturer signal; sku_prefix=BCMB,NONE,,,,BCMB2429WHTSIDEPANEL,BCMB,BCMB
9733027463481,prime-multi-storage-cabinet-lateral-file,Prime multi-storage cabinet / lateral file,Brant Business Interiors,Prime™ Features at a glance: All metal filing and storage components available in 30 painted finishes. 24 laminate finishes available for file tops & personal lockers with optional laminate door front,Global Furniture Group,HIGH,[HIGH] model_code:'SKU prefix GLO' in sku->Global Furniture Group,Global Furniture Group,,APPROVE,,GLO GUCC51C1830P,GLO,
9733027758393,prime-49-6h-two-file-multi-stor-cabinet-36w-x-18d-one-adjustable-shelf-gucc41g1836p,"Prime 49.6""h two file multi-stor cabinet, 36""w x 18""d - one adjustable shelf (gucc41g1836p) — GUCC41G1836P",Brant Business Interiors,Prime™ Features at a glance: All metal filing and storage components available in 30 painted finishes. 24 laminate finishes available for file tops & personal lockers with optional laminate door front,Global Furniture Group,HIGH,[HIGH] model_code:'SKU prefix GLO' in sku->Global Furniture Group,Global Furniture Group,,APPROVE,,GLO-GUCC41G1830P,GLO,
9733369233721,hideaway-storage-cabinet-1,Hideaway storage cabinet,Brant Business Interiors,"Large, mobile teacher cabinet is great for storing a multitude of items. Plus, it features a separate, securable storage area for valuables and personal items. Four, full-width storage areas - includi",NONE,UNKNOWN,no manufacturer signal; sku_prefix=JNT,NONE,,,,JNT5946JC,JNT,JNT
9744712171833,two-stage-electric-height-adjustable-table,Two-stage electric height adjustable table,Brant Business Interiors,"Adjustable height table and two-stage height-adjustable base - The desk in a box is a complete height-adjustable desk. - Ideal for working both sitting and standing. - Perfect for small offices, your ",NONE,UNKNOWN,no manufacturer signal; sku_prefix=RIC,NONE,,,,RIC 5002L2S244890,RIC,RIC
9746670092601,delivery-charge-85-00,Delivery charge $85. — 00,Brant Business Interiors,This price includes delivery only.,NONE,UNKNOWN,service/non-product line item (delivery/installation/etc.),NONE,,SKIP,,Delivery85,DELIVERY,
9746789433657,installation475,Installation475,Brant Business Interiors,Price includes Delivery & Installation,NONE,UNKNOWN,service/non-product line item (delivery/installation/etc.),NONE,,SKIP,,Installation475,INSTALLATION,
9746802016569,installation1000,Installation1000,Brant Business Interiors,"Professional delivery and installation, handled from start to finish. When furniture arrives at your facility, the real work begins — unboxing, assembly, placement, levelling, and debris removal. This",NONE,UNKNOWN,service/non-product line item (delivery/installation/etc.),NONE,,SKIP,Services,Installation1000,INSTALLATION,
9747448791353,comfort-time-ultra-petit-seat-multi-tilter-chair-high-back-baomvl1880g5,Comfort-time ultra petit seat multi-tilter chair high back — BAOMVL1880G5,Brant Business Interiors,Basics® Comfort-Time™ Petite Seat • Pneumatic seat height adjustment • Seat depth adjustment • Independent seat and back angle adjustment • Infinitely adjustable seat angle • Adjustable back angle • R,Global Furniture Group,HIGH,[HIGH] model_code:'SKU prefix GLB' in sku->Global Furniture Group; [MEDIUM] sub_brand:'Basics' in body->Global Furniture Group,Global Furniture Group,Basics,APPROVE,,GLB BAOMVL1880G5,GLB,
9747754320185,levels-suite,Levels suite,Brant Business Interiors,"Description Introducing Leves, our new multi-tiered, layered office furniture series that combines contemporary metal details with durable laminate designs. Choose from over 80 IN-STOCK, high quality,",NONE,UNKNOWN,no manufacturer signal; sku_prefix=LEVELS,NONE,,,,Levels Layout 1,LEVELS,LEVELS
9747771719993,the-corby-collection,The corby collection,Brant Business Interiors,"Introducing the Corby collection of wood veneer and laminate desks, tables and storage elements. Christopher Wright has reflected on the mid-century modern vernacular to design a unique series of work",Global Furniture Group,HIGH,[HIGH] model_code:'SKU prefix GLB' in sku->Global Furniture Group,Global Furniture Group,,APPROVE,,GLB-Corby,GLB,
9749031158073,partitions-66-high,"Partitions 66"" high — 66""",Brant Business Interiors,"Back Panel Size: 60"" Wide Side Panels Size: 48"" Wide Made in Canada Finishes: Panel frame, flat foot and mobile foot Black (BLK), Designer White (DWT), and Tungsten (TUN) Fabric Blue Mist (LL14), Cara",Global Furniture Group,HIGH,[HIGH] model_code:'SKU prefix GLB' in sku->Global Furniture Group,Global Furniture Group,,APPROVE,,GLB-1@ML6660+2@ML6648FFP,GLB,
9749033386297,partitions-66-high-6-offices,"Partitions 66"" high 6 offices — 66""",Brant Business Interiors,"3@Back Panel Size: 60"" Wide 8@Side Panels Size: 48"" Wide Side Panels available in 24"" and 36"" Made in Canada Finishes: Panel frame, flat foot and mobile foot Black (BLK), Designer White (DWT), and Tun",Global Furniture Group,HIGH,[HIGH] model_code:'SKU prefix GLB' in sku->Global Furniture Group,Global Furniture Group,,APPROVE,,GLB-3@ML6660+8@ML6648FFP,GLB,
9751461036345,credenza-storage-hutch,Credenza storage & hutch,Brant Business Interiors,"Storage Credenza with hutch. Hutch is available with or without doors. Bottom Credenza comes with locking doors and drawers. Shown & Prices using 72"" W x 24"" Deep Credenza and 36"" high hutch. Availabl",NONE,UNKNOWN,no manufacturer signal; sku_prefix=IOF,NONE,,,,IOF-UN7224/MP/SC,IOF,IOF
9753585910073,basics-elora-chair-high-back-black-leather-luxhide-mvl1893upu30bl20,"Basics elora chair - high back - black - leather, luxhide — MVL1893UPU30BL20",Brant Business Interiors,"Makes a powerful first impression and creates a sophisticated workspace No more hunching! Adjustable armrests encourage proper posture, keeping your shoulders relaxed and comfortable Easily adjust the",Global Furniture Group,HIGH,[HIGH] model_code:'SKU prefix GLB' in sku->Global Furniture Group; [MEDIUM] sub_brand:'Basics' in title->Global Furniture Group,Global Furniture Group,Basics,APPROVE,,GLB-MVL1893U,GLB,
9753608388921,planter,Planter,Brant Business Interiors,Made-in-Canada commercial planter with a built-in sound-dampening finish — nature and acoustics working together in your workspace. Brant Business Interiors sources custom Canadian-made commercial pla,NONE,UNKNOWN,no manufacturer signal; sku_prefix=BEL,NONE,,,,BEL-HFP154829-GVS,BEL,BEL
9754651525433,shoptech-099rx,Shoptech — 099RX,Brant Business Interiors,Features Clean Room Class 100 Seating designed for this application is highly cleanable and meets a more intensive standard for environmental contamination. Cushions are polyurethane or vinyl upholste,NONE,UNKNOWN,no manufacturer signal; sku_prefix=none,NONE,,,,,,(no-sku)
9754654245177,shoptech-2410,Shoptech — 2410,Brant Business Interiors,"Features Pneumatic seat height adjustment Injection molded polyurethane seat and backrest cushions Height and depth adjustable backrest Heavy duty, steel step base with low profile glides Wipe down Se",NONE,UNKNOWN,no manufacturer signal; sku_prefix=HZN,NONE,,,,HZN-2410,HZN,HZN
9754654933305,shoptech-082,Shoptech — 082,Brant Business Interiors,"Features Seat covered in hardwearing vinyl upholstery Black steel heavy duty frame with footring Non slip glides Wipe down stool Seat height: 33"" Seat width: 14"" Seat depth: 14"" Back height: N/A"" Weig",NONE,UNKNOWN,no manufacturer signal; sku_prefix=HZN,NONE,,,,HZN-082,HZN,HZN
9757974364473,screenflex-room-dividers,Screenflex room dividers,Brant Business Interiors,"Screenflex Portable Room Dividers are the world's highest quality portable walls and can help you make much better use of your facility, time and budget. Simply roll them into position and set up the ",NONE,UNKNOWN,no manufacturer signal; sku_prefix=GLI,NONE,,,,GLI T9AB226455,GLI,GLI
9763429646649,credenza-lflf-1,Credenza lflf,Brant Business Interiors,"Credenza 72"" Wide x 22"" Deep x 29"" High 4 Drawer Lateral File Full Suspension Glides",NONE,UNKNOWN,no manufacturer signal; sku_prefix=HDL,NONE,,,,HDL-2@INV2236LFX+2272TOP,HDL,HDL
9763460579641,credenza-lfmsu,Credenza lfmsu,Brant Business Interiors,"Credenza 72"" Wide x 22"" Deep x 29"" High 4 Drawer Lateral File Full Suspension Glides",NONE,UNKNOWN,no manufacturer signal; sku_prefix=HDL,NONE,,,,HDL-2@INV2236LFX+2272TOP,HDL,HDL
9763504587065,wardrobe,Wardrobe,Brant Business Interiors,"Wardrobe Storage Unit Size: 65"" High x 18"" Wide x 24"" Deep Left Hinged Assembly Required",NONE,UNKNOWN,no manufacturer signal; sku_prefix=HDL,NONE,,,,HDL-INV6518WCL,HDL,HDL
9764262936889,premium-plinth-cylinder-table-recessed-base-2,"Premium plinth cylinder table, recessed base",Brant Business Interiors,High pressure laminate tables with adjustable plastic glides. Ideal for reception areas. Made in Canada,Global Furniture Group,HIGH,[HIGH] model_code:'SKU prefix GLB' in sku->Global Furniture Group,Global Furniture Group,,APPROVE,,GLB-CPPD1816,GLB,
9766928220473,hardfloor-casters,Hardfloor casters,Brant Business Interiors,"Merangue 2.5"" 64mm Twin Wheel Caster - 2.50"" Made for Hard Floor Surfaces Sold in 5's",NONE,UNKNOWN,no manufacturer signal; sku_prefix=MGE,NONE,,,,MGE-1091503100000,MGE,MGE
9768075526457,basics-comfort-time-ultra-multi-tilter-big-tall-with-headrest,Basics comfort-time ultra multi-tilter big & tall with headrest,Brant Business Interiors,Basics® Comfort-Time™ Ultra Multi-Tilter Big & Tall Chair with Headrest • Specifically intended for users of above average height and/or weight • Pneumatic seat height adjustment • Seat height adjustm,Global Furniture Group,HIGH,[HIGH] model_code:'SKU prefix GLB' in sku->Global Furniture Group; [MEDIUM] sub_brand:'Basics' in title->Global Furniture Group; [MEDIUM] sub_brand:'Basics' in body->Global Furniture Group,Global Furniture Group,Basics,APPROVE,,GLB BAOMVL13042G5,GLB,
9769268871481,trapezoid-tables-3-sizes,Trapezoid tables (3 sizes) — 3 sizes,Brant Business Interiors,"High pressure scratch resistant laminate Chewing gum resistant table backing 3mm vinyl bonded edgeband Rounded corners for safety 16 Gauge 1.25"" diameter steel tube Fully welded leg construction with ",NONE,UNKNOWN,no manufacturer signal; sku_prefix=MYB,NONE,,,,MYB- AT2448Z,MYB,MYB
9769301311801,aktivity-puddle,Aktivity Puddle,Brant Business Interiors,"A round activity table built for the floor where early learners actually work — spill-ready, safety-conscious, and sized for group engagement. The Aktivity Puddle is a 60"" diameter round table designe",NONE,UNKNOWN,no manufacturer signal; sku_prefix=MYB,NONE,,,,MYB-AT60PUD,MYB,MYB
9769338798393,half-round-40-unit,"Half round 40"" unit — 40""",Brant Business Interiors,"MVL13008 Craft | Half Round 40"" Unit Craft is a fully upholstered modular lounge seating and table series that features six fun shapes for seating and five tables that can be used interchangeably toge",Global Furniture Group,HIGH,[HIGH] model_code:'SKU prefix GLB' in sku->Global Furniture Group,Global Furniture Group,,APPROVE,,GLB-MVL13008,GLB,
9769341485369,craft-wedge-unit,Craft | wedge unit,Brant Business Interiors,Wedge Unit Craft is a fully upholstered modular lounge seating and table series that features six fun shapes for seating and five tables that can be used interchangeably together or alone to create ca,Global Furniture Group,HIGH,[HIGH] model_code:'SKU prefix GLB' in sku->Global Furniture Group,Global Furniture Group,,APPROVE,,GLB-MVL13009,GLB,
9769341550905,craft-rectangle-unit-1,Craft | rectangle unit,Brant Business Interiors,MVL13011 Craft | Rectangle Unit Craft is a fully upholstered modular lounge seating and table series that features six fun shapes for seating and five tables that can be used interchangeably together ,Global Furniture Group,HIGH,[HIGH] model_code:'SKU prefix GLB' in sku->Global Furniture Group,Global Furniture Group,,APPROVE,,GLB-MVL13011,GLB,
9769342763321,craft-round-20-unit,"Craft | round 20"" unit — 20""",Brant Business Interiors,"Craft | Round 20"" Unit Craft is a fully upholstered modular lounge seating and table series that features six fun shapes for seating and five tables that can be used interchangeably together or alone ",Global Furniture Group,HIGH,[HIGH] model_code:'SKU prefix GLB' in sku->Global Furniture Group,Global Furniture Group,,APPROVE,,GLB-MVL13007,GLB,
9769344172345,craft-curve-120-degree-unit-2,Craft | curve-120 degree unit,Brant Business Interiors,"Craft | Round 20"" Unit Craft is a fully upholstered modular lounge seating and table series that features six fun shapes for seating and five tables that can be used interchangeably together or alone ",Global Furniture Group,HIGH,[HIGH] model_code:'SKU prefix GLB' in sku->Global Furniture Group,Global Furniture Group,,APPROVE,,GLB-MVL13010,GLB,
9769354592569,rambler-ottoman-8-shape-size-options,Rambler ottoman (8 shape & size),Brant Business Interiors,"Rambler™ Rambler™ is a playful series of ottomans designed for collaborative and community spaces in workplace, education and select healthcare environments. Rambler creates lively, relaxed layouts wi",Global Furniture Group,HIGH,[HIGH] model_code:'SKU prefix GLB' in sku->Global Furniture Group,Global Furniture Group,,APPROVE,,GLB-RA2222SQ,GLB,
9769384116537,please-select-a-finish,Please select a Finish,Brant Business Interiors,,NONE,UNKNOWN,no manufacturer signal; sku_prefix=none,NONE,,,Avis-add-charge,,,(no-sku)
9770509140281,basics-elora-home-office-synchro-tilter-chair-1,Basics elora home office synchro tilter chair,Brant Business Interiors,Key Features: • Medium back chair with knitted mesh back and unique design • Pneumatic seat height adjustment for customizable comfort • Fixed back for added support • Height-adjustable arms for flexi,Global Furniture Group,HIGH,[HIGH] model_code:'SKU prefix GLO' in sku->Global Furniture Group; [HIGH] model_code:'MVL1891 (MVL Ibex line)' in sku->Global Furniture Group; [MEDIUM] sub_brand:'Basics' in title->Global Furniture Group,Global Furniture Group,Basics,APPROVE,,GLO-MVL1891,GLO,
9770563141945,chevron-ultra-medium-back-multi-tilter-chair,Chevron ultra medium back multi-tilter chair,Brant Business Interiors,Basics® Chevron Ultra™ Multi-Tilter Chairs • Soft Descent™ pneumatic seat height adjustment • Seat depth adjustment • Independent seat and back angle adjustment • Infinitely adjustable seat angle • Ad,Global Furniture Group,HIGH,[HIGH] model_code:'SKU prefix GLB' in sku->Global Furniture Group; [MEDIUM] sub_brand:'Basics' in body->Global Furniture Group,Global Furniture Group,Basics,APPROVE,,GLB-BAO1121-3G5,GLB,
9771322507577,adapt-high-back-synchro-tilter-mvl11725,Adapt | high back synchro-tilter — MVL11725,Brant Business Interiors,"Loop Arms Black frame with a Black 5-prong, injection molded, fiberglass reinforced nylon base with dual wheel carpet casters weight capacity of 300 lbs. air flow mesh back is available in Black only",Global Furniture Group,HIGH,[HIGH] model_code:'SKU prefix GLB' in sku->Global Furniture Group,Global Furniture Group,,APPROVE,,GLB-MVL11725,GLB,
9776144908601,marlee-synchro-tilter-chairs,Marlee synchro-tilter chairs,Brant Business Interiors,• Student and home office chair • Pneumatic seat height adjustment • Tilt tension adjustment • Height and width adjustable arms,Global Furniture Group,HIGH,[HIGH] model_code:'SKU prefix GLB' in sku->Global Furniture Group,Global Furniture Group,,APPROVE,,GLB-MVL11722,GLB,
9776145465657,yoho-task-chairs,Yoho task chairs,Brant Business Interiors,• Pneumatic seat height adjustment • Seat range from 16” to 21” • Comfortable compound curved back • Bonded Leather Armless,Global Furniture Group,HIGH,[HIGH] model_code:'SKU prefix GLBMV' in sku->Global Furniture Group,Global Furniture Group,,APPROVE,,GLBMVL2786,GLBMVL,
9776149299513,basics-comfort-time-drafting-stool-with-or-without-arms-1,Basics comfort-time drafting stool (with or without arms),Brant Business Interiors,• Pneumatic seat height adjustment • Adjustable foot ring • Hard floor casters • Fabric,Global Furniture Group,HIGH,[HIGH] model_code:'SKU prefix GLB' in sku->Global Furniture Group; [HIGH] model_code:'MVL2878 (MVL Ibex line)' in sku->Global Furniture Group; [MEDIUM] sub_brand:'Basics' in title->Global Furniture Group,Global Furniture Group,Basics,APPROVE,,GLB MVL2878,GLB,
9776397713721,jumbo-storage-cabinet-assembled-72-h-x48w-x-24-d,"Jumbo storage cabinet assembled 72"" h x48""w x 24"" d — 24""",Brant Business Interiors,"Extra Wide Hi-Boy Storage Cabinet Steel 4 Shelves 72"" H x 48"" W x 24"" D, Grey 3 Point Locking System Arrives Assembled",NONE,UNKNOWN,no manufacturer signal; sku_prefix=SCN,NONE,,,,SCN-FL786,SCN,SCN
9776398729529,deep-hi-boy-storage-cabinet-72-h-x-36-w-x-24-d,"Deep hi-boy storage cabinet 72"" h x 36"" w x 24"" d — 24""",Brant Business Interiors,"Description 4 Fully adjustable shelves Includes recessed handle and cylinder lock Suitable for office, plant, school or institutional storage needs 72""x24""x36""W Colour: Beige",NONE,UNKNOWN,no manufacturer signal; sku_prefix=SCN,NONE,,,,SCN-FJ883,SCN,SCN
9778210931001,sonic-bar-stools-for-42-high-tables,"Sonic bar stools for 42"" high tables — 42""",Brant Business Interiors,"1 2 Sonic™ Sonic is ideal for meeting rooms, office guest seating, food facilities, lecture halls, and just about anywhere. Sonic offers a wide range of models including guest chairs with or without a",Global Furniture Group,HIGH,[HIGH] model_code:'SKU prefix GLB' in sku->Global Furniture Group,Global Furniture Group,,APPROVE,,GLB6563,GLB,
9778549653817,momentum-series-combos-keyboard-arm-premium-quality,Momentum series combos keyboard arm (premium quality),Brant Business Interiors,Fully stores under desk These Convenience Combos combine our most popular trays with our #1 selling Momentum arm ADVANTAGES AND BENEFITS - The Momentum articulating keyboard arm incorporates dial knob,NONE,UNKNOWN,no manufacturer signal; sku_prefix=RIC,NONE,,,,RIC 5007438C3,RIC,RIC
9778565120313,delivery-charge-175-00,Delivery charge 175. — 00,Brant Business Interiors,"Due to the location of your delivery address, the charge is $175.00 plus tax",NONE,UNKNOWN,service/non-product line item (delivery/installation/etc.),NONE,,SKIP,,OCD175,OCD,
9779411976505,gardex-fireproof-lateral-file-2-3-4-drawer,"Gardex fireproof lateral file ( 2, 3 & 4 drawer) — 4 drawer",Brant Business Interiors,"Gardex® Insulated Vertical Filing Cabinets Made in Canada Features - GL Gardex Serie; stores legal, letter or A4 formats - Key operated plunger lock system - Inside temperature stays at 177°C if ambie",Gardex,HIGH,[HIGH] model_code:'SKU prefix GDX' in sku->Gardex,Gardex,,APPROVE,,GDXGL40221,GDXGL,
9779950256441,vertical-fireproof-cabinets-2-3-4-drawer,"Vertical fireproof cabinets (2, 3 & 4 drawer) — 4 drawer",Brant Business Interiors,Features - Vertical safe legal file cabinet - Legal file format - Key operated plunger lock system - Inside temperature stays at 177°C if ambient temp. is at 927°C - Content is protected even when ano,Gardex,HIGH,[HIGH] model_code:'SKU prefix GDX' in sku->Gardex,Gardex,,APPROVE,,GDX GF25221,GDX,
9782444425529,standard-lateral-files-2-3-4-5-drawers,"Standard lateral files (2,3,4 & 5 drawers) — 5 drawers",Brant Business Interiors,"Lateral Cabinet metal filing cabinet four high - 12"" fixed front drawers comes standard with counterweight recessed angled full pull interlock system allows for one drawer to open at a time lock inclu",Global Furniture Group,HIGH,[HIGH] model_code:'SKU prefix GLBMV' in sku->Global Furniture Group,Global Furniture Group,,APPROVE,,GLBMVL1936P2,GLBMVL,
9782474211641,institutional-series-lateral-file-cabinet-2-3-4-5-drawer,"Institutional series lateral file cabinet (2,3,4 & 5 drawer) — 5 drawer",Brant Business Interiors,"Prime™ A premium quality series featuring pedestals, lateral files, personal towers, combination storage units, storage cabinets and personal lockers. Prime offers over 700 models with countless speci",Global Furniture Group,HIGH,[HIGH] model_code:'SKU prefix GLB' in sku->Global Furniture Group,Global Furniture Group,,APPROVE,,GLBGULF20G1830P,GLBGULF,
9782603186489,two-drawer-lateral-file-nl3624lft,Two drawer lateral file — NL3624LFT,Brant Business Interiors,"NL3624LFT Newland | Two Drawer Lateral File with Top Newland - simple and modular components combining classic design, quality and value to support a wide range of workspace applications. From private",Global Furniture Group,HIGH,[HIGH] model_code:'SKU prefix GLBN' in sku->Global Furniture Group,Global Furniture Group,,APPROVE,,GLBNL3624LFT,GLBNL,
9782607446329,height-adjustable-rectangular-table-2-legs-nl48243qht,Height adjustable rectangular table - 2 legs,Brant Business Interiors,"NL48243QHT Newland | 48""x24"" Height Adjustable Rectangular Table - 2 legs Newland - simple and modular components combining classic design, quality and value to support a wide range of workspace appli",Global Furniture Group,HIGH,[HIGH] model_code:'SKU prefix GLBN' in sku->Global Furniture Group,Global Furniture Group,,APPROVE,,GLBNL48243QHT,GLBNL,
9783856824633,quick-assembly-electric-height-adjustable-base-2-legs,Quick assembly electric height adjustable base - 2 legs,Brant Business Interiors,"Quick assembly 2-leg, 3-stage electric height adjustable table base beam and leg columns with motors are all preassembled unfold leg columns and lock into place for use with tops up to from 42""- 84"" W",Global Furniture Group,HIGH,[HIGH] model_code:'SKU prefix GLBML' in sku->Global Furniture Group,Global Furniture Group,,APPROVE,Heights adjustable base,GLBMLIR30B BLK,GLBMLIR,
9785193038137,makerspace-tables,Makerspace tables,Brant Business Interiors,"Avenue A-Frame Table Features 1-3/4"" Thick Solid Maple Worksurface 11-gauge steel “L” channel welded to the legs and bolted to dual cross-table supports for additional strength 2-1/2"" x 2-1/2"" thick w",NONE,UNKNOWN,no manufacturer signal; sku_prefix=DIVERSIFIEDAFT,NONE,,,,DIVERSIFIEDAFT48305,DIVERSIFIEDAFT,DIVERSIFIEDAFT
9785822609721,triple-monitor-and-ipad-holder,Triple monitor and ipad holder,Brant Business Interiors,"Accommodates 2 Monitors and 1 Laptop or Ipad The most versatile monitor arm solution for your needs - The Flexa Pro single and dual monitor arms are a high-end floating monitor arm solution, ideal for",NONE,UNKNOWN,no manufacturer signal; sku_prefix=RIC,NONE,,,,RIC 500FP23100 & FEL 8044101,RIC,RIC
9785891127609,ranger-table,Ranger table,Brant Business Interiors,"Choose a versatile, highly durable drafting table with the Ranger Steel 4-Post Table with Tool Drawer. We make these tables to order, so you can customize your paint and laminate finishes to complemen",Safco,HIGH,[HIGH] model_code:'SKU prefix SAF' in sku->Safco,Safco,,APPROVE,,SAF-SP-7732A,SAF,
9786994098489,installation-chairs,Installation Chairs,Brant Business Interiors,,NONE,UNKNOWN,service/non-product line item (delivery/installation/etc.),NONE,,SKIP,,,,
9788103917881,credenza-with-sliding-doors-36-high,"Credenza with sliding doors 36"" high — 36""",Brant Business Interiors,"2 Sliding Door Credenza with lock Available in 1 or 2 colours Available in 3 Sizes: 60"" W x 24"" D x 36"" H 66"" W x 24"" D x 36"" H 72"" W x 24"" D x 36"" H Made in Canada",NONE,UNKNOWN,no manufacturer signal; sku_prefix=UN,NONE,,,,UN6024SC/SC/SLD2/36H,UN,UN
9788567388473,mobile-pedestal-digital-lock,Mobile pedestal & digital lock,Brant Business Interiors,Locking Casters Ships Assembled Made in Canada,Global Furniture Group,HIGH,[HIGH] model_code:'SKU prefix OFGO' in sku->Global Furniture Group,Global Furniture Group,,APPROVE,,OFGODM162327-MP-BBF-P1,OFGODM,
9788589900089,lateral-file-wood-laminate-2-3-4-drawer-options,"Lateral file wood laminate (2, 3 & 4 drawer options) — 4 drawer",Brant Business Interiors,Made in Canada Includes hanging bars and lock Durable laminate finish available in many wood and solid colours. Assortment of optional handles available. Full Suspension Glides,NONE,UNKNOWN,no manufacturer signal; sku_prefix=IOFUN,NONE,,,,IOFUN3624LF2,IOFUN,IOFUN
9788847030585,modern-grigio-reception-desk,Modern grigio reception desk,Brant Business Interiors,"Made in Canada Size: 84"" Wide x 36"" Deep Includes: 1 Set of drawers",NONE,UNKNOWN,no manufacturer signal; sku_prefix=IOFW,NONE,,,,IOFW10R,IOFW,IOFW
9788850307385,nutmeg-reception,Nutmeg reception,Brant Business Interiors,Modern style reception unit. Made in Canada DESCRIPTION WARDROBE - 16”W X 30”D X 46”H STORAGE - 16”W X 30”D X 46”H CUSTOM GALLERY DESK - 52”W X 24”D X 43”H CUSTOM GALLERY DESK - 55”W X 24”D X 43”H CUS,NONE,UNKNOWN,no manufacturer signal; sku_prefix=IOFW,NONE,,,,IOFW19R,IOFW,IOFW
9795527344441,supra-x-chair-1,Supra x chair,Brant Business Interiors,upra X is the perfect complement of affordable ergonomic task seating designed for contemporary appearance and comfort. Famous seating designer Zooey Chu was commissioned to create the ultimate chair.,Global Furniture Group,LOW,[LOW] designer:'Zooey Chu' in body->Global Furniture Group,Global Furniture Group,,,,5333-3,,
9795576660281,manual-height-adjustable-table,Manual height adjustable table,Brant Business Interiors,"Manually operated height adjustable tables with counterbalanced spring mechanism. Exceptional ergonomic alternative to traditional desking. Sit-Stand design promotes increased circulation, improving p",NONE,UNKNOWN,no manufacturer signal; sku_prefix=HTM,NONE,,,,HTM3058T/KEZLIFT,HTM,HTM
9795588981049,hutch-5-sizes,Hutch — 5 sizes,Brant Business Interiors,Hutches pre-drilled for optional hutch doors Available in 8 laminate wood colours Requires Assembly,NONE,UNKNOWN,no manufacturer signal; sku_prefix=HDLINV,NONE,,,,HDLINV3636H,HDLINV,HDLINV
9800589377849,plexiglass-modesty-panels,Plexiglass modesty panels,Brant Business Interiors,"Features Sized to be inset 2"" on each side when installed on like size work surface Ships in two cartons Brackets Included 6mm radius corner on plexiglass panel 14"" High Table not included",NONE,UNKNOWN,no manufacturer signal; sku_prefix=HDLINV,NONE,,,,HDLINV-MP1-1530PLX,HDLINV,HDLINV
9800598552889,laminate-modesty-panels,Laminate modesty panels,Brant Business Interiors,"Features Sized to be full-width modesty panel Ships in two cartons Finished with 3mm PVC on all sides 14"" High Brackets included",NONE,UNKNOWN,no manufacturer signal; sku_prefix=HDLINV,NONE,,,,HDLINV-MP2-1430LAPBLK,HDLINV,HDLINV
9800687845689,levels-l-shape,Levels l-shape,Brant Business Interiors,Features Series Overview Modern tiered design components with stylish optional 7’’ storage riser feet All laminate doors include soft close hinges New silver locks and silver keys are now standard on ,NONE,UNKNOWN,no manufacturer signal; sku_prefix=HDL,NONE,,,,HDL-LEVELS LAYOUT2,HDL,HDL
9815337566521,adapt-high-back-synchro-tilter-mvl11724-mvl11725,Adapt | high back synchro-tilter MVL11724 — MVL11725,Brant Business Interiors,"MVL11724 OR MVL11725 Adapt | High Back Synchro-Tilter Experience unparalleled comfort and style with our Canadian-made slim back chair. Designed for versatility, Adapt features a breathable mesh back ",Global Furniture Group,HIGH,[HIGH] model_code:'SKU prefix GLO' in sku->Global Furniture Group,Global Furniture Group,,APPROVE,,GLO-MVL11724,GLO,
9817158025529,halifax-typical-9,Halifax typical 9,Brant Business Interiors,"Built for the every day, evolving office, this desking and tables line is warm, inviting and balanced, with touches of industrial flair throughout. Many colour options. Total Size: 12' x 6.1"" Each sta",Tayco,HIGH,[HIGH] model_code:'SKU prefix TAY' in sku->Tayco,Tayco,,APPROVE,,TAY-Halifax TYPICAL9,TAY,
9817942851897,the-halifax-collection,The halifax collection,Brant Business Interiors,"Variety Choose from two unique leg options: A-Leg and V-Leg Seamless height-adjustable table integration Metal features available in 20 colours Design High design, high function, highly adaptable Made",NONE,UNKNOWN,no manufacturer signal; sku_prefix=none,NONE,,,,,,(no-sku)
9818040172857,delivery-charge-125,Delivery Charge 125,Brant Business Interiors,,NONE,UNKNOWN,service/non-product line item (delivery/installation/etc.),NONE,,SKIP,,Delivery $125.00,DELIVERY,
9819011055929,delivery-installation-charge-250-00,Delivery & installation Charge 250.00,Brant Business Interiors,,NONE,UNKNOWN,service/non-product line item (delivery/installation/etc.),NONE,,SKIP,,D&I 250,D,
9819013022009,delivery-installation-250,Delivery & Installation,Brant Business Interiors,,NONE,UNKNOWN,service/non-product line item (delivery/installation/etc.),NONE,,SKIP,,D&I 250,D,
9820585525561,koko-tables,Koko tables,Brant Business Interiors,"Work from anywhere with Koko. Whether you’re working on a couch, chair or anywhere else in the ofące, this minimalist laptop table easily adapts to your workspace. Its all aluminum construction is ava",Tayco,HIGH,[HIGH] model_code:'SKU prefix TAYCO' in sku->Tayco,Tayco,,APPROVE,,TAYCO RP TO- 261616,TAYCO,
9820816179513,halifax-executive-suite,Halifax executive suite,Brant Business Interiors,Halifax is a culmination of Office Central's steadfast commitment to always raising the bar through progressive design and providing the ultimate product experience. It offers flexible desking and tab,Tayco,HIGH,[HIGH] model_code:'SKU prefix TAYCO' in sku->Tayco,Tayco,,APPROVE,,TAYCO-Typical 1A,TAYCO,
9822314070329,halifax-series,Halifax series,Brant Business Interiors,Halifax is a culmination of OCI's steadfast commitment to always raising the bar through progressive design and providing the ultimate product experience. It offers flexible desking and tables that br,Tayco,HIGH,[HIGH] model_code:'SKU prefix TAY' in sku->Tayco,Tayco,,APPROVE,,TAY-TYP 6,TAY,
9822327505209,laminate-lockers-1,Laminate lockers,Brant Business Interiors,"Canadian Made wood or solid colour lockers. Available in many shapes and sizes. Size: 72""H x 16'W x 21""D (Available in other sizes) 4 Week Lead Time",NONE,UNKNOWN,no manufacturer signal; sku_prefix=IOF,NONE,,,,IOF-Lock#003,IOF,IOF
9822363451705,dolly-for-sonic-chairs-6517ws,Dolly for sonic chairs — 6517WS,Brant Business Interiors,This dolly is made specifically for the Sonic line of seating. Dimensions: W23.25 x D24.75 x H12.25 IN.,NONE,UNKNOWN,no manufacturer signal; sku_prefix=none,NONE,,,,,,(no-sku)
9822444749113,delivery-charge-65,Delivery Charge $65,Brant Business Interiors,,NONE,UNKNOWN,service/non-product line item (delivery/installation/etc.),NONE,,SKIP,,Delivery $65.00,DELIVERY,
9824093798713,aktivity-environ-table,Aktivity Environ table,Brant Business Interiors,"A wood-grain worktable built for busy daycare rooms — without the solid-wood price tag. The Aktivity Environ table brings a natural, warm aesthetic to early-learning and childcare environments. Its st",NONE,UNKNOWN,no manufacturer signal; sku_prefix=MTY,NONE,,,,MTY-EN30R,MTY,MTY
9826724872505,work-table-at,Work table at,Brant Business Interiors,Work Table 1” high performance thermally fused laminate with self edge top. Black metal skirt. Rectangle top with metal legs and leveling glides. Self edge is standard. Shipped easy to assemble in 1 c,Global Furniture Group,HIGH,[HIGH] model_code:'SKU prefix GLB' in sku->Global Furniture Group,Global Furniture Group,,APPROVE,,GLBAT6030,GLBAT,
9828101783865,ganging-plates-for-terina-tables-gfcngfp,Ganging plates for terina tables gfcngfp,Brant Business Interiors,May only be used with Terina Tables,NONE,UNKNOWN,no manufacturer signal; sku_prefix=GLC,NONE,,,,GLC-GFT3072R,GLC,GLC
9828305142073,sora-mesh-back-chair-6941-6942,Sora mesh back chair 6941 — 6942,Brant Business Interiors,"1 2 Sora™ Sora™ responds to your movements while you work. With perceptive adjustments built into a streamlined aesthetic, Sora provides the support you need to stay focused. Personalize your comfort ",Global Furniture Group,HIGH,[HIGH] model_code:'SKU prefix GLB' in sku->Global Furniture Group,Global Furniture Group,,APPROVE,,GLB6941,GLB,
9831568867641,delivery-35,DELIVERY 35,Brant Business Interiors,,NONE,UNKNOWN,service/non-product line item (delivery/installation/etc.),NONE,,SKIP,,DELIVERY35,DELIVERY,
9832199749945,felt-acoustic-room-dividers,Felt acoustic room dividers,Brant Business Interiors,"DISTRICT SCREENS Acoustic Panels District screens bring an opportunity to make peaceful spaces without building walls. with an added layer of acrylic between the acoustic panels, this design driven pr",NONE,UNKNOWN,no manufacturer signal; sku_prefix=HCA,NONE,,,Sound dampeners,HCA4747-BAM9-T,HCA,HCA
9832223867193,felt-acoustic-wall-tiles,Felt acoustic wall tiles,Brant Business Interiors,Silhouette Tiles Harmonious design and acoustic performance is the goal behind our silhouette tiles. We encourage you to have fun mixing and matching this exciting offering of acoustical tiles. They a,NONE,UNKNOWN,no manufacturer signal; sku_prefix=BEL,NONE,,,Sound dampeners wall tiles,BEL HWS1212-CIR9,BEL,BEL
9832616821049,ceiling-grids-sound-acoustic-dampeners-copy,Ceiling grids sound acoustic dampeners,Brant Business Interiors,Tame open-plan noise with modern 12mm felt ceiling acoustic panels — available in multiple colours and sizes for any workspace. Brant Business Interiors sources custom 12mm felt ceiling acoustic panel,NONE,UNKNOWN,no manufacturer signal; sku_prefix=BELAIR,NONE,,,,BELAIR HCG473608-4DAG12,BELAIR,BELAIR
9832623735097,ceiling-grids-sound-acoustic-dampeners-orb,Ceiling grids sound acoustic dampeners orb,Brant Business Interiors,"We offer multiple solutions to dampen the sound in open area's. Made out of 12mm felt, these modern looking products not only dampen the sound, but also create a flair in the working enviroment. Avail",NONE,UNKNOWN,no manufacturer signal; sku_prefix=BELAIR,NONE,,,,BELAIR HCG16-ORB12,BELAIR,BELAIR
9832764408121,hardware-for-ceiling-tiles,Hardware for ceiling tiles,Brant Business Interiors,"Mounting and suspension hardware for acoustic ceiling tiles and drop-ceiling panels. Includes the clips, wires, and brackets required for a clean installation. Compatible with standard T-grid ceiling ",NONE,UNKNOWN,no manufacturer signal; sku_prefix=none,NONE,,,,9  HAC-PANCLAMP-PF,,(no-sku)
9833161556281,ceiling-baffles-sound-acoustic-dampeners,Ceiling baffles sound acoustic dampeners,Brant Business Interiors,"Ceiling baffles that bring the noise down without getting in the way of your ceiling grid. Open-plan offices, training rooms, and multi-use facilities generate reflected sound that compounds throughou",NONE,UNKNOWN,no manufacturer signal; sku_prefix=none,NONE,,,Sound dampeners,,,(no-sku)
9834039345465,mobile-pedestal-file-file,Mobile pedestal file / file,Brant Business Interiors,Mobile Drawer Unit 2 File Drawers Files Letter or Legal Locking Wheels,NONE,UNKNOWN,no manufacturer signal; sku_prefix=IOF,NONE,,,,IOF IFFM21,IOF,IOF
9834060742969,delivery-75,Delivery 75,Brant Business Interiors,,NONE,UNKNOWN,service/non-product line item (delivery/installation/etc.),NONE,,SKIP,,Delivery75,DELIVERY,
9837829685561,scoot-8945bl-lectern,Scoot 8945BL lectern,Brant Business Interiors,"he Scoot Presentation Cart is a multi-platform presentation cart that supports laptops, computers and projectors. It features a height-adjustable presentation shelf and a bottom shelf for storage. The",Safco,HIGH,[HIGH] model_code:'SKU prefix SAF' in sku->Safco,Safco,,APPROVE,,SAF8945BL,SAF,
9840940810553,l-shape-desk-with-36h-privacy-panel,"L-shape desk with 36""h privacy panel — 36""",Brant Business Interiors,"L-Shape Desk with 36""H Privacy Panel Desk Size: 72"" 72"" Panel Height: 36"" off the desktop Assembly Required",Global Furniture Group,HIGH,[HIGH] model_code:'SKU prefix GLB' in sku->Global Furniture Group,Global Furniture Group,,APPROVE,,GLB-DGP1272X3 - HDL-INN2436RSBR-3672CM-FPUF,GLB,
9840946479417,l-shape-desk-with-36h-privacy-panel-1,"L-shape desk with 36""h privacy panel — 36""",Brant Business Interiors,"L-Shape Desk with 36""H Privacy Panel Desk Size: 72"" 72"" Panel Height: 36"" off the desktop Assembly Required",Global Furniture Group,HIGH,[HIGH] model_code:'SKU prefix GLB' in sku->Global Furniture Group,Global Furniture Group,,APPROVE,,GLB-DGP1272X6 + DPOST36 x 2 - HDL-INN2436RSBR-3672CM-FPUF,GLB,
9841829478713,round-table-cross-base-8-colours,Round table cross base — 8 colours,Brant Business Interiors,Heavy duty durable 27” wide base Low profile adjustable glides Available in two heights - 28.5” and 34.5” Base available in Black or Silver 8 Different Colour Tops,NONE,UNKNOWN,no manufacturer signal; sku_prefix=HDLINVR,NONE,,,,HDLINVR36+	900-CROSS-B-27,HDLINVR,HDLINVR
9841866506553,jax-sit-to-stand,Jax sit to stand,Brant Business Interiors,The NEW JAX Sit to Stand is the most innovative keyboard arm on the market - The Jax Sit to Stand rises above the desk more than any other to allow typing standing up. - Allows end user to type at the,NONE,UNKNOWN,no manufacturer signal; sku_prefix=RIC,NONE,,,,RIC-5008479C3,RIC,RIC
9842388468025,power-plant-500222pp90-daisychaining,Power plant 500222PP90 daisychaining,Brant Business Interiors,"9' SJT #14 cord 90° plug Input: 110 V 12 A USB output: 5 V 2.4 A charging only Aluminum construction Wire distance between the socket box and the adjustable box is 18"" SJT #14 cord Ideal for groupings",NONE,UNKNOWN,no manufacturer signal; sku_prefix=RIC,NONE,,,,RIC500222PP90,RIC,RIC
9843066274105,circular-reception-unit-w-41-r,Circular reception unit — W-41-R,Brant Business Interiors,"This stylish reception unit is built to sit up to 2-3 people. Functionality and Design. Made in Canada, this unit is available in many colours and several different sizes. Lead Time: 4-6 weeks Size: 1",NONE,UNKNOWN,no manufacturer signal; sku_prefix=IOF,NONE,,,,IOF-W41R,IOF,IOF
9846115074361,av-stand-sa-81-3016,Av stand — SA-81-3016,Brant Business Interiors,"A purpose-built AV cart that keeps your equipment organized, stable, and ready to work. The Subra Series SA-81-3016 is a commercial-grade AV stand engineered for offices, boardrooms, training rooms, a",NONE,UNKNOWN,no manufacturer signal; sku_prefix=HDL,NONE,,,,HDL-SA81-3016,HDL,HDL
9847159750969,luray-executive-chair,Luray executive chair,Brant Business Interiors,"Luray™ As the workplace continues to change, meetings and conferences can still be long days with demanding agendas. Luray provides ample proportions and full back support in an upholstered seating se",Global Furniture Group,HIGH,[HIGH] model_code:'SKU prefix GLO' in sku->Global Furniture Group,Global Furniture Group,,APPROVE,,GLO-64612,GLO,
9851749335353,monitor-arms,Monitor arms,Brant Business Interiors,"Single-monitor articulating arm that frees up desk space and supports ergonomic screen positioning. Fits most VESA-compatible displays up to standard office monitor sizes. Full-motion tilt, swivel, an",NONE,UNKNOWN,no manufacturer signal; sku_prefix=none,NONE,,,Avis-add-charge,,,(no-sku)
9851761426745,racetrack-conference-table-1-top,"Racetrack conference table 1"" top — 1""",Brant Business Interiors,"Canadian made tables come with 2 to 3 slab legs based on table size. 1"" thick top available in several colours. Easy Assembly Required",NONE,UNKNOWN,no manufacturer signal; sku_prefix=IOFRAPB,NONE,,,,IOFRAPB3660,IOFRAPB,IOFRAPB
9852995436857,display-shelving,Display shelving,Brant Business Interiors,Custom Display Rack Shown Size: 30”W x 16.5”D x 48”H This unit can be made any size to fit your available space. Several colour options. Lead Time: 4-6 Weeks. Made in Canada.,NONE,UNKNOWN,no manufacturer signal; sku_prefix=IOF,NONE,,,,IOF-B2016-17 X 2,IOF,IOF
9853010051385,storage-cabinet-with-doors,Storage cabinet with doors,Brant Business Interiors,Custom Storage Cabinet Shown Size: 4872”W x 48”D x 42”H This unit can be made any size to fit your available space. Locking Doors. Several colour options. Lead Time: 4-6 Weeks. Made in Canada.,NONE,UNKNOWN,no manufacturer signal; sku_prefix=IOF,NONE,,,,IOF-B2016-87,IOF,IOF
9853059694905,meeting-table,Meeting table,Brant Business Interiors,"Innovation tables include multiple size tops available many colour options Top: 1"" Thick Edge: Matching PVC Edge Legs: 4 Colour options",NONE,UNKNOWN,no manufacturer signal; sku_prefix=HDL,NONE,,,,HDL-INV-2436TBL-SQ2OFT,HDL,HDL
9855829967161,l-shape-suire,L-shape suite — HTWLEV1LOOP,Brant Business Interiors,"HDL® Levels Series Tiered Workstations Component based series featuring clean lines and a modern, layered aesthetic. L-Shape Layout 71”W x 71”D x 21-3/4”/29”H,",Heartwood,HIGH,[HIGH] model_code:'SKU prefix HTW' in sku->Heartwood,Heartwood,,APPROVE,,HTWLEV1LOOP,HTWLEV,
9855858245945,height-adjustable-l-shape-table-1,Height adjustable l-shape table,Brant Business Interiors,"Features: • Quick assembly design. Sturdy, 2-stage steel frame construction • 4 programmable memory positions • Actuator system with a dual synchronized motor driving each leg • Includes adjustable gl",NONE,UNKNOWN,no manufacturer signal; sku_prefix=HDL,NONE,,,,HDL-CLI-E1-3LEG-3060+2448 Top,HDL,HDL
9858778431801,cabinet-file-file-right-wardrobe-inv-6524cffwr-24,Cabinet / file / file / right wardrobe — INV-6524CFFWR-24,Brant Business Interiors,"Overview Cabinet / File / File / Right Wardrobe 23.75"" W x 23.75"" D x 64.5"" H 2 Adjustable shelves in upper cabinet Locking upper cabinet and file drawers Non-locking wardrobe Coat-rod and hat-shelf i",NONE,UNKNOWN,no manufacturer signal; sku_prefix=HDL,NONE,,,,HDL- INV-6524CFFWR-24,HDL,HDL
9858891776313,links-custom-reception-unit-60x72,"Links custom reception unit — 60""x72""",Brant Business Interiors,"Links Workspaces combine contemporary design and ergonomics, offered in a wide selection of beautiful finishes and textiles to enhance every workspace environment. Size: 60"" x 72"" Available in 60"", 66",NONE,UNKNOWN,no manufacturer signal; sku_prefix=CAB,NONE,,,,CAB1622LOBBF-CTS3636G-DSK2436LR-ECU246048CLF-LTS1224G-LTS1236G,CAB,CAB
9859466658105,credenza-storage-storage-with-locks,Credenza storage / storage with locks,Brant Business Interiors,"Two door Credenza Made in Canada Available in many colours and sizes. Height: 29""",NONE,UNKNOWN,no manufacturer signal; sku_prefix=IOF,NONE,,,,IOF-UN6024/SC/SC,IOF,IOF
9862922142009,coffee-table-1,Coffee table,Brant Business Interiors,"Made in Canada, 1″ laminated top, steel legs — a reception coffee table built for institutional daily use. This Canadian-made coffee table pairs a 1″ laminated top with a steel leg base for reception ",NONE,UNKNOWN,no manufacturer signal; sku_prefix=INVCOFREC,NONE,,,,INVCOFREC2436,INVCOFREC,INVCOFREC
9864578040121,indigenous-medicine-wheel-huddl,Indigenous medicine wheel huddl,Brant Business Interiors,Graphic Medicine Wheel Huddl incorporates a unique graphic high pressure laminate design of the Medicine Wheel. Paired with ingeniously crafted soft seating in matching colours that nest neatly beneat,NONE,UNKNOWN,no manufacturer signal; sku_prefix=MTY,NONE,,,,MTY-HDDLGMED#,MTY,MTY
9868797346105,lockers-2-tier,Lockers 2-tier,Brant Business Interiors,"Description Keep your workplace tidy while also providing secure storage for personal items. Available in both knocked down and assembled models, lockers feature durable steel construction and magneti",NONE,UNKNOWN,no manufacturer signal; sku_prefix=SCN,NONE,,,,SCN-FN478,SCN,SCN
9874943738169,metal-cross-base-with-levelers,Metal cross base with levelers,Brant Business Interiors,"Features Heavy-duty, durable 27"" wide base Low-profile adjustable glides Perfect for lunchrooms and cafeterias Black (BL) or Silver (SL) powder coat finish 2 Base Height available (not including top) ",NONE,UNKNOWN,no manufacturer signal; sku_prefix=HDL,NONE,,,,HDL-900-CROSS-B-27 SIL,HDL,HDL
9874945835321,metal-round-metal-base,Metal round metal base,Brant Business Interiors,"Features Heavy-duty, Low-profile adjustable glides Perfect for lunchrooms and cafeterias Black (BL) or Silver (SL) powder coat finish 3 Base Height available (not including top) Ships in two cartons",NONE,UNKNOWN,no manufacturer signal; sku_prefix=HDL,NONE,,,,HDL-900-ROU20-SIL,HDL,HDL
9874949079353,metal-square-metal-base,Metal square metal base,Brant Business Interiors,"Features Heavy-duty, Low-profile adjustable glides Perfect for lunchrooms and cafeterias Black (BL), White or Silver (SL) powder coat finish 3 Base Height available (not including top) Ships in two ca",NONE,UNKNOWN,no manufacturer signal; sku_prefix=HDL,NONE,,,,HDL-900-SQB20-SIL,HDL,HDL
9882644414777,manual-height-adjustable-base,Manual height adjustable base (tops sold separately),Brant Business Interiors,TO ORDER TOPS FEATURES: • Compact manual sit-to-stand desk frame (base only) • Foldable handle prevents interference • Top Size Range: 42”min - 60”max width (larger than 60” wide is not recommended) •,NONE,UNKNOWN,no manufacturer signal; sku_prefix=HDL,NONE,,,,HDL-900-CRANK,HDL,HDL
9884899213625,desk-shells,Desk shells,Brant Business Interiors,Desk Shells Available in 7 sizes and colours Requires assembly Quick Ship,NONE,UNKNOWN,no manufacturer signal; sku_prefix=HDLINV,NONE,,,,HDLINV2448DS,HDLINV,HDLINV
9893580931385,bungee-tables-rectangular-flip-top-table-spider-legs-wheels,"Bungee tables rectangular flip-top table, spider legs, wheels",Brant Business Interiors,"Versatile, efficient, economical. Bungee comes complete with table tops, legs and Bungee cords, allowing quick and easy reconfiguring of table settings without using any tools. The multi-usage Bungee ",Global Furniture Group,HIGH,[HIGH] model_code:'SKU prefix GLB' in sku->Global Furniture Group,Global Furniture Group,,APPROVE,,GLB-BX2442RES45BS,GLB,
9893597905209,l-shape-desk-with-hutch,"L-shape desk with hutch — 72""X72""",Brant Business Interiors,"Desk with Return and Hutch Size: 72"" x 72"" Mobile Drawer Unit with lock/key Several colour options",NONE,UNKNOWN,no manufacturer signal; sku_prefix=IOF,NONE,,,,IOF-UN72HUTDO43-UN7230TD-UN4224EROPRH-IBBFM24,IOF,IOF
9893783208249,please-select-a-finish-1,Please Select a Finish,Brant Business Interiors,,NONE,UNKNOWN,no manufacturer signal; sku_prefix=none,NONE,,,Avis-add-charge,,,(no-sku)
9897109848377,staxx-chair,STAXX Chair,Brant Business Interiors,ACTIV™ STAXX™ SERIES • Functional and versatile • Can be stacked 10 high or nested for storage (armless) • Integrated carrying handle molded in the underside of seat • Ganging connectors are integrate,NONE,UNKNOWN,no manufacturer signal; sku_prefix=HZN,NONE,,,,HZN-NK03,HZN,HZN
9897192554809,executive-workstation-10x10,Executive workstation — 10'x10',Brant Business Interiors,This set includes: Consists Of: QTY SKU DESCRIPTION 1 P-Top Island w/Faux Pedestal LT 1 Space Savr Return 16 throat RT 1 4 D ConnecTble Tbl Return RT 1 3H OPEN STOR CABINET 1 Z30L5E 53H 2 FILE W/DOORS,Global Furniture Group,HIGH,[HIGH] model_code:'SKU prefix GLB' in sku->Global Furniture Group,Global Furniture Group,,APPROVE,,GLB-ZRA504,GLB,
9903963603257,hutch-with-doors,Hutch with doors (assembled),Brant Business Interiors,Available in several Sizes and Colours Made in Canada,NONE,UNKNOWN,no manufacturer signal; sku_prefix=UN,NONE,,,,UN36HUTDO/43,UN,UN
9905517953337,robust-high-back-multi-tilter-chair-2526,Robust high back multi-tilter chair — 2526,Brant Business Interiors,"FEATURES: ●Seat width between arms 25¼” to 28¼”. Width adjustable arms by 1. 5” on each side. ●Heavy duty pneumatic cylinder, mechanism & frame (designed specially for an active user weight up to 500 ",Global Furniture Group,HIGH,[HIGH] model_code:'SKU prefix GLB' in sku->Global Furniture Group,Global Furniture Group,,APPROVE,,GLB 2526,GLB,
9905594925369,dispose,Disposal program,Brant Business Interiors,"Price includes: Dismantling (if required) Removal Disposal (Parts may be recycled or sent to ""Dump Site"")",NONE,UNKNOWN,no manufacturer signal; sku_prefix=OCI,NONE,,,,OCI-DISPOSAL PROGRAM,OCI,OCI
9911112433977,metal-apex-desk,Metal apex desk,Brant Business Interiors,"The Apex teachers desk features integral wire management, a modesty panel and 2 locking box box file pedestals - everything the busy teacher needs! High pressure laminate work surface Chewing gum resi",NONE,UNKNOWN,no manufacturer signal; sku_prefix=MTYB,NONE,,,,MTYB AP3060.BBF2,MTYB,MTYB
9911124263225,contemporary-metal-desk,Contemporary metal desk,Brant Business Interiors,This desk features sturdy 3-inch diameter legs reinforced with 3/8-inch solid bar supports for exceptional strength. It includes a decorative perforated modesty panel to ensure user privacy. The desk ,NONE,UNKNOWN,no manufacturer signal; sku_prefix=MTY,NONE,,,,MTY- TUT2448.MPL,MTY,MTY
9916922233145,additional-services-dismantle-re-assemble,Additional services-dismantle & re-assemble,Brant Business Interiors,Dismantle 1 U-Shape workstation and move it to another office and re-assemble.,NONE,UNKNOWN,no manufacturer signal; sku_prefix=DISMANTLE,NONE,,,,Dismantle & Re-Assemble,DISMANTLE,DISMANTLE
9924895768889,cluster-seating,Cluster seating 4,Brant Business Interiors,"Description Comfortably seats 4 adults Size: 24""x48"" 1"" thick 45lb high density particle board High pressure scratch resistant laminate Chewing gum resistant table backing 3mm vinyl bonded edgeband Ro",NONE,UNKNOWN,no manufacturer signal; sku_prefix=none,NONE,,,,,,(no-sku)
9924896358713,cluster-seating-2,Cluster seating 2,Brant Business Interiors,"Comfortably seats 2 adults 1"" thick industrial grade particle board High pressure scratch resistant laminate 3mm edge band for superior security, durability, strength and hygiene Durable powder coat f",Global Furniture Group,HIGH,[HIGH] model_code:'2424 (Concorde line code)' in sku->Global Furniture Group,Global Furniture Group,,APPROVE,,MTY-B2 2424,MTY,
9936909893945,mobile-machine-stand-with-shelf-on-wheels,Mobile machine stand with shelf on wheels,Brant Business Interiors,"30.75"" Height x 28"" Width x 19.25"" Depth - Mahogany - Laminated Particleboard - Mahogany Generous countertop sized to fit most office machines 2 doors with elegant pull handles Concealed compartment w",NONE,UNKNOWN,no manufacturer signal; sku_prefix=IOF,NONE,,,,IOF-C901221,IOF,IOF
9942359015737,desk-top-dividers-1,Desk top dividers,Brant Business Interiors,"Features 12mm thick tackable acoustic frameless PET felt panels made from recycled eco-friendly material (100% polyester) A-level permanent fire protection Mountable above or below worksurfaces 24"" an",NONE,UNKNOWN,no manufacturer signal; sku_prefix=HDL,NONE,,,,HDL-OUTEM1-1524PETST,HDL,HDL
9943309746489,new-pneumatic-single-arm-monitor-stand,"""new"" pneumatic single-arm monitor stand",Brant Business Interiors,"Pneumatic Single or Double Monitor Arm Stand This new monitor stand features the same sleek look as our existing 100-MA2C, with a neutral black frame and blue accents. The 100-MA1C is perfect for free",NONE,UNKNOWN,no manufacturer signal; sku_prefix=HDL,NONE,,,,HDL-100-MA1C,HDL,HDL
9943316529465,laptop-holder-for-100-ma1c-100-ma2c-monitor-arms,Laptop holder for 100-MA1C & 100-MA2C monitor arms only,Brant Business Interiors,Laptop mounting tray that attaches to the 100-MA1C and 100-MA2C monitor arms only . Swap the tray onto the arm in place of a monitor to mount a laptop for flexible dual-use workstations. Secure retent,NONE,UNKNOWN,no manufacturer signal; sku_prefix=HDL,NONE,,,Laptop Holder,HDL-100LPTP,HDL,HDL
9944186683705,delivery-charge-tailgate,Delivery Charge (Tailgate),Brant Business Interiors,,NONE,UNKNOWN,service/non-product line item (delivery/installation/etc.),NONE,,SKIP,,Delivery300,DELIVERY,
9945372459321,sonic-armchair-upholstered-seat-polypropylene-back-casters-6574,"Sonic armchair, upholstered seat & polypropylene back, casters (6574) — 6574",Brant Business Interiors,"Sonic™ Armchair, Upholstered Seat & Polypropylene Back, Casters (6574) Dimensions: W23 x D21.5 x H33 IN.",Global Furniture Group,HIGH,[HIGH] model_code:'SKU prefix GLB' in sku->Global Furniture Group,Global Furniture Group,,APPROVE,,GLB6574,GLB,
9952132563257,delivery-installation,Delivery & Installation,Brant Business Interiors,Delivery & Installation,NONE,UNKNOWN,service/non-product line item (delivery/installation/etc.),NONE,,SKIP,,Delivery & Installation$50,DELIVERY,
9960567046457,keys-2-set,Keys 2/set,Brant Business Interiors,Keys for Global Cabinets Custom order: Non Returnable Key Shape may differ,NONE,UNKNOWN,no manufacturer signal; sku_prefix=none,NONE,,,,,,(no-sku)
9963313004857,levels-bookcase,Levels bookcase,Brant Business Interiors,"Introducing Levels, HDL’s new multi-tiered, layered office furniture series that combines contemporary metal details with durable laminate designs. Choose from over 80 IN-STOCK , high quality, modular",NONE,UNKNOWN,no manufacturer signal; sku_prefix=HDL,NONE,,,,HDL LEV-6532BK,HDL,HDL
9963964367161,follower-block-mvlfb,Follower block mvlfb,Brant Business Interiors,"MVLFB Follower Block Important Note: This item is made only for the MVL25 Series Vertical File. For use with 25""D letter and legal vertical files. Specifically designed to hold up file folders. Specif",Global Furniture Group,HIGH,[HIGH] model_code:'SKU prefix GLB' in sku->Global Furniture Group,Global Furniture Group,,APPROVE,,GLB-MVLFB,GLB,
9968003612985,round-metal-base,Round metal base,Brant Business Interiors,"Features Heavy-duty, Low-profile adjustable glides Perfect for lunchrooms and cafeterias Black (BL), White or Silver (SL) powder coat finish 3 Base Height available (not including top) Ships in two ca",NONE,UNKNOWN,no manufacturer signal; sku_prefix=HDL,NONE,,,,HDL-900-ROU20SIL,HDL,HDL
9968013639993,fax-printer-machine-stand,"Fax, printer, machine stand",Brant Business Interiors,"Heavy-duty mobile stand built for printers, fax machines, and multi-function copiers. A stable steel base and lockable casters make it easy to reposition without unplugging or lifting the machine. Sup",NONE,UNKNOWN,no manufacturer signal; sku_prefix=HDL,NONE,,,,HDL-SA-84-3220,HDL,HDL
9968549429561,temptations-office-suite,Temptations office suite,Brant Business Interiors,"This suite offers style and functionality Available in many colours, Temptations is available in many sizes, made to order. Dimensions: Back Wall 120"" x 76"" High / Table Desk 72"" x 30"" Made in Canada ",NONE,UNKNOWN,no manufacturer signal; sku_prefix=IOF,NONE,,,,IOF-B2016-62,IOF,IOF
9968549888313,temptations-office-suite-copy,The corporate office suite,Brant Business Interiors,"This suite offers style and functionality Available in many colours, The Corporate"" is available in many sizes, made to order. Dimensions: Back Wall 86"" wide x 72"" High / Desk 132"" x 24"" Made in Canad",NONE,UNKNOWN,no manufacturer signal; sku_prefix=IOF,NONE,,,,IOF-B2016-49,IOF,IOF
9982113481017,eor-guest-chair-mvl3920b,Eor guest chair — MVL3920B,Brant Business Interiors,Eor | Upholstered Guest Chair multi-purpose guest chair bonded Black Leather durable steel four-legged frame contoured back and seat cushions with waterfall seat edge welcoming soft self-skinned polyu,NONE,UNKNOWN,no manufacturer signal; sku_prefix=none,NONE,,,,,,(no-sku)
9982116069689,low-back-stacking-chair-mvl2747,Low back stacking chair — MVL2747,Brant Business Interiors,MVL2748 Minto | Low Back Stacking Chair Stacking chair Fully upholstered seat and frame Round tube steel frame,Global Furniture Group,HIGH,[HIGH] model_code:'SKU prefix GLO' in sku->Global Furniture Group; [HIGH] model_code:'MVL2747 (MVL Ibex line)' in title->Global Furniture Group; [HIGH] model_code:'MVL2748 (MVL Ibex line)' in body->Global Furniture Group,Global Furniture Group,,APPROVE,,GLOMVL2747,GLOMVL,
9983628968249,l-shape-suite-layout-41c,L-shape suite layout # — 41C,Brant Business Interiors,Includes: Rectangular Bullet Top Desk 48” Rectangle Top Laminate. Hanging Modesty Panel Freestanding Pedestal - No Top Wardrobe / Storage Cabinet Open Overhead Storage Laminate Doors For Overhead Stor,NONE,UNKNOWN,no manufacturer signal; sku_prefix=HDL,NONE,,,,HDL-Layout 41C,HDL,HDL
10008720867641,custom-reception-unit-accessories,Custom reception unit & accessories,Brant Business Interiors,"As per Drawing, Sizes as shown.",NONE,UNKNOWN,no manufacturer signal; sku_prefix=none,NONE,,,,,,(no-sku)
10012482797881,student-chairs-3-sizes,Student Chairs (3 sizes),Brant Business Interiors,"Features: SOFIA Educational Chairs K-12 Available Seat Finishes: • 3 sizes of chairs - 14”, 16”, 18” • Reinforced with 19mm x 1.7mm thick crossbeams • Base finish is Chrome plated • One piece injectio",NONE,UNKNOWN,no manufacturer signal; sku_prefix=EDU,NONE,,,,EDU-SOFIA-LEG-14,EDU,EDU
10017041875257,spritz-with-arms-and-castors-6765c,Spritz with arms and castors — 6765C,Brant Business Interiors,"Mobile and comfortable, Spritz keeps everyone engaged. The series extends itself with work chairs in two back heights and counter/transaction height stools. The translucent, elasticized mesh back is a",Global Furniture Group,HIGH,[HIGH] model_code:'SKU prefix GLO' in sku->Global Furniture Group,Global Furniture Group,,APPROVE,,GLO-6765C,GLO,
10023161004345,arm-caps-for-2330-chair,Arm caps for 2330 chair,Brant Business Interiors,Model # 014038973-A for Model # 2330 Chair Sold as eaches. Order 2 ( Left and Right Arm) Not exactly as shown. NON Returnable. Price includes handling,NONE,UNKNOWN,no manufacturer signal; sku_prefix=none,NONE,,,,,,(no-sku)
10024625176889,solo-gues-chair,Solo guest chair — 5225SSU,Brant Business Interiors,Contoured seat and back and waterfall seat edge provide extended comfort with armcaps finished in urethane. Standard upright position tilt-tension/tilt-lock/seat height adjustments on chairs with cast,Global Furniture Group,HIGH,[HIGH] model_code:'SKU prefix GLO' in sku->Global Furniture Group,Global Furniture Group,,APPROVE,,GLO5225SSU,GLO,
10029504528697,cord-cover,Cord cover snake,Brant Business Interiors,Wire Management Snake for Height Adjustable Units length can be easily changed moves with your unit 3 Colour options,NONE,UNKNOWN,no manufacturer signal; sku_prefix=HDL,NONE,,,,HDL-100-WM1300,HDL,HDL
10030448312633,white-board-magnetic-mobile-on-wheels,White board magnetic (mobile) on wheels,Brant Business Interiors,"Features 35.6 x 43.4"" Magnetic Glass (Streak-free) Whiteboard (Side 1) & Tack-able Felt (Side 2) surface 34.2 x 3.2"" Storage tray 37.7 x 26.4"" Footprint mobile aluminum base with locking casters Each ",NONE,UNKNOWN,no manufacturer signal; sku_prefix=HDL,NONE,,,,HDL 100-7138MWF,HDL,HDL
10040680808761,pneumatic-single-table,Pneumatic single table,Brant Business Interiors,"The Pneumatic Sit-Stand Mobile Desk lets you move seamlessly from sitting to standing with a smooth, lever-operated pneumatic lift. A sturdy aluminum frame is finished in sleek silver or black Adjust ",NONE,UNKNOWN,no manufacturer signal; sku_prefix=IOF,NONE,,,,IOF-PN2420,IOF,IOF
10043552071993,sonic-armchair-polypropylene-seat-back-6513,"Sonic armchair, polypropylene seat & back (6513) — 6513",Brant Business Interiors,"Sonic is ideal for meeting rooms, office guest seating, food facilities, lecture halls, and just about anywhere. Dimensions: W23 x D21.5 x H33 IN.",NONE,UNKNOWN,no manufacturer signal; sku_prefix=none,NONE,,,,,,(no-sku)
10046412554553,solid-steel-shelving-starter-set,"Solid steel shelving, starter set",Brant Business Interiors,These rugged and dependable T-Bolt™ shelving units deliver real supporting strength for all types of storage uses. Quality shelving for heavy-duty storage solutions. Offset angle post support heavy lo,NONE,UNKNOWN,no manufacturer signal; sku_prefix=none,NONE,,,,,,(no-sku)
10052613177657,colour,Colour,Brant Business Interiors,,NONE,UNKNOWN,no manufacturer signal; sku_prefix=none,NONE,,,Avis-add-charge,,,(no-sku)
10053881692473,l-shape-workstations,"L-shape workstations (9 sizes, 8 colours) — 9 sizes",Brant Business Interiors,"Quality, choice and value are key ingredients that define the Innovations series. Combining high quality furniture with an abundance of components and finishes to choose from, along with our exception",NONE,UNKNOWN,no manufacturer signal; sku_prefix=INV,NONE,,,,INV3060DS-INVHPF-INV2430RSBR,INV,INV
10084137697593,lateral-file-used-5-drawer-beige-nevada,Lateral file (used) 5 drawer beige nevada — 5 drawer,Brant Business Interiors,Features Levelling glides standard Cam locks with removable cores are standard File bars included Interlock system prevents tipping by allowing only one drawer to open at a time Counterweights availab,NONE,UNKNOWN,no manufacturer signal; sku_prefix=none,NONE,,,,,,(no-sku)
10085789335865,grommet-hole-cover,Grommet hole & cover,Brant Business Interiors,"2"" Plastic Cover For Local locations only Includes onsite cutting Hole Size: 2"" Cover Size: 1.76""",NONE,UNKNOWN,no manufacturer signal; sku_prefix=none,NONE,,,,,,(no-sku)
10085804048697,table-tops,Table tops (17 shapes & sizes),Brant Business Interiors,"Construction Tops and Gables are 1"" thick. All are thermally fused melamine on a 45 pound, industrial particle board core. Leveling glides are standard on all floor models. Edge Details All INV series",NONE,UNKNOWN,no manufacturer signal; sku_prefix=IOF,NONE,,,,IOF-UN3624TOP/NGM,IOF,IOF
10086725615929,table-desk-height-adjustable,Table desk height adjustable,Brant Business Interiors,"This Canadian made Table Desk is available in 6 sizes. Base Quick assembly 2-leg, 3-stage electric height adjustable table base beam and leg columns with motors are all preassembled unfold leg columns",NONE,UNKNOWN,no manufacturer signal; sku_prefix=IOF,NONE,,,,IOF-HA#014-2460,IOF,IOF
10086763954489,lateral-file-storage-cabinet-with-shelves-copy,Lateral file & storage cabinet with shelves,Brant Business Interiors,"Made in Canada Framed with 1"" thick construction with locking drawers and doors. Adjustable shelves Frosted Plexi-Glass door fronts with Aluminum Frame Full Suspension drawers 4-5 Week Lead time.",NONE,UNKNOWN,no manufacturer signal; sku_prefix=IOF,NONE,,,,IOF-UN3066LF/SC/GD/21,IOF,IOF
10102429090105,corner-maker-12,Corner maker — 12,Brant Business Interiors,"Features Stamped steel construction Adjustable design fits 1"" - 2.25"" thick work surfaces 12"" wide design for minimum setback from work surface Track mounting capability allows attachment of keyboard ",NONE,UNKNOWN,no manufacturer signal; sku_prefix=HZN,NONE,,,,HZN-CM2,HZN,HZN
10102435873081,i-pad-holders,Ipad holders,Brant Business Interiors,"Anti-Theft, floor mounted enclosure/stand for iPad tablet Features Lock and key secured case for tablet Home button accessible 90 degree rotation and 75 degree tilt adjustable Interior cable managemen",NONE,UNKNOWN,no manufacturer signal; sku_prefix=HZN,NONE,,,,HZN-ECAPSF02,HZN,HZN
10102505341241,coat-tree,Coat tree,Brant Business Interiors,"Coordinating coat trees come in three styles, all with stabilizing levelling glides.",NONE,UNKNOWN,no manufacturer signal; sku_prefix=none,NONE,,,,,,(no-sku)
10102691627321,corner-maker-2-sizes,Corner maker — 2 sizes,Brant Business Interiors,"CornerShaper™ The single solution designed to turn vacant right angles into convenient useful workspaces. To enable easy selection, the Corner Shaper™ is available in three widths, 26” (660mm), 19½” (",NONE,UNKNOWN,no manufacturer signal; sku_prefix=ERG,NONE,,,,ERG-CS25703,ERG,ERG
10107361100089,folding-chair-cart,Folding chair cart,Brant Business Interiors,Cart will stack & hold 32pcs TLT-FC6 chairs or 26pcs TLT-FCB6 chairs TLT-FCB6 chairs stack in alternating directions Same durable finish as chairs Hard locking casters (suitable for carpet or other so,NONE,UNKNOWN,no manufacturer signal; sku_prefix=HDL,NONE,,,,HDL-TLT-CCART,HDL,HDL
10111254855993,6-drawer-end-tab-cabinet-s128-drawers,6 drawer end tab cabinet S128 drawers — 6 drawer,Brant Business Interiors,"Made in Canada Cabinets with fixed shelves, receding doors, and looped full pull handles accommodate letter size files and file pockets Includes 3 plate dividers per shelf and easily accessible lock P",NONE,UNKNOWN,no manufacturer signal; sku_prefix=TEK,NONE,,,,TEK-LLF60L2036D1A 2102204,TEK,TEK
10128782164281,round-table-29-high-8-colours,"Round table 29"" high (8 colours) — 8 colours",Brant Business Interiors,"Round Table Square Flat Base (Silver or Black) 1"" Thick Top Usually ships in 1 week",NONE,UNKNOWN,no manufacturer signal; sku_prefix=INV,NONE,,,,INV900-SQB20-BLK R30,INV,INV
10128802709817,electric-desk-riser-dual-monitor-arm,Electric desk riser + dual monitor arm,Brant Business Interiors,Electric Desk Riser + Dual Monitor Arm Large 37.25”” x 20.5” work surface. EVR Enhanced Vertical Range from 4.7” to 21.7”. Electric lift system raises up to 40 lbs. Rear grommet for optional monitor a,NONE,UNKNOWN,no manufacturer signal; sku_prefix=none,NONE,,,,,,(no-sku)
10132451787065,round-table-42,Round table — 42,Brant Business Interiors,"42″ round, X-base, 8 finishes — a meeting room table that fits where a rectangular table won’t. This 42″ round meeting table seats four to five attendees comfortably in a footprint that works in consu",NONE,UNKNOWN,no manufacturer signal; sku_prefix=HDL,NONE,,,,HDL-INV42RT-INV-XB26,HDL,HDL
10158668710201,demeter-mid-back-ergonomic-chair-buyers-choice-award,"Demeter mid back ergonomic chair ""buyers choice award""",Brant Business Interiors,"Features: • Upholstered, high density moulded foam fabric seat & mesh back • Seat depth adjustment • 3D arms • Pneumatic seat height adjustment • Dual nylon casters, ideal for soft or hard floors • AN",NONE,UNKNOWN,no manufacturer signal; sku_prefix=HZN,NONE,,,,HZN-DEM HB,HZN,HZN
10159634022713,educational-student-tables-5-shapes-sizes,Educational Student Tables (5 Shapes & Sizes),Brant Business Interiors,Educational Tables Available Finish: Maple (HIGH PRESSURE LAMINATE MPL) • High Pressure Laminate Tops • Radius corners • Grey 2mm edge banding • Height adjustable pin height legs range from 21.5” - 30,NONE,UNKNOWN,no manufacturer signal; sku_prefix=HDL,NONE,,,,HDL-EDU-SQ48-RPH2,HDL,HDL
10170849231161,evolve-workstations,Evolve workstations,Brant Business Interiors,"Evolve® Stack. Connect. Support. Evolve offers tailored solutions that shape space, connect people and support new ways of working. Evolve provides the backbone to building complete office landscapes.",NONE,UNKNOWN,no manufacturer signal; sku_prefix=none,NONE,,,,,,(no-sku)
10179884024121,delivery,Delivery,Brant Business Interiors,Delivery service for Office Central / Brant Business Interiors orders. Select the option that matches your destination and delivery needs. Our team confirms scheduling and access requirements after yo,NONE,UNKNOWN,service/non-product line item (delivery/installation/etc.),NONE,,SKIP,Service,,,
10179884155193,installation-1,Installation,Brant Business Interiors,On-site installation service for furniture delivered by Office Central. Pick the option that matches what you ordered — a member of our team will confirm the appointment after checkout. Standard Insta,NONE,UNKNOWN,service/non-product line item (delivery/installation/etc.),NONE,,SKIP,Service,,,
10182901629241,vitrola-lounge-seating-4-size-options,Vitrola lounge seating (4 size options) — 4 size,Brant Business Interiors,"1 2 Vitrola™ Vitrola™ is a finely-tailored, transitional reflection on the 19th century French Empire style. Simplified geometry and proportions make it right for the times. Classic soft seating uphol",Global Furniture Group,HIGH,[HIGH] model_code:'SKU prefix GLB' in sku->Global Furniture Group,Global Furniture Group,,APPROVE,,GLB8271,GLB,
10192184049977,ultra-guest-chair,Ultra guest chair,Brant Business Interiors,MVL11743 Ultra | Armless Medium Back Guest Chair Cantilever style base Welded steel frame with Chrome finish Armless Upholstered in LuxPlus vinyl,NONE,UNKNOWN,no manufacturer signal; sku_prefix=none,NONE,,,,,,(no-sku)
10196145045817,part-time-task-chair-with-height-adjustable-arms-mvl,Part-Time | Task Chair with Height Adjustable Arms MVL,Brant Business Interiors,"MVL2846 Part-Time | Task Chair with Height Adjustable Arms Part-Time series is a collection of office chairs proudly made in Canada, designed to offer exceptional value without compromising on comfort",Global Furniture Group,HIGH,[HIGH] model_code:'SKU prefix GLB' in sku->Global Furniture Group; [HIGH] model_code:'MVL2846 (MVL Ibex line)' in sku->Global Furniture Group; [HIGH] model_code:'MVL2846 (MVL Ibex line)' in body->Global Furniture Group,Global Furniture Group,,APPROVE,,GLB-MVL2846,GLB,
10197008449849,fame-high-back-weight-sensing-synchro-tilter,Fame | High Back Weight Sensing Synchro-Tilter,Brant Business Interiors,"Designed to balance comfort, performance and value, Fame delivers reliable support with a clean, modern look. This ergonomic task chair features a breathable mesh back for air-flow and a height adjust",Global Furniture Group,HIGH,[HIGH] model_code:'SKU prefix GLB' in sku->Global Furniture Group,Global Furniture Group,,APPROVE,,GLB-OTG11401,GLB,
10197035385145,wave-high-back-synchro-tilter,Wave | High Back Synchro-Tilter,Brant Business Interiors,"Built for professionals who spend long hours at their desk, Wave combines dynamic support with modern design. Featuring a breathable mesh back and many adjustments, this ergonomic task chair promotes ",NONE,UNKNOWN,no manufacturer signal; sku_prefix=none,NONE,,,,,,(no-sku)
10212197105977,upscale-meeting-boardroom-tables-3-sizes-8-colours-3-sizes-copy,"Upscale meeting / boardroom tables 3 sizes, 8 colours — 3 sizes (Copy)",Brant Business Interiors,"Features Inset extruded black aluminum frame creates a sturdy, lightweight, base without compromising leg space and allows for maximizing seating capacity Features sleek contoured angled legs in your ",NONE,UNKNOWN,no manufacturer signal; sku_prefix=HDL,NONE,,,,HDL-INV-RT9648-MUP,HDL,HDL
