"product_id","handle","title","admin_url","storefront_url","current_vendor","current_product_type","current_tags","status","variant_count","price_min","price_max","primary_image_url","body_excerpt","created_at","claude_confidence","claude_reasoning","recommended_sub_collection_1","recommended_sub_collection_2","recommended_sub_collection_3","recommended_brand","accept_recommendations","override_sub_collection_1","override_sub_collection_2","override_sub_collection_3","override_brand","additional_tags","leave_in_other","archive_this","notes_for_leo"
"9943309746489","new-pneumatic-single-arm-monitor-stand","""new"" pneumatic single-arm monitor stand","https://admin.shopify.com/store/office-central-online/products/9943309746489","https://brantbusinessinteriors.com/products/new-pneumatic-single-arm-monitor-stand","Brant Business Interiors","","oecm-eligible","active","2","269.99","369.99","https://cdn.shopify.com/s/files/1/0859/0413/0361/files/office-central-brant-business-interiors-single-arm-new-pneumatic-single-arm-monitor-stand-43328446595385.png?v=1759098279","Pneumatic Single or Double Monitor Arm Stand This new monitor stand features the same sleek look as our existing 100-MA2C, with a neutral black frame and blue accents. The 100-MA1C is perfect for freeing up space on your desk and works well with both flat and curved monitors. FEATURES: • Detachable VESA plate (Drilled for 75x75 and 100x100mm) for easier monitor installation • Holds up to 32” (sing","2025-08-06","high","monitor-arms(22: anchor:'monitor arm',anchor:'monitor stand'); desk-top-sit-stand(4: tokens:desk,stand); desktop-sit-stand(2: tokens:stand)","monitor-arms","desk-top-sit-stand","desktop-sit-stand","Brant Business Interiors","","","","","","","","",""
"9726676795705","u-shaped-desk-with-3-stage-height-adjustable-table","""u"" shaped desk with 3-stage height adjustable table","https://admin.shopify.com/store/office-central-online/products/9726676795705","https://brantbusinessinteriors.com/products/u-shaped-desk-with-3-stage-height-adjustable-table","Brant Business Interiors","","oecm-eligible","active","1","2111.00","2111.00","https://cdn.shopify.com/s/files/1/0859/0413/0361/files/U_-Shaped-Desk-with-3-Stage-Height-Adjustable-Table-Business-Interiors-16748347.png?v=1750124809","NLP412 simple and modular components combining classic design, quality and value to support a wide range of workspace applications. From private offices to open plan, meeting and training spaces, Newland offers functional and practical desking solutions that will stand the test of time. L-shaped height adjustable table and credenza with pedestal thermally fused laminate top, 1"" thick 2 mm matching","2024-12-10","high","desks(25: handle-exact:desk,anchor:'l-shape'); height-adjustable-tables(12: anchor:'height adjustable',tokens:adjustable); l-shape-desks(10: anchor:'l-shape')","desks","height-adjustable-tables","l-shape-desks","Brant Business Interiors","","","","","","","","",""
"9714121933113","atlas-sit-to-stand-height-adjustable-desk","Atlas sit to stand height adjustable desk","https://admin.shopify.com/store/office-central-online/products/9714121933113","https://brantbusinessinteriors.com/products/atlas-sit-to-stand-height-adjustable-desk","Brant Business Interiors","","oecm-eligible","active","1","620.68","620.68","https://cdn.shopify.com/s/files/1/0859/0413/0361/files/Atlas-Sit-to-Stand-Height-Adjustable-Desk-Business-Interiors-16740631.png?v=1750123194","Single-Leg. Features 4 programmable memory positions. Low power consumption in standby mode.. Height ranges from 24-1/2"" to 50"". Max weight capacity 130 lbs. 1"" laminate top combined with single-leg height-adjustable base. Top: 24""x36""","2024-11-25","high","desk-top-sit-stand(18: anchor:'sit to stand',tokens:desk,sit,stand,top); height-adjustable-tables(12: anchor:'height adjustable',tokens:adjustable); desktop-sit-stand(4: tokens:sit,stand)","desk-top-sit-stand","height-adjustable-tables","desktop-sit-stand","Brant Business Interiors","","","","","","","","",""
"9770509140281","basics-elora-home-office-synchro-tilter-chair-1","Basics elora home office synchro tilter chair","https://admin.shopify.com/store/office-central-online/products/9770509140281","https://brantbusinessinteriors.com/products/basics-elora-home-office-synchro-tilter-chair-1","Brant Business Interiors","","oecm-eligible","active","1","599.99","599.99","https://cdn.shopify.com/s/files/1/0859/0413/0361/files/Basicsr-EloraTM-Home-Office-Synchro-Tilter-Chair-Business-Interiors-16770866.png?v=1750129198","Key Features: • Medium back chair with knitted mesh back and unique design • Pneumatic seat height adjustment for customizable comfort • Fixed back for added support • Height-adjustable arms for flexibility • Mesh back and fabric seat combination for breathability and modern style • Assembly not included for easy setup and customization","2025-01-28","high","task-chairs(20: anchor:'tilter',anchor:'synchro'); ergonomic-products(20: anchor:'tilter',anchor:'synchro'); medium-back-seating(4: tokens:back,medium)","task-chairs","ergonomic-products","medium-back-seating","Brant Business Interiors","","","","","","","","",""
"9103188459833","boat-shaped-conference-table-96-x-36-x-29","Boat shaped conference table — 96"" x 36"" x 29""","https://admin.shopify.com/store/office-central-online/products/9103188459833","https://brantbusinessinteriors.com/products/boat-shaped-conference-table-96-x-36-x-29","Brant Business Interiors","","oecm-eligible","active","1","799.99","799.99","https://cdn.shopify.com/s/files/1/0859/0413/0361/files/Boat-Shaped-Conference-Table-96_-x-36_-x-29_-Business-Interiors-16689044.jpg?v=1750112254","DESCRIPTION Conference Table is a perfect addition to an home or office where style, comfort, and functionality are combined Ideal & stylish look for your boardroom Boardroom tables are available for small and large meeting areas. 1 piece top with 2 laminate based. Designed for quick and easy assembly.","2024-02-25","high","meeting-tables(24: anchor:'boardroom table',anchor:'conference table'); boardroom-conference-meeting(6: tokens:boardroom,conference,meeting); all-boardroom(4: tokens:boardroom,conference)","meeting-tables","boardroom-conference-meeting","all-boardroom","Brant Business Interiors","","","","","","","","",""
"9698674803001","bookcase-31-5-wide-x-13-75-deep","Bookcase 32"" wide x 14"" deep — 14""","https://admin.shopify.com/store/office-central-online/products/9698674803001","https://brantbusinessinteriors.com/products/bookcase-31-5-wide-x-13-75-deep","Brant Business Interiors","","bestseller, oecm-eligible","active","3","249.99","349.99","https://cdn.shopify.com/s/files/1/0859/0413/0361/files/Bookcase-32_-Wide-x-14_-Deep-Business-Interiors-16731793.png?v=1750121276","Innovations Bookcase 1"" construction Optional bookcase door set (INV-32BKDRS - includes soft-close hinge, hardware and lock) Optional door set can be installed top or bottom 48"" High: 3 shelves 66"" High: 4 Shelves 72"" High: 5 Shelves","2024-11-08","high","bookcases(25: handle-exact:bookcase,anchor:'bookcase')","bookcases","","","Brant Business Interiors","","","","","","","","",""
"9667812786489","bookcase-metal-2-size-options","Bookcase metal 2 size options — 2 size","https://admin.shopify.com/store/office-central-online/products/9667812786489","https://brantbusinessinteriors.com/products/bookcase-metal-2-size-options","Brant Business Interiors","","oecm-eligible","active","2","429.99","529.99","https://cdn.shopify.com/s/files/1/0859/0413/0361/files/Bookcase-Metal-2-Size-options-Business-Interiors-16707640.png?v=1750116108","Economical and sturdy metal bookcase is available in a range of colours. Three adjustable shelves and one fixed bottom shelf Load capacity per shelf of 85 lbs evenly distributed","2024-09-30","high","bookcases(25: handle-exact:bookcase,anchor:'bookcase'); metal-vertical-files(2: tokens:metal)","bookcases","metal-vertical-files","","Brant Business Interiors","","","","","","","","",""
"9688271159609","bow-front-desk-72x42","Bow front desk — 72""X42""","https://admin.shopify.com/store/office-central-online/products/9688271159609","https://brantbusinessinteriors.com/products/bow-front-desk-72x42","Brant Business Interiors","","oecm-eligible","active","1","899.99","899.99","https://cdn.shopify.com/s/files/1/0859/0413/0361/files/Bow-Front-Desk-72_X42_-Business-Interiors-16724424.png?v=1750119740","Bow Front Desk with a supported drawer pedestal. Size: 72""x42"" 3 Week Lead Time. Shown in Royal Mahogany","2024-10-25","high","desks(25: handle-exact:desk,anchor:'bow front'); pedestal-drawers-storage(12: anchor:'pedestal',tokens:pedestal); storage(10: anchor:'pedestal')","desks","pedestal-drawers-storage","storage","Brant Business Interiors","","","","","","","","",""
"9924907008313","concorde-high-back-24hr-executive-synchro-tilter-2424","Concorde high back 24HR executive synchro-tilter (2424) — 2424","https://admin.shopify.com/store/office-central-online/products/9924907008313","https://brantbusinessinteriors.com/products/concorde-high-back-24hr-executive-synchro-tilter-2424","Global Furniture Group","","oecm-eligible","active","1","1920.76","1920.76","https://cdn.shopify.com/s/files/1/0859/0413/0361/files/office-central-brant-business-interiors-default-title-concorde-high-back-24hr-executive-synchro-tilter-2424-43176519270713.png?v=1759098266","Concorde provides unique push-button control from the arm of the chair. With the click of a button the seat floats free; press again and it locks firmly in the desired seating position. The presidential model is the ultimate executive chair, with a supportive and enhanced wider seat, a tall back and contrasting stitching. Many workplaces operate around the clock and this is where the 24HR model th","2025-07-14","high","task-chairs(20: anchor:'tilter',anchor:'synchro'); ergonomic-products(20: anchor:'tilter',anchor:'synchro'); executive-seating(14: anchor:'executive chair',tokens:executive,seating)","task-chairs","ergonomic-products","executive-seating","Global Furniture Group","","","","","","","","",""
"9763429646649","credenza-lflf-1","Credenza lflf","https://admin.shopify.com/store/office-central-online/products/9763429646649","https://brantbusinessinteriors.com/products/credenza-lflf-1","Brant Business Interiors","","oecm-eligible","active","1","1399.99","1399.99","https://cdn.shopify.com/s/files/1/0859/0413/0361/files/Credenza-LFLF-Business-Interiors-16763847.png?v=1750128081","Credenza 72"" Wide x 22"" Deep x 29"" High 4 Drawer Lateral File Full Suspension Glides","2025-01-20","high","credenzas(27: handle-exact:credenza,anchor:'credenza'); lateral-file-cabinets-storage(14: anchor:'lateral file',tokens:file,lateral); storage(10: anchor:'credenza')","credenzas","lateral-file-cabinets-storage","storage","Brant Business Interiors","","","","","","","","",""
"9763460579641","credenza-lfmsu","Credenza lfmsu","https://admin.shopify.com/store/office-central-online/products/9763460579641","https://brantbusinessinteriors.com/products/credenza-lfmsu","Brant Business Interiors","","oecm-eligible","active","1","1399.99","1399.99","https://cdn.shopify.com/s/files/1/0859/0413/0361/files/Credenza-LFMSU-Business-Interiors-16764035.png?v=1750128126","Credenza 72"" Wide x 22"" Deep x 29"" High 4 Drawer Lateral File Full Suspension Glides","2025-01-20","high","credenzas(27: handle-exact:credenza,anchor:'credenza'); lateral-file-cabinets-storage(14: anchor:'lateral file',tokens:file,lateral); storage(10: anchor:'credenza')","credenzas","lateral-file-cabinets-storage","storage","Brant Business Interiors","","","","","","","","",""
"9722789822777","credenza-sliding-doors","Credenza sliding doors","https://admin.shopify.com/store/office-central-online/products/9722789822777","https://brantbusinessinteriors.com/products/credenza-sliding-doors","Brant Business Interiors","","oecm-eligible","active","5","1299.99","1599.99","https://cdn.shopify.com/s/files/1/0859/0413/0361/files/Credenza-Sliding-Doors-Business-Interiors-16742330.png?v=1750123554","Credenza with 2 sliding doors. Lockable 1 Adjustable Shelf Available in 1 or 2 colour combinations","2024-12-05","high","credenzas(27: handle-exact:credenza,anchor:'credenza'); storage(10: anchor:'credenza'); height-adjustable-tables(2: tokens:adjustable)","credenzas","storage","height-adjustable-tables","Brant Business Interiors","","","","","","","","",""
"9751461036345","credenza-storage-hutch","Credenza storage & hutch","https://admin.shopify.com/store/office-central-online/products/9751461036345","https://brantbusinessinteriors.com/products/credenza-storage-hutch","Brant Business Interiors","","oecm-eligible","active","1","1449.99","1449.99","https://cdn.shopify.com/s/files/1/0859/0413/0361/files/Credenza-Storage-_-Hutch-Business-Interiors-16760923.png?v=1750127486","Storage Credenza with hutch. Hutch is available with or without doors. Bottom Credenza comes with locking doors and drawers. Shown & Prices using 72"" W x 24"" Deep Credenza and 36"" high hutch. Available in one or two colours. Lead Time: 3-4 Weeks","2025-01-08","high","credenzas(27: handle-exact:credenza,anchor:'credenza'); storage(27: handle-exact:storage,anchor:'credenza'); pedestal-drawers-storage(4: tokens:drawers,storage)","credenzas","storage","pedestal-drawers-storage","Brant Business Interiors","","","","","","","","",""
"9859466658105","credenza-storage-storage-with-locks","Credenza storage / storage with locks","https://admin.shopify.com/store/office-central-online/products/9859466658105","https://brantbusinessinteriors.com/products/credenza-storage-storage-with-locks","Brant Business Interiors","","oecm-eligible","active","5","966.00","1279.99","https://cdn.shopify.com/s/files/1/0859/0413/0361/files/business-interiors-60-x-24-credenza-storage-storage-with-locks-42754144403769.png?v=1759098311","Two door Credenza Made in Canada Available in many colours and sizes. Height: 29""","2025-04-30","high","storage(42: handle-exact:storage,handle-exact:storage); credenzas(27: handle-exact:credenza,anchor:'credenza'); all-storage(2: tokens:storage)","storage","credenzas","all-storage","Brant Business Interiors","","","","","","","","",""
"9788103917881","credenza-with-sliding-doors-36-high","Credenza with sliding doors 36"" high — 36""","https://admin.shopify.com/store/office-central-online/products/9788103917881","https://brantbusinessinteriors.com/products/credenza-with-sliding-doors-36-high","Brant Business Interiors","","oecm-eligible","active","3","1249.99","1329.99","https://cdn.shopify.com/s/files/1/0859/0413/0361/files/Credenza-with-Sliding-doors-36_-High-Business-Interiors-16782015.png?v=1750131743","2 Sliding Door Credenza with lock Available in 1 or 2 colours Available in 3 Sizes: 60"" W x 24"" D x 36"" H 66"" W x 24"" D x 36"" H 72"" W x 24"" D x 36"" H Made in Canada","2025-02-15","high","credenzas(27: handle-exact:credenza,anchor:'credenza'); storage(10: anchor:'credenza')","credenzas","storage","","Brant Business Interiors","","","","","","","","",""
"9693064692025","credenza-60x20","Credenza — 60""x20""","https://admin.shopify.com/store/office-central-online/products/9693064692025","https://brantbusinessinteriors.com/products/credenza-60x20","Brant Business Interiors","","oecm-eligible","active","1","1299.99","1299.99","https://cdn.shopify.com/s/files/1/0859/0413/0361/files/Credenza-60_x20_-Business-Interiors-16727915.png?v=1750120451","CUSTOM CREDENZA 60""W X 20""D X 29""H","2024-11-03","high","credenzas(27: handle-exact:credenza,anchor:'credenza'); storage(10: anchor:'credenza')","credenzas","storage","","Brant Business Interiors","","","","","","","","",""
"9776398729529","deep-hi-boy-storage-cabinet-72-h-x-36-w-x-24-d","Deep hi-boy storage cabinet 72"" h x 36"" w x 24"" d — 24""","https://admin.shopify.com/store/office-central-online/products/9776398729529","https://brantbusinessinteriors.com/products/deep-hi-boy-storage-cabinet-72-h-x-36-w-x-24-d","Brant Business Interiors","","oecm-eligible","active","1","999.99","999.99","https://cdn.shopify.com/s/files/1/0859/0413/0361/files/Deep-Hi-Boy-Storage-Cabinet-72_-H-x-36_-W-x-24_-D-Business-Interiors-16774693.png?v=1750130078","Description 4 Fully adjustable shelves Includes recessed handle and cylinder lock Suitable for office, plant, school or institutional storage needs 72""x24""x36""W Colour: Beige","2025-02-03","high","storage(27: handle-exact:storage,anchor:'storage cabinet'); all-storage(2: tokens:storage); gfg-storage(2: tokens:storage)","storage","all-storage","gfg-storage","Brant Business Interiors","","","","","","","","",""
"9455162884409","desk-double-pedestal","Desk double pedestal","https://admin.shopify.com/store/office-central-online/products/9455162884409","https://brantbusinessinteriors.com/products/desk-double-pedestal","Brant Business Interiors","","oecm-eligible","active","3","1264.00","1399.00","https://cdn.shopify.com/s/files/1/0859/0413/0361/files/Desk-Double-Pedestal-Business-Interiors-16694919.png?v=1750113616","Box/box/file and file/file pedestal positions are reversible","2024-06-04","high","pedestals(25: handle-exact:pedestal,anchor:'pedestal'); desks(15: handle-exact:desk); storage(10: anchor:'pedestal')","pedestals","desks","storage","Brant Business Interiors","","","","","","","","",""
"9455233368377","desk-l-shape-with-drawers","Desk l-shape with drawers","https://admin.shopify.com/store/office-central-online/products/9455233368377","https://brantbusinessinteriors.com/products/desk-l-shape-with-drawers","Brant Business Interiors","","oecm-eligible","active","1","1299.00","1299.00","https://cdn.shopify.com/s/files/1/0859/0413/0361/files/Desk-L-Shape-with-Drawers-Business-Interiors-16695265.png?v=1750113684","NEWLAND | ""L"" SHAPED DESK WITH PEDESTAL - 66""W X 66""D Newland - simple and modular components combining classic design, quality and value to support a wide range of workspace applications. From private offices, open plan, meeting and training spaces, Newland offers functional and practical desking solutions that will stand the test of time. Table desk with return and pedestal Thermally fused lamin","2024-06-04","high","desks(25: handle-exact:desk,anchor:'l-shape'); pedestal-drawers-storage(14: anchor:'pedestal',tokens:drawers,pedestal); l-shape-desks(12: anchor:'l-shape',tokens:shape)","desks","pedestal-drawers-storage","l-shape-desks","Brant Business Interiors","","","","","","","","",""
"9039376023865","desk-u-shape-mlp205-1","Desk u-shape","https://admin.shopify.com/store/office-central-online/products/9039376023865","https://brantbusinessinteriors.com/products/desk-u-shape-mlp205-1","Brant Business Interiors","","oecm-eligible","active","1","1799.99","1799.99","https://cdn.shopify.com/s/files/1/0859/0413/0361/files/Desk-U-Shape-Business-Interiors-16682591.png?v=1750110809","NEWLAND | ""U"" SHAPED SUITE - 72""W X 102""D Newland - simple and modular components combining classic design, quality and value to support a wide range of workspace applications. From private offices, open plan, meeting and training spaces, Newland offers functional and practical desking solutions that will stand the test of time. Rectangular island and credenza with hutch and hanging pedestal Therm","2024-01-17","high","desks(25: handle-exact:desk,anchor:'u-shape'); u-shape-desks(12: anchor:'u-shape',tokens:shape); room-open-plan(4: tokens:open,plan)","desks","u-shape-desks","room-open-plan","Brant Business Interiors","","","","","","","","",""
"9729952809273","dual-coloured-bookcase-15-sizes-available","Dual coloured bookcase (15 sizes available) — 15 sizes","https://admin.shopify.com/store/office-central-online/products/9729952809273","https://brantbusinessinteriors.com/products/dual-coloured-bookcase-15-sizes-available","Brant Business Interiors","","oecm-eligible","active","15","249.99","499.00","https://cdn.shopify.com/s/files/1/0859/0413/0361/files/Dual-Coloured-Bookcase-_15-Sizes-Available_-Business-Interiors-16750891.jpg?v=1750125328","FEATURES: SOLID MATCHING BACK STANDARD All outer panels come in white only. Shown in 72"" High Smaller sizes have less shelves SHIPS ASSEMBLED Made in Canada","2024-12-13","high","bookcases(25: handle-exact:bookcase,anchor:'bookcase'); all-panels(2: tokens:panels); otg-panels(2: tokens:panels)","bookcases","all-panels","otg-panels","Brant Business Interiors","","","","","","","","",""
"9666752708921","echo-medium-back-multi-tilter-3671-3-1","Echo medium back multi-tilter (3671-3) — 3671-3","https://admin.shopify.com/store/office-central-online/products/9666752708921","https://brantbusinessinteriors.com/products/echo-medium-back-multi-tilter-3671-3-1","Brant Business Interiors","","oecm-eligible","active","1","650.00","650.00","https://cdn.shopify.com/s/files/1/0859/0413/0361/files/EchoTM-Medium-Back-Multi-Tilter-_3671-3_-Business-Interiors-16704370.png?v=1750115368","Ergonomic seating solution with adjustable features, allows individual users to customize the fit of the chair for their own body proportions. Standard with back/lumbar height and angle adjustment, seat height adjustment, forward seat angle adjustment/lock, infinite angle chair tilt-lock, tension adjustment, and height and width adjustable arms. Dimensions: W26 x D26.5 x H44 IN.","2024-09-29","high","ergonomic-products(22: anchor:'tilter',anchor:'ergonomic'); all-ergonomic(12: anchor:'ergonomic',tokens:ergonomic); task-chairs(10: anchor:'tilter')","ergonomic-products","all-ergonomic","task-chairs","Brant Business Interiors","","","","","","","","",""
"9768066646329","ergo-boss-multi-tilter-chair-2","Ergo boss multi-tilter chair","https://admin.shopify.com/store/office-central-online/products/9768066646329","https://brantbusinessinteriors.com/products/ergo-boss-multi-tilter-chair-2","Global Furniture Group","","oecm-eligible","active","3","819.99","869.99","https://cdn.shopify.com/s/files/1/0859/0413/0361/files/Ergo-BossTM-Multi-Tilter-Chair-Business-Interiors-16765640.png?v=1750128479","Ergo Select… Choose the components and design the chair that is right for you. Create ""The Perfect Chair"". A comprehensive ergonomic seating solution featuring three sizes of seats and backs. Tritek Ergo Select provides more choices than typical task seating so chairs that fit the size, shape, tasks and working preferences of office individuals can be specified while maintaining a uniform look thr","2025-01-25","high","ergonomic-products(22: anchor:'tilter',anchor:'ergonomic'); task-chairs(14: anchor:'tilter',tokens:chairs,task); all-ergonomic(12: anchor:'ergonomic',tokens:ergonomic)","ergonomic-products","task-chairs","all-ergonomic","Global Furniture Group","","","","","","","","",""
"9726800527673","executive-suites-height-adjustable-desk","Executive suites height adjustable desk","https://admin.shopify.com/store/office-central-online/products/9726800527673","https://brantbusinessinteriors.com/products/executive-suites-height-adjustable-desk","Brant Business Interiors","","oecm-eligible","active","1","4250.00","4250.00","https://cdn.shopify.com/s/files/1/0859/0413/0361/files/Executive-Suites-Height-Adjustable-Desk-Business-Interiors-16748534.png?v=1750124851","Configuration includes Electric height adjustable desk with Plexiglas modesty Credenza & Lateral file, Hutch with glass Doors & Tack Board, Wardrobe Desk height ranges from 24-2/5""- 50"" Mobile Box & File Pedestal with cushion Desk 72""W x 30""D Credenza 90""W x 24""D x 66""H Codes: CAL-E1-2LEG-72, 2XINV-2236O LFX, INV-2272TOP, INV-3072TOP, INV-3672H, INV-3672TBGRY,INV-6518WC-R, INV-72HDRS-AL,INV-CUSHGR","2024-12-10","high","storage(20: anchor:'pedestal',anchor:'credenza'); height-adjustable-tables(12: anchor:'height adjustable',tokens:adjustable); pedestal-drawers-storage(12: anchor:'pedestal',tokens:pedestal)","storage","height-adjustable-tables","pedestal-drawers-storage","Brant Business Interiors","","","","","","","","",""
"10197008449849","fame-high-back-weight-sensing-synchro-tilter","Fame | High Back Weight Sensing Synchro-Tilter","https://admin.shopify.com/store/office-central-online/products/10197008449849","https://brantbusinessinteriors.com/products/fame-high-back-weight-sensing-synchro-tilter","Brant Business Interiors","","oecm-eligible","active","2","399.99","429.99","https://cdn.shopify.com/s/files/1/0859/0413/0361/files/OTG11401.jpg?v=1777908478","Designed to balance comfort, performance and value, Fame delivers reliable support with a clean, modern look. This ergonomic task chair features a breathable mesh back for air-flow and a height adjustable lumbar support for proper posture throughout the workday. Adjustable features and a contoured seat provide lasting comfort and flexibility, helping users stay focused, comfortable and productive ","2026-05-04","high","task-chairs(32: anchor:'task chair',anchor:'tilter'); ergonomic-products(32: anchor:'tilter',anchor:'synchro'); all-ergonomic(12: anchor:'ergonomic',tokens:ergonomic)","task-chairs","ergonomic-products","all-ergonomic","Brant Business Interiors","","","","","","","","",""
"9832199749945","felt-acoustic-room-dividers","Felt acoustic room dividers","https://admin.shopify.com/store/office-central-online/products/9832199749945","https://brantbusinessinteriors.com/products/felt-acoustic-room-dividers","Brant Business Interiors","Sound dampeners","oecm-eligible","active","20","1089.00","1689.99","https://cdn.shopify.com/s/files/1/0859/0413/0361/files/business-interiors-sound-dampeners-47-75-x47-bamboo-t-bar-cable-gripper-felt-acoustic-room-dividers-42571579883833.png?v=1759098217","DISTRICT SCREENS Acoustic Panels District screens bring an opportunity to make peaceful spaces without building walls. with an added layer of acrylic between the acoustic panels, this design driven product is the next step in our progression of dividers that are meant to bring peace of mind. with a focus on safety and work efficiency we believe district screens answer some relevant needs in our ev","2025-03-28","high","acoustic-panels(24: anchor:'acoustic',anchor:'panel'); privacy-screens(12: anchor:'screen',tokens:screens); desk-top-dividers(12: anchor:'screen',tokens:dividers)","acoustic-panels","privacy-screens","desk-top-dividers","Brant Business Interiors","","","","","","","","",""
"9693081895225","felt-sound-dampeners","Felt sound dampeners","https://admin.shopify.com/store/office-central-online/products/9693081895225","https://brantbusinessinteriors.com/products/felt-sound-dampeners","Brant Business Interiors","","oecm-eligible","active","1","1399.99","1399.99","https://cdn.shopify.com/s/files/1/0859/0413/0361/files/Felt-Sound-Dampeners-Business-Interiors-16729282.png?v=1750120722","Manufactured in Canada & crafted with impeccable attention to detail using high-quality materials, our acoustic trophies and sculptures not only serve as eye-catching focal points but also effectively absorb sound to create more inviting environments. Let's shape your next project together!​ Collaboration is at the heart of Hush Acoustics. By delving into your unique requirements, we tailor acoust","2024-11-03","high","acoustic-panels(22: anchor:'sound dampen',anchor:'acoustic'); sound-dampeners(4: tokens:dampeners,sound); l-shape(2: tokens:shape)","acoustic-panels","sound-dampeners","l-shape","Brant Business Interiors","","","","","","","","",""
"9779951436089","fireking-storage-cabinet-72-high","Fireking storage cabinet 72"" high — 72""","https://admin.shopify.com/store/office-central-online/products/9779951436089","https://brantbusinessinteriors.com/products/fireking-storage-cabinet-72-high","FireKing","","brand:fireking, oecm-eligible","active","1","7869.19","7869.19","https://cdn.shopify.com/s/files/1/0859/0413/0361/files/FireKing-Storage-Cabinet-72_-High-Business-Interiors-16776546.png?v=1750130517","This Storage Cabinet features a U.L. class 350 one-hour fire rating, offering protection for oversized documents, binders, end-tab filing, banker's boxes, and other valuable items. Includes four adjustable shelves. Equipped with a high-security Medeco keylock. Includes a scratch-resistant finish. Interior dimensions are 31-7/8"" wide x 15"" deep x 67-7/8"" high. Pull-out tray offers convenient tablet","2025-02-07","high","storage(29: handle-exact:storage,anchor:'storage cabinet'); fire-resistant-file-cabinets-storage(6: tokens:fire,resistant,storage); all-storage(4: tokens:filing,storage)","storage","fire-resistant-file-cabinets-storage","all-storage","FireKing","","","","","","","","",""
"9832764408121","hardware-for-ceiling-tiles","Hardware for ceiling tiles","https://admin.shopify.com/store/office-central-online/products/9832764408121","https://brantbusinessinteriors.com/products/hardware-for-ceiling-tiles","Brant Business Interiors","","oecm-eligible","active","6","19.99","99.99","https://cdn.shopify.com/s/files/1/0859/0413/0361/files/business-interiors-panel-clamp-hardware-for-ceiling-tiles-42577560961337.jpg?v=1759098245","Mounting and suspension hardware for acoustic ceiling tiles and drop-ceiling panels. Includes the clips, wires, and brackets required for a clean installation. Compatible with standard T-grid ceiling systems Sized options for small patch jobs through full-room installations Order to match the tile count and grid spacing of your space","2025-03-29","high","acoustic-panels(24: anchor:'acoustic',anchor:'panel'); panels-room-dividers(4: tokens:panels,room); room-dividers-panels-dividers(4: tokens:panels,room)","acoustic-panels","panels-room-dividers","room-dividers-panels-dividers","Brant Business Interiors","","","","","","","","",""
"9665393262905","height-adjustable-l-shape-71x71","Height adjustable l-shape — 71""x71""","https://admin.shopify.com/store/office-central-online/products/9665393262905","https://brantbusinessinteriors.com/products/height-adjustable-l-shape-71x71","Brant Business Interiors","","oecm-eligible","active","1","2499.00","2499.00","https://cdn.shopify.com/s/files/1/0859/0413/0361/files/Height-Adjustable-L-Shape-71_x71_-Business-Interiors-16698230.png?v=1750114370","Includes INV-362472ECM Non-Handed Extended Corner Module INV-2436TOP 36” Rectangular Top ATH-E1-3LEG Athena 3 Leg Base INV-MP1-1566PLX Plexiglass Hanging Modesty Panel 100-MMPF Metal Mobile Pedestal - Full Carton 100-MMPF-CUSHFA Metal Mobile Pedestal Cushion 100-MA1 Pneumatic LCD Single Monitor Arm","2024-09-27","high","pedestal-drawers-storage(22: anchor:'mobile pedestal',anchor:'pedestal'); storage(20: anchor:'mobile pedestal',anchor:'pedestal'); height-adjustable-tables(12: anchor:'height adjustable',tokens:adjustable)","pedestal-drawers-storage","storage","height-adjustable-tables","Brant Business Interiors","","","","","","","","",""
"9733369233721","hideaway-storage-cabinet-1","Hideaway storage cabinet","https://admin.shopify.com/store/office-central-online/products/9733369233721","https://brantbusinessinteriors.com/products/hideaway-storage-cabinet-1","Brant Business Interiors","","oecm-eligible","active","1","2199.99","2199.99","https://cdn.shopify.com/s/files/1/0859/0413/0361/files/Hideaway-Storage-Cabinet-Business-Interiors-16751575.png?v=1750125495","Large, mobile teacher cabinet is great for storing a multitude of items. Plus, it features a separate, securable storage area for valuables and personal items. Four, full-width storage areas - including one shelf that is adjustable - make it easy to accommodate your storage needs. Dimensions: 64"" High x 30"" Wide x 24"" Deep Weight: 169 lbs. Heavy-duty, locking casters for mobility Lifetime warranty","2024-12-16","high","storage(27: handle-exact:storage,anchor:'storage cabinet'); mobile-storage(4: tokens:mobile,storage); personal-storage(4: tokens:personal,storage)","storage","mobile-storage","personal-storage","Brant Business Interiors","","","","","","","","",""
"9782474211641","institutional-series-lateral-file-cabinet-2-3-4-5-drawer","Institutional series lateral file cabinet (2,3,4 & 5 drawer) — 5 drawer","https://admin.shopify.com/store/office-central-online/products/9782474211641","https://brantbusinessinteriors.com/products/institutional-series-lateral-file-cabinet-2-3-4-5-drawer","Brant Business Interiors","","oecm-eligible","active","15","899.99","2399.99","https://cdn.shopify.com/s/files/1/0859/0413/0361/files/Institutional-Series-Lateral-File-Cabinet-_2_3_4-_-5-Drawer_-Business-Interiors-16777185.jpg?v=1750130655","Prime™ A premium quality series featuring pedestals, lateral files, personal towers, combination storage units, storage cabinets and personal lockers. Prime offers over 700 models with countless specification options and an extensive range of custom capabilities, providing exceptional flexibility. Personal lockers are an essential component in today’s hybrid workplace. Prime provides individuals w","2025-02-10","high","storage(22: anchor:'storage cabinet',anchor:'pedestal'); lateral-file-cabinets-storage(18: anchor:'lateral file',tokens:cabinets,file,lateral); pedestal-drawers-storage(12: anchor:'pedestal',tokens:storage)","storage","lateral-file-cabinets-storage","pedestal-drawers-storage","Brant Business Interiors","","","","","","","","",""
"9776397713721","jumbo-storage-cabinet-assembled-72-h-x48w-x-24-d","Jumbo storage cabinet assembled 72"" h x48""w x 24"" d — 24""","https://admin.shopify.com/store/office-central-online/products/9776397713721","https://brantbusinessinteriors.com/products/jumbo-storage-cabinet-assembled-72-h-x48w-x-24-d","Brant Business Interiors","","oecm-eligible","active","1","2299.99","2299.99","https://cdn.shopify.com/s/files/1/0859/0413/0361/files/Jumbo-Storage-Cabinet-Assembled-72_-H-x48_W-x-24_-D-Business-Interiors-16774442.png?v=1750130032","Extra Wide Hi-Boy Storage Cabinet Steel 4 Shelves 72"" H x 48"" W x 24"" D, Grey 3 Point Locking System Arrives Assembled","2025-02-03","high","storage(27: handle-exact:storage,anchor:'storage cabinet'); all-storage(2: tokens:storage); gfg-storage(2: tokens:storage)","storage","all-storage","gfg-storage","Brant Business Interiors","","","","","","","","",""
"9893597905209","l-shape-desk-with-hutch","L-shape desk with hutch — 72""X72""","https://admin.shopify.com/store/office-central-online/products/9893597905209","https://brantbusinessinteriors.com/products/l-shape-desk-with-hutch","Brant Business Interiors","","oecm-eligible","active","1","1999.99","1999.99","https://cdn.shopify.com/s/files/1/0859/0413/0361/files/office-central-brant-business-interiors-default-title-l-shape-desk-with-hutch-72-x72-42970054164793.png?v=1759098306","Desk with Return and Hutch Size: 72"" x 72"" Mobile Drawer Unit with lock/key Several colour options","2025-06-10","high","desks(25: handle-exact:desk,anchor:'l-shape'); l-shape-desks(12: anchor:'l-shape',tokens:shape)","desks","l-shape-desks","","Brant Business Interiors","","","","","","","","",""
"9983628968249","l-shape-suite-layout-41c","L-shape suite layout # — 41C","https://admin.shopify.com/store/office-central-online/products/9983628968249","https://brantbusinessinteriors.com/products/l-shape-suite-layout-41c","Brant Business Interiors","","oecm-eligible","active","1","2099.99","2099.99","https://cdn.shopify.com/s/files/1/0859/0413/0361/files/office-central-brant-business-interiors-default-title-l-shape-suite-layout-41c-43555530342713.png?v=1767457392","Includes: Rectangular Bullet Top Desk 48” Rectangle Top Laminate. Hanging Modesty Panel Freestanding Pedestal - No Top Wardrobe / Storage Cabinet Open Overhead Storage Laminate Doors For Overhead Storage 100-WSCK Work Surface Connecting Kit **The wardrobe cabinet’s door can be installed with either right or left handedness","2025-09-16","high","storage(22: anchor:'storage cabinet',anchor:'pedestal'); pedestal-drawers-storage(14: anchor:'pedestal',tokens:pedestal,storage); l-shape-desks(12: anchor:'l-shape',tokens:shape)","storage","pedestal-drawers-storage","l-shape-desks","Brant Business Interiors","","","","","","","","",""
"10086763954489","lateral-file-storage-cabinet-with-shelves-copy","Lateral file & storage cabinet with shelves","https://admin.shopify.com/store/office-central-online/products/10086763954489","https://brantbusinessinteriors.com/products/lateral-file-storage-cabinet-with-shelves-copy","Brant Business Interiors","","oecm-eligible","active","4","1042.36","1683.00","https://cdn.shopify.com/s/files/1/0859/0413/0361/files/Screenshot2026-01-02143029.png?v=1767383197","Made in Canada Framed with 1"" thick construction with locking drawers and doors. Adjustable shelves Frosted Plexi-Glass door fronts with Aluminum Frame Full Suspension drawers 4-5 Week Lead time.","2026-01-02","high","storage(27: handle-exact:storage,anchor:'storage cabinet'); lateral-file-cabinets-storage(16: anchor:'lateral file',tokens:file,lateral,storage); fire-resistant-file-cabinets-storage(4: tokens:file,storage)","storage","lateral-file-cabinets-storage","fire-resistant-file-cabinets-storage","Brant Business Interiors","","","","","","","","",""
"9963313004857","levels-bookcase","Levels bookcase","https://admin.shopify.com/store/office-central-online/products/9963313004857","https://brantbusinessinteriors.com/products/levels-bookcase","Brant Business Interiors","","oecm-eligible","active","2","399.99","449.99","https://cdn.shopify.com/s/files/1/0859/0413/0361/files/office-central-brant-business-interiors-31-5-w-x-13-75-d-x-64-5-h-levels-bookcase-43430568493369.png?v=1759098311","Introducing Levels, HDL’s new multi-tiered, layered office furniture series that combines contemporary metal details with durable laminate designs. Choose from over 80 IN-STOCK , high quality, modular components. Select models are made-in-Canada. 2 adjustable shelves & 2 fixed shelves 2 Heights available","2025-08-22","high","bookcases(25: handle-exact:bookcase,anchor:'bookcase'); office-furniture(4: tokens:furniture,office); all-business-furniture(2: tokens:furniture)","bookcases","office-furniture","all-business-furniture","Brant Business Interiors","","","","","","","","",""
"9666753855801","loover-high-back-synchro-tilter","Loover high back synchro tilter","https://admin.shopify.com/store/office-central-online/products/9666753855801","https://brantbusinessinteriors.com/products/loover-high-back-synchro-tilter","Brant Business Interiors","","oecm-eligible","active","1","649.99","649.99","https://cdn.shopify.com/s/files/1/0859/0413/0361/files/Loover-High-Back-Synchro-Tilter-Business-Interiors-16704460.png?v=1750115390","5 casters provide easy mobility, allowing you to move the chair conveniently Executive Chair offers a perfect blend of comfort and contemporary design 5-star makes chair a durable chair that complements any d?cor it is being used in Adjustability makes the chair comfortable, and it can be conveniently used in any setting Made with Fabric, the chair is made for maximum comfort Black Coal color adds","2024-09-29","high","task-chairs(20: anchor:'tilter',anchor:'synchro'); ergonomic-products(20: anchor:'tilter',anchor:'synchro'); executive-seating(12: anchor:'executive chair',tokens:executive)","task-chairs","ergonomic-products","executive-seating","Brant Business Interiors","","","","","","","","",""
"9666754675001","loover-medium-back-synchro-tilter-chair","Loover medium back synchro tilter chair","https://admin.shopify.com/store/office-central-online/products/9666754675001","https://brantbusinessinteriors.com/products/loover-medium-back-synchro-tilter-chair","Brant Business Interiors","","oecm-eligible","active","1","659.99","659.99","https://cdn.shopify.com/s/files/1/0859/0413/0361/files/Loover-Medium-Back-Synchro-Tilter-Chair-Business-Interiors-16704585.png?v=1750115412","5 casters provide easy mobility, allowing you to move the chair conveniently Executive Chair is Ideal for both professional and casual settings 5-star provides a comfortable seating solution for office and home Adjustability makes the chair comfortable, and it can be conveniently used in any setting Designed with Fabric for everyday use, offering comfort and relaxation Black Coal color complements","2024-09-29","high","task-chairs(20: anchor:'tilter',anchor:'synchro'); ergonomic-products(20: anchor:'tilter',anchor:'synchro'); executive-seating(14: anchor:'executive chair',tokens:executive,seating)","task-chairs","ergonomic-products","executive-seating","Brant Business Interiors","","","","","","","","",""
"9666759852345","lumi-high-back-synchro-tilter-chair","Lumi | high back synchro-tilter chair","https://admin.shopify.com/store/office-central-online/products/9666759852345","https://brantbusinessinteriors.com/products/lumi-high-back-synchro-tilter-chair","Brant Business Interiors","","oecm-eligible","active","1","369.99","369.99","https://cdn.shopify.com/s/files/1/0859/0413/0361/files/Lumi-_-High-Back-Synchro-Tilter-Chair-Business-Interiors-16705065.png?v=1750115580","OTG11357 Lumi | High Back Synchro-Tilter Designed to seamlessly blend with any environment, Lumi features an elegant contoured back frame design with a breathable, high transparency mesh. With many ergonomic features and a generous, thick seat cushion, this synchro-tilter optimizes function and comfort. Lumi is ideal for an array of applications in commercial settings and is the perfect complement","2024-09-29","high","ergonomic-products(32: anchor:'tilter',anchor:'synchro'); task-chairs(20: anchor:'tilter',anchor:'synchro'); all-ergonomic(12: anchor:'ergonomic',tokens:ergonomic)","ergonomic-products","task-chairs","all-ergonomic","Brant Business Interiors","","","","","","","","",""
"9776144908601","marlee-synchro-tilter-chairs","Marlee synchro-tilter chairs","https://admin.shopify.com/store/office-central-online/products/9776144908601","https://brantbusinessinteriors.com/products/marlee-synchro-tilter-chairs","Brant Business Interiors","","oecm-eligible","active","1","399.99","399.99","https://cdn.shopify.com/s/files/1/0859/0413/0361/files/Marlee-Synchro-Tilter-Chairs-Business-Interiors-16773764.png?v=1750129871","• Student and home office chair • Pneumatic seat height adjustment • Tilt tension adjustment • Height and width adjustable arms","2025-02-03","high","task-chairs(22: anchor:'tilter',anchor:'synchro'); ergonomic-products(20: anchor:'tilter',anchor:'synchro'); type-chairs(2: tokens:chairs)","task-chairs","ergonomic-products","type-chairs","Brant Business Interiors","","","","","","","","",""
"9788567388473","mobile-pedestal-digital-lock","Mobile pedestal & digital lock","https://admin.shopify.com/store/office-central-online/products/9788567388473","https://brantbusinessinteriors.com/products/mobile-pedestal-digital-lock","Brant Business Interiors","","oecm-eligible","active","1","599.99","599.99","https://cdn.shopify.com/s/files/1/0859/0413/0361/files/Mobile-Pedestal-_-Digital-Lock-Business-Interiors-16782235.jpg?v=1750131786","Locking Casters Ships Assembled Made in Canada","2025-02-16","high","pedestals(35: handle-exact:pedestal,anchor:'mobile pedestal'); storage(20: anchor:'mobile pedestal',anchor:'pedestal'); mobile-pedestals(2: tokens:mobile)","pedestals","storage","mobile-pedestals","Brant Business Interiors","","","","","","","","",""
"9834039345465","mobile-pedestal-file-file","Mobile pedestal file / file","https://admin.shopify.com/store/office-central-online/products/9834039345465","https://brantbusinessinteriors.com/products/mobile-pedestal-file-file","Brant Business Interiors","","oecm-eligible","active","1","458.99","458.99","https://cdn.shopify.com/s/files/1/0859/0413/0361/files/business-interiors-default-title-mobile-pedestal-file-file-42584941756729.png?v=1759098225","Mobile Drawer Unit 2 File Drawers Files Letter or Legal Locking Wheels","2025-03-31","high","pedestals(35: handle-exact:pedestal,anchor:'mobile pedestal'); storage(20: anchor:'mobile pedestal',anchor:'pedestal'); fire-resistant-file-cabinets(2: tokens:file)","pedestals","storage","fire-resistant-file-cabinets","Brant Business Interiors","","","","","","","","",""
"9788847030585","modern-grigio-reception-desk","Modern grigio reception desk","https://admin.shopify.com/store/office-central-online/products/9788847030585","https://brantbusinessinteriors.com/products/modern-grigio-reception-desk","Brant Business Interiors","","oecm-eligible","active","1","2799.99","2799.99","https://cdn.shopify.com/s/files/1/0859/0413/0361/files/Modern-Grigio-Reception-Desk-Business-Interiors-16782831.jpg?v=1750131918","Made in Canada Size: 84"" Wide x 36"" Deep Includes: 1 Set of drawers","2025-02-16","high","reception(27: handle-exact:reception,anchor:'reception desk'); lounge-reception(2: tokens:reception); room-reception(2: tokens:reception)","reception","lounge-reception","room-reception","Brant Business Interiors","","","","","","","","",""
"9733027463481","prime-multi-storage-cabinet-lateral-file","Prime multi-storage cabinet / lateral file","https://admin.shopify.com/store/office-central-online/products/9733027463481","https://brantbusinessinteriors.com/products/prime-multi-storage-cabinet-lateral-file","Brant Business Interiors","","oecm-eligible","active","3","2019.99","2229.99","https://cdn.shopify.com/s/files/1/0859/0413/0361/files/Prime-Multi-Storage-Cabinet-Lateral-File-Business-Interiors-16751051.png?v=1750125369","Prime™ Features at a glance: All metal filing and storage components available in 30 painted finishes. 24 laminate finishes available for file tops & personal lockers with optional laminate door fronts. Reinforced welded steel construction. Lateral files are available in 2, 3, 4, 5 and 6 high units with interlock system. Anti-bounce back drawer suspension system. Pedestal options for freestanding,","2024-12-16","high","storage(29: handle-exact:storage,anchor:'storage cabinet'); lateral-file-cabinets-storage(16: anchor:'lateral file',tokens:file,lateral,storage); all-storage(4: tokens:filing,storage)","storage","lateral-file-cabinets-storage","all-storage","Brant Business Interiors","","","","","","","","",""
"9098379854137","reception-desk-84-x-84-1","Reception desk — 84"" x 84""","https://admin.shopify.com/store/office-central-online/products/9098379854137","https://brantbusinessinteriors.com/products/reception-desk-84-x-84-1","Brant Business Interiors","","oecm-eligible","active","1","3438.90","3438.90","https://cdn.shopify.com/s/files/1/0859/0413/0361/files/Reception-Desk-84_-x-84_-Business-Interiors-16684521.jpg?v=1750111251","Category Contemporary - Laminate Manufacturer Ref PS655 CP/WG Brand Links Contract Furniture Item Code: LCFPS655CPWG This reception desk will hold up to demanding values and provide solutions for a multitude of home/office needs An excellent choice for your reception Beautiful cappuccino willow gray finish enriches the look Offers 2 heights of transaction counters that are 6"" high and 12"" high.Fea","2024-02-22","high","reception(27: handle-exact:reception,anchor:'reception desk'); desks(15: handle-exact:desk); office-furniture(4: tokens:furniture,office)","reception","desks","office-furniture","Brant Business Interiors","","","","","","","","",""
"9726655791417","single-pedestal-desk-60w-x-30d","Single pedestal desk - 60""w x 30""d — 30""","https://admin.shopify.com/store/office-central-online/products/9726655791417","https://brantbusinessinteriors.com/products/single-pedestal-desk-60w-x-30d","Brant Business Interiors","","oecm-eligible","active","1","696.00","696.00","https://cdn.shopify.com/s/files/1/0859/0413/0361/files/Single-Pedestal-Desk-60_W-x-30_D-Business-Interiors-16747918.png?v=1750124724","NLP111 Single Pedestal Desk - 60""W x 30""D Newland - simple and modular components combining classic design, quality and value to support a wide range of workspace applications. From private offices, open plan, meeting and training spaces, Newland offers functional and practical desking solutions that will stand the test of time. Thermally fused laminate top, 1"" thick 2 mm matching edge Leveling gl","2024-12-10","high","pedestals(25: handle-exact:pedestal,anchor:'pedestal'); desks(15: handle-exact:desk); storage(10: anchor:'pedestal')","pedestals","desks","storage","Brant Business Interiors","","","","","","","","",""
"9710311440697","sit-stand-1","Sit stand","https://admin.shopify.com/store/office-central-online/products/9710311440697","https://brantbusinessinteriors.com/products/sit-stand-1","Brant Business Interiors","","oecm-eligible","active","1","449.99","449.99","https://cdn.shopify.com/s/files/1/0859/0413/0361/files/Sit-Stand-Business-Interiors-16736977.png?v=1750122416","100-DTHA Convert a traditional desk to a standing desk with Desk Top Height Adjustable unit One handed paddle gas lift for easy height adjustment Adjusts to heights between 6.5” and 16.5” Sturdy base for stability Tablet/iPad support slot 30 second assembly Compatible with 100-MA1 and 100-MA2 pneumatic monitor arms Keyboard tray can be easily removed if required (no tools necessary) 26.77 in (680 ","2024-11-20","high","desk-top-sit-stand(28: anchor:'sit stand',anchor:'standing desk'); height-adjustable-tables(12: anchor:'height adjustable',tokens:adjustable); desktop-sit-stand(4: tokens:sit,stand)","desk-top-sit-stand","height-adjustable-tables","desktop-sit-stand","Brant Business Interiors","","","","","","","","",""
"9722772357433","storage-cabinet-credenza-72w-x-24d","Storage cabinet credenza, 72""w x 24""d — 24""","https://admin.shopify.com/store/office-central-online/products/9722772357433","https://brantbusinessinteriors.com/products/storage-cabinet-credenza-72w-x-24d","Brant Business Interiors","","oecm-eligible","active","1","1503.82","1503.82","https://cdn.shopify.com/s/files/1/0859/0413/0361/files/Storage-Cabinet-Credenza_-72_W-x-24_D-Business-Interiors-16742287.png?v=1750123534","Storage Cabinet Credenza All doors lock 1 adjustable shelf per 2 doors Dimensions: W72 x D24 x H30 IN. Ships Assembled 1"" High-quality construction, aesthetic design details and stand-out extras like soft close hinges are standard in this Series.","2024-12-05","high","storage(37: handle-exact:storage,anchor:'storage cabinet'); credenzas(27: handle-exact:credenza,anchor:'credenza'); all-storage(2: tokens:storage)","storage","credenzas","all-storage","Brant Business Interiors","","","","","","","","",""
"9853010051385","storage-cabinet-with-doors","Storage cabinet with doors","https://admin.shopify.com/store/office-central-online/products/9853010051385","https://brantbusinessinteriors.com/products/storage-cabinet-with-doors","Brant Business Interiors","","oecm-eligible","active","1","4569.99","4569.99","https://cdn.shopify.com/s/files/1/0859/0413/0361/files/business-interiors-default-title-storage-cabinet-with-doors-42713861652793.png?v=1759098234","Custom Storage Cabinet Shown Size: 4872”W x 48”D x 42”H This unit can be made any size to fit your available space. Locking Doors. Several colour options. Lead Time: 4-6 Weeks. Made in Canada.","2025-04-22","high","storage(27: handle-exact:storage,anchor:'storage cabinet'); all-storage(2: tokens:storage); gfg-storage(2: tokens:storage)","storage","all-storage","gfg-storage","Brant Business Interiors","","","","","","","","",""
"9664286523705","tl-high-back-multi-tilter","Tl | high back multi-tilter","https://admin.shopify.com/store/office-central-online/products/9664286523705","https://brantbusinessinteriors.com/products/tl-high-back-multi-tilter","Brant Business Interiors","","oecm-eligible","active","1","649.00","649.00","https://cdn.shopify.com/s/files/1/0859/0413/0361/files/TL-_-High-Back-Multi-Tilter-Business-Interiors-16697170.png?v=1750114120","infinite position tilt lock tilt tension adjustment independent back and seat angle adjustment side activated sliding seat depth adjustment height adjustable lumbar support pneumatic seat height adjustment 3 mechanisms available: multi-tilter, weight sensing synchro-tilter and height adjustable task stool mesh back is available in six colours frame is available in Black only five-prong, injection ","2024-09-26","high","task-chairs(22: anchor:'tilter',anchor:'synchro'); ergonomic-products(20: anchor:'tilter',anchor:'synchro'); medium-back-seating(2: tokens:back)","task-chairs","ergonomic-products","medium-back-seating","Brant Business Interiors","","","","","","","","",""
"10197035385145","wave-high-back-synchro-tilter","Wave | High Back Synchro-Tilter","https://admin.shopify.com/store/office-central-online/products/10197035385145","https://brantbusinessinteriors.com/products/wave-high-back-synchro-tilter","Brant Business Interiors","","oecm-eligible","active","2","369.99","399.99","https://cdn.shopify.com/s/files/1/0859/0413/0361/files/OTG2110_OTG2111_front_a6d58b0d-639b-4e61-beed-1ec91173fdc3.jpg?v=1777910870","Built for professionals who spend long hours at their desk, Wave combines dynamic support with modern design. Featuring a breathable mesh back and many adjustments, this ergonomic task chair promotes better posture, lasting comfort + continued focus through every work session. From the adaptive lumbar support to the contoured seat cushion, every detail is thoughtfully designed to help you work sma","2026-05-04","high","task-chairs(32: anchor:'task chair',anchor:'tilter'); ergonomic-products(32: anchor:'tilter',anchor:'synchro'); all-ergonomic(12: anchor:'ergonomic',tokens:ergonomic)","task-chairs","ergonomic-products","all-ergonomic","Brant Business Interiors","","","","","","","","",""
"9039323201849","zim-synchro-tilter-chair-high-back-mesh-mesh-back-black","Zim synchro-tilter chair high back mesh mesh back","https://admin.shopify.com/store/office-central-online/products/9039323201849","https://brantbusinessinteriors.com/products/zim-synchro-tilter-chair-high-back-mesh-mesh-back-black","Brant Business Interiors","","bestseller, oecm-eligible","active","2","399.99","399.99","https://cdn.shopify.com/s/files/1/0859/0413/0361/files/Zim-Synchro-Tilter-Chair-High-Back-Mesh-Mesh-Back-Business-Interiors-16681488.png?v=1750110612","Unique back frame designed with wrap around mesh back High Back. Pneumatic seat height adjustment. Seat depth adjustment. Tilt lock. Tilt tension adjustment. Height adjustable arms. Black. Main Features Chair/Seat Type: Executive Chair Adjustable Seat: Yes Adjustable Arm: Yes Seat Feature: Height Adjustment, Depth Adjustment Back Type: High Back Back Material: Mesh Features: Synchro Tilt, Tilt Loc","2024-01-17","high","task-chairs(20: anchor:'tilter',anchor:'synchro'); ergonomic-products(20: anchor:'tilter',anchor:'synchro'); chairs(15: handle-exact:chair)","task-chairs","ergonomic-products","chairs","Brant Business Interiors","","","","","","","","",""
"9726668308793","l-shaped-desk-with-double-pedestals-72w-x-78d","""l"" shaped desk with double pedestals - 72""w x 78""d — 78""","https://admin.shopify.com/store/office-central-online/products/9726668308793","https://brantbusinessinteriors.com/products/l-shaped-desk-with-double-pedestals-72w-x-78d","Brant Business Interiors","","oecm-eligible","active","1","1376.00","1376.00","https://cdn.shopify.com/s/files/1/0859/0413/0361/files/L_-Shaped-Desk-with-Double-Pedestals-72_W-x-78_D-Business-Interiors-16748178.png?v=1750124766","""L"" Shaped Desk with Double Pedestals - 72""W x 78""D Newland - simple and modular components combining classic design, quality and value to support a wide range of workspace applications. From private offices, open plan, meeting and training spaces, Newland offers functional and practical desking solutions that will stand the test of time. Thermally fused laminate top, 1"" thick 2 mm matching edge L","2024-12-10","med","desks(15: handle-exact:desk); pedestals(12: anchor:'pedestal',tokens:pedestals); storage(10: anchor:'pedestal')","desks","pedestals","storage","Brant Business Interiors","","","","","","","","",""
"9726671814969","l-shaped-desk-with-single-pedestal-60w-x-72d","""l"" shaped desk with single pedestal - 60""w x 72""d — 72""","https://admin.shopify.com/store/office-central-online/products/9726671814969","https://brantbusinessinteriors.com/products/l-shaped-desk-with-single-pedestal-60w-x-72d","Brant Business Interiors","","oecm-eligible","active","1","1027.00","1027.00","https://cdn.shopify.com/s/files/1/0859/0413/0361/files/L_-Shaped-Desk-with-Single-Pedestal-60_W-x-72_D-Business-Interiors-16748245.png?v=1750124787","NLP524 ""L"" Shaped Desk with Single Pedestal - 60""W x 72""D Newland - simple and modular components combining classic design, quality and value to support a wide range of workspace applications. From private offices, open plan, meeting and training spaces, Newland offers functional and practical desking solutions that will stand the test of time. Thermally fused laminate top, 1"" thick 2 mm matching ","2024-12-10","med","desks(15: handle-exact:desk); pedestal-drawers-storage(12: anchor:'pedestal',tokens:pedestal); storage(10: anchor:'pedestal')","desks","pedestal-drawers-storage","storage","Brant Business Interiors","","","","","","","","",""
"9726665031993","u-shaped-desk-72w-x-96d","""u"" shaped desk - 72""w x 96""d — 96""","https://admin.shopify.com/store/office-central-online/products/9726665031993","https://brantbusinessinteriors.com/products/u-shaped-desk-72w-x-96d","Brant Business Interiors","","oecm-eligible","active","1","1296.59","1296.59","https://cdn.shopify.com/s/files/1/0859/0413/0361/files/U_-Shaped-Desk-72_W-x-96_D-Business-Interiors-16748031.png?v=1750124745","NLP228 ""U"" Shaped Desk - 72""W x 96""D Newland - simple and modular components combining classic design, quality and value to support a wide range of workspace applications. From private offices, open plan, meeting and training spaces, Newland offers functional and practical desking solutions that will stand the test of time. Table desk and credenza with hanging pedestal Thermally fused laminate top","2024-12-10","med","desks(15: handle-exact:desk); room-open-plan(4: tokens:open,plan); all-quiet-spaces(2: tokens:spaces)","desks","room-open-plan","all-quiet-spaces","Brant Business Interiors","","","","","","","","",""
"9688170398009","agile-double-sided-8-pod-height-adjustable-shared-desk","Agile double sided 8-pod height adjustable shared desk","https://admin.shopify.com/store/office-central-online/products/9688170398009","https://brantbusinessinteriors.com/products/agile-double-sided-8-pod-height-adjustable-shared-desk","Brant Business Interiors","","oecm-eligible","active","1","16038.00","16038.00","https://cdn.shopify.com/s/files/1/0859/0413/0361/files/Agile-Double-Sided-8-Pod-Height-Adjustable-Shared-Desk-Business-Interiors-16723425.png?v=1750119519","Each workstation includes: Height Adjustable White Table 48""x24"" Cable Snake Drawers on Wheels Desktop Power Pack (USB,USBC;Duplex) Dividers (Front & Side) Overall Footprint: 190"" x 65"" $2005.00 per POD","2024-10-25","med","height-adjustable-tables(12: anchor:'height adjustable',tokens:adjustable); desk-top-dividers(4: tokens:desk,dividers); side-coffee-table(4: tokens:side,table)","height-adjustable-tables","desk-top-dividers","side-coffee-table","Brant Business Interiors","","","","","","","","",""
"10170179911993","alphabetter-stand-up-desk","Alphabetter stand-up desk","https://admin.shopify.com/store/office-central-online/products/10170179911993","https://brantbusinessinteriors.com/products/alphabetter-stand-up-desk","Safco","","brand:safco, oecm-eligible","active","1","562.79","562.79","https://cdn.shopify.com/s/files/1/0859/0413/0361/files/Screenshot2026-04-08155415.png?v=1775678266","ACTIVE LEARNING. Safco AlphaBetter Adjustable-Height Desk gives students in grades 3-12 the opportunity to sit or stand during the school day and fidget without being a distraction to their classmates or teachers, while potentially improving their focus and concentration. BUILT TO LAST. Designed with 16-gauge, commercial-grade tubular steel, its sturdy base withstands the toughest schoolroom condi","2026-04-08","med","desk-top-sit-stand(16: anchor:'stand-up desk',tokens:desk,sit,stand); desktop-sit-stand(4: tokens:sit,stand); sit-stand-workstations(4: tokens:sit,stand)","desk-top-sit-stand","desktop-sit-stand","sit-stand-workstations","Safco","","","","","","","","",""
"9664282657081","altona-high-back-leather-tilter","Altona | high back leather tilter","https://admin.shopify.com/store/office-central-online/products/9664282657081","https://brantbusinessinteriors.com/products/altona-high-back-leather-tilter","Brant Business Interiors","","oecm-eligible","active","1","249.99","249.99","https://cdn.shopify.com/s/files/1/0859/0413/0361/files/Altona-_-High-Back-Leather-Tilter-Business-Interiors-16697076.png?v=1750114097","Altona | High Back Leather Tilter Altona is the go-to choice for management and conference rooms. It's the perfect blend of style, functionality and value with special detailing to ensure comfort and productivity. Built to last, its generous proportions and durable nylon arms ensure a pleasant seating experience. tilter mechanism upright position tilt-lock tilt-tension adjustment durable nylon arm","2024-09-26","med","task-chairs(10: anchor:'tilter'); ergonomic-products(10: anchor:'tilter'); all-boardroom(2: tokens:conference)","task-chairs","ergonomic-products","all-boardroom","Brant Business Interiors","","","","","","","","",""
"9725776691513","anda-seat-phantom-king-gaming-style-office-chair","Anda seat phantom king gaming style office chair","https://admin.shopify.com/store/office-central-online/products/9725776691513","https://brantbusinessinteriors.com/products/anda-seat-phantom-king-gaming-style-office-chair","Brant Business Interiors","","oecm-eligible","active","1","599.99","599.99","https://cdn.shopify.com/s/files/1/0859/0413/0361/files/Anda-Seat-Phantom-King-Gaming-Style-Office-Chair-Business-Interiors-16747196.png?v=1750124557","Overview Dominate the battlefield with the Anda Seat Phantom 3 gaming chair. Its ergonomic design includes a headrest, lumbar support, and 2D armrests to offer hours of comfortable gameplay. Set on a 360-degree swivel, it provides multiple sitting postures, thanks to the tilting seat and reclining backrest. Key Features Ergonomically designed gaming chair offers a headrest, lumbar support, 2D adju","2024-12-09","med","ergonomic-products(12: anchor:'ergonomic',tokens:ergonomic); all-ergonomic(12: anchor:'ergonomic',tokens:ergonomic); room-private-office(2: tokens:office)","ergonomic-products","all-ergonomic","room-private-office","Brant Business Interiors","","","","","","","","",""
"9676929270073","banquet-chair-stacking","Banquet chair stacking","https://admin.shopify.com/store/office-central-online/products/9676929270073","https://brantbusinessinteriors.com/products/banquet-chair-stacking","Brant Business Interiors","","oecm-eligible","active","1","119.99","119.99","https://cdn.shopify.com/s/files/1/0859/0413/0361/files/Banquet-Chair-Stacking-Business-Interiors-16713952.png?v=1750117432","Description Horizon's “New” armless stacking chair is a multi-functional banquet chair which can be used at an array of venues. Ideal for easy storage and 10 high stack capacity (optional dollies available). Comes standard with black vinyl seat and back. Grey vein powder coated finish on 4 legged frame. Features Stacks 10 high Storage dolly and Moving dolly available Grey vein powder coat finish 8","2024-10-11","med","chairs(15: handle-exact:chair); folding-stacking-chairs-carts(2: tokens:stacking); medium-back-seating(2: tokens:back)","chairs","folding-stacking-chairs-carts","medium-back-seating","Brant Business Interiors","","","","","","","","",""
"9666375647545","bar-height-table","Bar height table","https://admin.shopify.com/store/office-central-online/products/9666375647545","https://brantbusinessinteriors.com/products/bar-height-table","Brant Business Interiors","","oecm-eligible","active","18","499.99","519.99","https://cdn.shopify.com/s/files/1/0859/0413/0361/files/Bar-Height-Table-Business-Interiors-16699744.png?v=1750114704","Bar Height Table Metal Base available in Square or Round Base available in 3 colours: Black, Silver & White 8 Colours Base Height: 41"" Top Thickness 1""=42"" High Chairs not included The round base includes the top.","2024-09-28","med","tables(15: handle-exact:table); round-square-tables(4: tokens:round,square); bar-height-tables(2: tokens:bar)","tables","round-square-tables","bar-height-tables","Brant Business Interiors","","","","","","","","",""
"9768075526457","basics-comfort-time-ultra-multi-tilter-big-tall-with-headrest","Basics comfort-time ultra multi-tilter big & tall with headrest","https://admin.shopify.com/store/office-central-online/products/9768075526457","https://brantbusinessinteriors.com/products/basics-comfort-time-ultra-multi-tilter-big-tall-with-headrest","Brant Business Interiors","","oecm-eligible","active","1","794.99","794.99","https://cdn.shopify.com/s/files/1/0859/0413/0361/files/Basicsr-Comfort-TimeTM-Ultra-Multi-Tilter-Big-_-Tall-with-Headrest-Business-Interiors-16766026.png?v=1750128567","Basics® Comfort-Time™ Ultra Multi-Tilter Big & Tall Chair with Headrest • Specifically intended for users of above average height and/or weight • Pneumatic seat height adjustment • Seat height adjustment • Seat depth adjustment • Independent seat and back angle • Infinitely adjustable seat angle • Adjustable back angle • Back height adjustment • Tilt tension adjustment • Articulating arm caps • Ha","2025-01-25","med","task-chairs(10: anchor:'tilter'); ergonomic-products(10: anchor:'tilter'); big-heavy-seating(2: tokens:big)","task-chairs","ergonomic-products","big-heavy-seating","Brant Business Interiors","","","","","","","","",""
"9753585910073","basics-elora-chair-high-back-black-leather-luxhide-mvl1893upu30bl20","Basics elora chair - high back - black - leather, luxhide — MVL1893UPU30BL20","https://admin.shopify.com/store/office-central-online/products/9753585910073","https://brantbusinessinteriors.com/products/basics-elora-chair-high-back-black-leather-luxhide-mvl1893upu30bl20","Brant Business Interiors","","oecm-eligible","active","1","649.99","649.99","https://cdn.shopify.com/s/files/1/0859/0413/0361/files/Basics-Elora-Chair-High-Back-Black-Leather_-Luxhide-MVL1893UPU30BL20-Business-Interiors-16761065.png?v=1750127507","Makes a powerful first impression and creates a sophisticated workspace No more hunching! Adjustable armrests encourage proper posture, keeping your shoulders relaxed and comfortable Easily adjust the seat height to find your perfect position, reducing strain and promoting better posture Say goodbye to backaches! The adjustable backrest adapts to your spine's natural curve, providing optimal lumba","2025-01-09","med","chairs(15: handle-exact:chair); leather-faux-seating(2: tokens:leather); medium-back-seating(2: tokens:back)","chairs","leather-faux-seating","medium-back-seating","Brant Business Interiors","","","","","","","","",""
"9699892035897","canopy-seating","Canopy seating","https://admin.shopify.com/store/office-central-online/products/9699892035897","https://brantbusinessinteriors.com/products/canopy-seating","Brant Business Interiors","","oecm-eligible","active","1","0.00","0.00","https://cdn.shopify.com/s/files/1/0859/0413/0361/files/Canopy-Seating-Business-Interiors-16733870.jpg?v=1750121790","Privée PRIVACY IN PRIVÉE :: With Privée, the furniture becomes the architecture; the canopies, although enclosed, are inviting structures that wrap around the seating to ensure privacy and acoustic comfort. Please contact us for more information.","2024-11-10","med","seating(17: handle-exact:seating,tokens:seating); acoustic-panels(12: anchor:'acoustic',tokens:acoustic); all-business-furniture(2: tokens:furniture)","seating","acoustic-panels","all-business-furniture","Brant Business Interiors","","","","","","","","",""
"9832623735097","ceiling-grids-sound-acoustic-dampeners-orb","Ceiling grids sound acoustic dampeners orb","https://admin.shopify.com/store/office-central-online/products/9832623735097","https://brantbusinessinteriors.com/products/ceiling-grids-sound-acoustic-dampeners-orb","Brant Business Interiors","","oecm-eligible","active","3","271.00","747.00","https://cdn.shopify.com/s/files/1/0859/0413/0361/files/business-interiors-16-x16-ceiling-grids-sound-acoustic-dampeners-orb-42575583215929.jpg?v=1759098231","We offer multiple solutions to dampen the sound in open area's. Made out of 12mm felt, these modern looking products not only dampen the sound, but also create a flair in the working enviroment. Available in many colours and sizes. I N S T A L L A T I O N / CEILING ATTACHMENT hardware is available for purchase separately for a variety of ceiling types. Please email us for details. Furnorders@offic","2025-03-29","med","acoustic-solutions(14: anchor:'acoustic',tokens:acoustic,solutions); sound-dampeners(4: tokens:dampeners,sound); all-ergonomic(2: tokens:products)","acoustic-solutions","sound-dampeners","all-ergonomic","Brant Business Interiors","","","","","","","","",""
"9103344206137","chair-dolly-duet-chairs","Chair dolly (duet chairs)","https://admin.shopify.com/store/office-central-online/products/9103344206137","https://brantbusinessinteriors.com/products/chair-dolly-duet-chairs","Brant Business Interiors","","oecm-eligible","active","1","569.99","569.99","https://cdn.shopify.com/s/files/1/0859/0413/0361/files/Chair-Dolly-_Duet-Chairs_-Business-Interiors-16690526.jpg?v=1750112596","Category Utility/Service Carts Manufacturer Global Upholstery Co., Inc Manufacturer Ref 6624 Brand Offices To Go Item Code : GLB6624 Stack chairs, with or without arms, with ease in a manner that allows you to move them efficiently thanks to the Duet Stack Chair Dolly Features the ability to hold up to 40 chairs without arms, or 24 chairs with arms while keeping them in a secure stack Grant yourse","2024-02-26","med","chairs(17: handle-exact:chair,tokens:chairs); folding-stacking-chairs-carts(4: tokens:carts,chairs); type-chairs(2: tokens:chairs)","chairs","folding-stacking-chairs-carts","type-chairs","Brant Business Interiors","","","","","","","","",""
"9770563141945","chevron-ultra-medium-back-multi-tilter-chair","Chevron ultra medium back multi-tilter chair","https://admin.shopify.com/store/office-central-online/products/9770563141945","https://brantbusinessinteriors.com/products/chevron-ultra-medium-back-multi-tilter-chair","Brant Business Interiors","","oecm-eligible","active","1","599.99","599.99","https://cdn.shopify.com/s/files/1/0859/0413/0361/files/Chevron-Ultra-Medium-Back-Multi-Tilter-Chair-Business-Interiors-16771066.png?v=1750129244","Basics® Chevron Ultra™ Multi-Tilter Chairs • Soft Descent™ pneumatic seat height adjustment • Seat depth adjustment • Independent seat and back angle adjustment • Infinitely adjustable seat angle • Adjustable back angle • Back height adjustment • Tilt tension adjustment • Height and width adjustable arms. Articulating arm caps • Hard floor casters • Fabric","2025-01-28","med","task-chairs(12: anchor:'tilter',tokens:chairs); ergonomic-products(10: anchor:'tilter'); medium-back-seating(4: tokens:back,medium)","task-chairs","ergonomic-products","medium-back-seating","Brant Business Interiors","","","","","","","","",""
"9843066274105","circular-reception-unit-w-41-r","Circular reception unit — W-41-R","https://admin.shopify.com/store/office-central-online/products/9843066274105","https://brantbusinessinteriors.com/products/circular-reception-unit-w-41-r","Brant Business Interiors","","oecm-eligible","active","1","6224.00","6224.00","https://cdn.shopify.com/s/files/1/0859/0413/0361/files/business-interiors-default-title-circular-reception-unit-w-41-r-42650879754553.png?v=1759098228","This stylish reception unit is built to sit up to 2-3 people. Functionality and Design. Made in Canada, this unit is available in many colours and several different sizes. Lead Time: 4-6 weeks Size: 16' x 8' For more information, please contact furnorders@officecentral.com Delivery & Installation is extra $225.00 (Included in the price)","2025-04-11","med","reception(17: handle-exact:reception,tokens:reception); lounge-reception(2: tokens:reception); room-reception(2: tokens:reception)","reception","lounge-reception","room-reception","Brant Business Interiors","","","","","","","","",""
"9665676181817","clamp-on-power-bar-and-usb-charging-station","Clamp-on power bar and USB charging station","https://admin.shopify.com/store/office-central-online/products/9665676181817","https://brantbusinessinteriors.com/products/clamp-on-power-bar-and-usb-charging-station","Brant Business Interiors","","oecm-eligible","active","2","199.99","229.99","https://cdn.shopify.com/s/files/1/0859/0413/0361/files/Clamp-On-Power-Bar-and-USB-Charging-Station-Business-Interiors-16699164.png?v=1750114569","Combine your charging station and power bar to optimize your office space. This ergonomic and easy-to-install power bar is equipped with three 120 V outlets, one USB-A outlet, one USB-C outlet with plug and a 1.8m (70 inches) power cord. Ideal for arranging and organizing electronic devices. WARNING: - For charging only - Accommodates USB-C and USB-A enabled smart phones, tablets and laptops - 20 ","2024-09-27","med","ergonomic-products(12: anchor:'ergonomic',tokens:ergonomic); all-ergonomic(12: anchor:'ergonomic',tokens:ergonomic); room-private-office(2: tokens:office)","ergonomic-products","all-ergonomic","room-private-office","Brant Business Interiors","","","","","","","","",""
"9924895768889","cluster-seating","Cluster seating 4","https://admin.shopify.com/store/office-central-online/products/9924895768889","https://brantbusinessinteriors.com/products/cluster-seating","Brant Business Interiors","","oecm-eligible","active","1","1699.99","1699.99","https://cdn.shopify.com/s/files/1/0859/0413/0361/files/office-central-brant-business-interiors-default-title-cluster-seating-4-43176412381497.png?v=1759098264","Description Comfortably seats 4 adults Size: 24""x48"" 1"" thick 45lb high density particle board High pressure scratch resistant laminate Chewing gum resistant table backing 3mm vinyl bonded edgeband Rounded corners for safety Fully welded construction Durable powder coat finish Adjustable glides or floor mounting plates Limited Lifetime Warranty GreenGuard Gold Certified Made in Canada This product","2025-07-14","med","seating(17: handle-exact:seating,tokens:seating); all-seating(2: tokens:seating); gfg-chairs(2: tokens:seating)","seating","all-seating","gfg-chairs","Brant Business Interiors","","","","","","","","",""
"9712078848313","coffee-table-seating","Coffee table & seating","https://admin.shopify.com/store/office-central-online/products/9712078848313","https://brantbusinessinteriors.com/products/coffee-table-seating","Brant Business Interiors","","oecm-eligible","active","1","288.00","288.00","https://cdn.shopify.com/s/files/1/0859/0413/0361/files/Coffee-Table-_-Seating-Business-Interiors-16737160.png?v=1750122479","Craft coffee and side tables are the perfect partner to Craft fully upholstered modular lounge seating products to create casual meeting spaces in multiple environments . Craft is easy to configure, durable and ideal for open spaces. 1” thick thermally fused laminate surfaces with 2mm thick matching edgeband. Equipped with levelers for uneven surfaces. When square cubes are fully nested, the cubes","2024-11-22","med","tables(17: handle-exact:table,tokens:tables); side-coffee-table(6: tokens:coffee,side,table); type-lounge(4: tokens:lounge,seating)","tables","side-coffee-table","type-lounge","Brant Business Interiors","","","","","","","","",""
"9114345603385","coffee-table-33-x-33-15-height-2","Coffee table 33"" x 33"" 15"" height — 33"" x 33""","https://admin.shopify.com/store/office-central-online/products/9114345603385","https://brantbusinessinteriors.com/products/coffee-table-33-x-33-15-height-2","Brant Business Interiors","","oecm-eligible","active","1","907.34","907.34","https://cdn.shopify.com/s/files/1/0859/0413/0361/files/Coffee-Table-33_-x-33_-15_-Height-Business-Interiors-16693620.jpg?v=1750113311","Category Reception Area & Accent Tables Manufacturer Global Upholstery Co., Inc Manufacturer Ref 7889 Brand Global Item Code: GLB7889 Cafeteria Table is a perfect addition to an home/office where style, comfort, and functionality are combined Beautiful chrome finish enriches the look An excellent choice for your lounge Clear enhance the beauty and gives classy look Top made with a high quality gla","2024-03-02","med","tables(17: handle-exact:table,tokens:tables); gfg-tables(4: tokens:global,tables); cafeteria-breakroom-tables(4: tokens:cafeteria,tables)","tables","gfg-tables","cafeteria-breakroom-tables","Brant Business Interiors","","","","","","","","",""
"9673690317113","coffee-table-chrome","Coffee table — Chrome","https://admin.shopify.com/store/office-central-online/products/9673690317113","https://brantbusinessinteriors.com/products/coffee-table-chrome","Brant Business Interiors","","oecm-eligible","active","3","329.99","329.99","https://cdn.shopify.com/s/files/1/0859/0413/0361/files/Coffee-Table-Chrome-Business-Interiors-16710743.png?v=1750116748","FEATURES SPECS WST12 •Modular in design • Durable laminate, scratch resistant surface • Modern chrome frame • Skid-free floor caps • Simple assembly • FOR INDOOR RESIDENTIAL & COMMERCIAL USE Overall Size: 44” W x 22” D x 15” H Carton Weight: 31 lb","2024-10-07","med","tables(15: handle-exact:table); side-coffee-table(4: tokens:coffee,table); coffee-tables(2: tokens:coffee)","tables","side-coffee-table","coffee-tables","Brant Business Interiors","","","","","","","","",""
"9747448791353","comfort-time-ultra-petit-seat-multi-tilter-chair-high-back-baomvl1880g5","Comfort-time ultra petit seat multi-tilter chair high back — BAOMVL1880G5","https://admin.shopify.com/store/office-central-online/products/9747448791353","https://brantbusinessinteriors.com/products/comfort-time-ultra-petit-seat-multi-tilter-chair-high-back-baomvl1880g5","Brant Business Interiors","","oecm-eligible","active","1","419.99","419.99","https://cdn.shopify.com/s/files/1/0859/0413/0361/files/Comfort-Time-Ultra-Petit-Seat-Multi-Tilter-Chair-High-Back-BAOMVL1880G5-Business-Interiors-16753752.png?v=1750125947","Basics® Comfort-Time™ Petite Seat • Pneumatic seat height adjustment • Seat depth adjustment • Independent seat and back angle adjustment • Infinitely adjustable seat angle • Adjustable back angle • Ratchet back height adjustment • Tilt tension adjustment • Articulating arm caps • Hard floor casters • Fabric","2025-01-03","med","task-chairs(10: anchor:'tilter'); ergonomic-products(10: anchor:'tilter'); chair-mats(4: tokens:chair,floor)","task-chairs","ergonomic-products","chair-mats","Brant Business Interiors","","","","","","","","",""
"9666744680761","concorde-high-back-executive-multi-tilter-2424","Concorde high back executive multi-tilter — 2424","https://admin.shopify.com/store/office-central-online/products/9666744680761","https://brantbusinessinteriors.com/products/concorde-high-back-executive-multi-tilter-2424","Global Furniture Group","","oecm-eligible","active","1","2099.99","2099.99","https://cdn.shopify.com/s/files/1/0859/0413/0361/files/Concorder-High-Back-Executive-Multi-Tilter-2424-Business-Interiors-16701674.png?v=1750115121","350LB Max Weight • Pneumatic seat height adjustment • Seat depth adjustment • Back tilts 2 degrees for every 1 degree the seat tilts • Waterfall seat edge • Height adjustable back • Adjustable lumbar support • Tilt tension adjustment • Width adjustable loop arms Priced in Fabric Dimensions: W26 x D28 x H48 IN.","2024-09-29","med","task-chairs(10: anchor:'tilter'); ergonomic-products(10: anchor:'tilter'); executive-seating(2: tokens:executive)","task-chairs","ergonomic-products","executive-seating","Global Furniture Group","","","","","","","","",""
"9911124263225","contemporary-metal-desk","Contemporary metal desk","https://admin.shopify.com/store/office-central-online/products/9911124263225","https://brantbusinessinteriors.com/products/contemporary-metal-desk","Brant Business Interiors","","oecm-eligible","active","7","1120.00","1349.00","https://cdn.shopify.com/s/files/1/0859/0413/0361/files/business-interiors-24-x48-contemporary-metal-desk-43066045595961.png?v=1759098267","This desk features sturdy 3-inch diameter legs reinforced with 3/8-inch solid bar supports for exceptional strength. It includes a decorative perforated modesty panel to ensure user privacy. The desk is designed for convenience, shipping in a flat pack for easy assembly. High pressure laminate work surface Posi-lock corner exclusive to MityBilt for a lifetime of dependable strength Fully framed us","2025-06-30","med","desks(15: handle-exact:desk); bar-height-tables(2: tokens:bar); laminate-bookcases(2: tokens:laminate)","desks","bar-height-tables","laminate-bookcases","Brant Business Interiors","","","","","","","","",""
"10029504528697","cord-cover","Cord cover snake","https://admin.shopify.com/store/office-central-online/products/10029504528697","https://brantbusinessinteriors.com/products/cord-cover","Brant Business Interiors","","oecm-eligible","active","3","99.99","99.99","https://cdn.shopify.com/s/files/1/0859/0413/0361/files/Screenshot2025-11-04094754.png?v=1767457395","Wire Management Snake for Height Adjustable Units length can be easily changed moves with your unit 3 Colour options","2025-11-04","med","height-adjustable-tables(12: anchor:'height adjustable',tokens:adjustable); air-quality-management(2: tokens:management)","height-adjustable-tables","air-quality-management","","Brant Business Interiors","","","","","","","","",""
"10008720867641","custom-reception-unit-accessories","Custom reception unit & accessories","https://admin.shopify.com/store/office-central-online/products/10008720867641","https://brantbusinessinteriors.com/products/custom-reception-unit-accessories","Brant Business Interiors","","oecm-eligible","active","1","0.00","0.00","https://cdn.shopify.com/s/files/1/0859/0413/0361/files/Screenshot2025-10-14122817.png?v=1767457393","As per Drawing, Sizes as shown.","2025-10-14","med","type-accessories(10: tokens:accessories,parts-match); accessories(10: tokens:accessories,parts-match); all-accessories(10: tokens:accessories,parts-match)","type-accessories","accessories","all-accessories","Brant Business Interiors","","","","","","","","",""
"9666387116345","danio-armless-height-adjustable-task-stool","Danio | armless height adjustable task stool","https://admin.shopify.com/store/office-central-online/products/9666387116345","https://brantbusinessinteriors.com/products/danio-armless-height-adjustable-task-stool","Brant Business Interiors","","oecm-eligible","active","1","259.99","259.99","https://cdn.shopify.com/s/files/1/0859/0413/0361/files/Danio-_-Armless-Height-Adjustable-Task-Stool-Business-Interiors-16700083.png?v=1750114770","MVL2723 Danio | Armless Height Adjustable Task Stool Task mechanism Seat depth adjustment Hinged back with scuff resistant outer shroud Height adjustable back Thick foam and decorative stitch details Height adjustable Chrome circular footrest Pneumatic seat height adjustment Optional height adjustable T-arms are available - MVL2784 Can be upholstered in all Global grade 1 seating textiles with the","2024-09-28","med","height-adjustable-tables(12: anchor:'height adjustable',tokens:adjustable); fire-resistant-file-cabinets(2: tokens:resistant)","height-adjustable-tables","fire-resistant-file-cabinets","","Brant Business Interiors","","","","","","","","",""
"10158668710201","demeter-mid-back-ergonomic-chair-buyers-choice-award","Demeter mid back ergonomic chair ""buyers choice award""","https://admin.shopify.com/store/office-central-online/products/10158668710201","https://brantbusinessinteriors.com/products/demeter-mid-back-ergonomic-chair-buyers-choice-award","Brant Business Interiors","","oecm-eligible","active","1","469.99","469.99","https://cdn.shopify.com/s/files/1/0859/0413/0361/files/Screenshot2025-11-22070344.png?v=1774456138","Features: • Upholstered, high density moulded foam fabric seat & mesh back • Seat depth adjustment • 3D arms • Pneumatic seat height adjustment • Dual nylon casters, ideal for soft or hard floors • ANSI/BIFMA approved construction • Assembly required Dimensions: Height: Seat Height: Seat Depth: Seat Width: Arm Width: 42”-46” 18”-22” 21” 20” 20.5” Max Recommended Weight Capacity: 300lb","2026-03-25","med","ergonomic-products(12: anchor:'ergonomic',tokens:ergonomic); all-ergonomic(12: anchor:'ergonomic',tokens:ergonomic); chair-mats(2: tokens:chair)","ergonomic-products","all-ergonomic","chair-mats","Brant Business Interiors","","","","","","","","",""
"9098360783161","desk-2-drawer-48-x-24-x-29-1","Desk - 2-drawer — 48"" x 24"" x 29""","https://admin.shopify.com/store/office-central-online/products/9098360783161","https://brantbusinessinteriors.com/products/desk-2-drawer-48-x-24-x-29-1","Brant Business Interiors","","oecm-eligible","active","1","429.99","429.99","https://cdn.shopify.com/s/files/1/0859/0413/0361/files/Desk-2-Drawer-48_-x-24_-x-29_-Business-Interiors-16684084.jpg?v=1750111140","Category Contemporary - Laminate Manufacturer Heartwood Manufacturing Ltd Manufacturer Ref MA112448GD Brand Heartwood Item Code: HTWMA112448GD Floating top adds style Durable laminate for carefree protection from moisture, heat and scratches 3/4 pedestal for convenient storage of supplies and files Built-in plastic track on file drawer for versatile filing - letter-size or legal-size Removable pen","2024-02-22","med","desks(15: handle-exact:desk); pedestal-drawers-storage(14: anchor:'pedestal',tokens:pedestal,storage); storage(12: anchor:'pedestal',tokens:storage)","desks","pedestal-drawers-storage","storage","Brant Business Interiors","","","","","","","","",""
"9723829223737","desk-lamp-5-30-w-led-bulb-adjustable-metal-acrylic-desk-mountable","Desk lamp - 5.30 w LED bulb - adjustable - metal, acrylic - desk mountable","https://admin.shopify.com/store/office-central-online/products/9723829223737","https://brantbusinessinteriors.com/products/desk-lamp-5-30-w-led-bulb-adjustable-metal-acrylic-desk-mountable","Brant Business Interiors","","oecm-eligible","active","1","259.98","259.98","https://cdn.shopify.com/s/files/1/0859/0413/0361/files/Desk-Lamp-5.30-W-LED-Bulb-Adjustable-Metal_-Acrylic-Desk-Mountable-Business-Interiors-16742798.png?v=1750123636","Boom arm LED desk lamp provides a ""warm"" full spectrum illumination that most closely resembles natural light for reduced eyestrain with excellent color rendering. It is adjustable to provide great lighting wherever you need it over a large area. It saves you dollars by reducing your energy consumption and not needing to replace a bulb. It is rated for 30,000 hours. No mercury or harmful chemicals","2024-12-06","med","desks(15: handle-exact:desk); height-adjustable-tables(2: tokens:adjustable); lighting(2: tokens:lighting)","desks","height-adjustable-tables","lighting","Brant Business Interiors","","","","","","","","",""
"9723863007545","desk-power-grommet","Desk power grommet","https://admin.shopify.com/store/office-central-online/products/9723863007545","https://brantbusinessinteriors.com/products/desk-power-grommet","Brant Business Interiors","","oecm-eligible","active","2","125.99","150.99","https://cdn.shopify.com/s/files/1/0859/0413/0361/files/Desk-Power-Grommet-Business-Interiors-16743286.png?v=1750123741","Combine your charging station and power bar to optimize your office space, living room or bedroom. This ergonomic and easy to install power bar is equipped with 120V outlets, USB-A outlets, USB-C outlets with a plug and a 1.5m (59 in) power cord. Ideal for arranging and organizing electronic devices. Can be installed under a table, counter, shelf, sofa, or bed. The suggested maximum panel thicknes","2024-12-06","med","desks(15: handle-exact:desk); ergonomic-products(12: anchor:'ergonomic',tokens:ergonomic); all-ergonomic(12: anchor:'ergonomic',tokens:ergonomic)","desks","ergonomic-products","all-ergonomic","Brant Business Interiors","","","","","","","","",""
"9884899213625","desk-shells","Desk shells","https://admin.shopify.com/store/office-central-online/products/9884899213625","https://brantbusinessinteriors.com/products/desk-shells","Brant Business Interiors","","oecm-eligible","active","7","395.00","499.99","https://cdn.shopify.com/s/files/1/0859/0413/0361/files/office-central-brant-business-interiors-24-x48-no-grommets-desk-shells-42917668749625.png?v=1759098282","Desk Shells Available in 7 sizes and colours Requires assembly Quick Ship","2025-05-29","med","desks(15: handle-exact:desk)","desks","","","Brant Business Interiors","","","","","","","","",""
"9693141827897","desk-top-divider-divide","Desk top divider divide","https://admin.shopify.com/store/office-central-online/products/9693141827897","https://brantbusinessinteriors.com/products/desk-top-divider-divide","Brant Business Interiors","","oecm-eligible","active","36","280.00","766.00","https://cdn.shopify.com/s/files/1/0859/0413/0361/files/Desk-Top-Divider-DIVIDE-Business-Interiors-16731440.jpg?v=1750121211","Freestanding desk-top privacy divider that adds acoustic separation and visual privacy between workstations without modifying the desk. Clamps or slots into place on standard and benching desk configurations. Tool-free installation — no holes or hardware in the desk Multiple widths and heights to match your workstation footprint Fabric-wrapped surface softens ambient noise in open-plan offices","2024-11-03","med","desks(17: handle-exact:desk,tokens:workstations); all-desks(2: tokens:workstations); gfg-desks(2: tokens:workstations)","desks","all-desks","gfg-desks","Brant Business Interiors","","","","","","","","",""
"9942359015737","desk-top-dividers-1","Desk top dividers","https://admin.shopify.com/store/office-central-online/products/9942359015737","https://brantbusinessinteriors.com/products/desk-top-dividers-1","Brant Business Interiors","","oecm-eligible","active","14","144.00","399.99","https://cdn.shopify.com/s/files/1/0859/0413/0361/files/office-central-brant-business-interiors-15-x-24-charcoal-desk-top-dividers-43320006181177.png?v=1759098275","Features 12mm thick tackable acoustic frameless PET felt panels made from recycled eco-friendly material (100% polyester) A-level permanent fire protection Mountable above or below worksurfaces 24"" and 30"" wide PET panels are inset 1"" on either end 60"", 66"", and 72"" wide PET panels are inset 2"" on either end Order panel width to match width of adjoining surface 60"" Width for a 60"" Top","2025-08-05","med","desks(15: handle-exact:desk); all-panels(4: tokens:dividers,panels); otg-panels(4: tokens:dividers,panels)","desks","all-panels","otg-panels","Brant Business Interiors","","","","","","","","",""
"9822363451705","dolly-for-sonic-chairs-6517ws","Dolly for sonic chairs — 6517WS","https://admin.shopify.com/store/office-central-online/products/9822363451705","https://brantbusinessinteriors.com/products/dolly-for-sonic-chairs-6517ws","Brant Business Interiors","","oecm-eligible","active","1","319.00","319.00","https://cdn.shopify.com/s/files/1/0859/0413/0361/files/Dolly-for-Sonic-Chairs-6517WS-Business-Interiors-16789237.png?v=1750133301","This dolly is made specifically for the Sonic line of seating. Dimensions: W23.25 x D24.75 x H12.25 IN.","2025-03-14","med","chairs(17: handle-exact:chairs,tokens:chairs); lounge-chairs-seating(4: tokens:chairs,seating); all-seating(2: tokens:seating)","chairs","lounge-chairs-seating","all-seating","Brant Business Interiors","","","","","","","","",""
"9098388799801","door-32-x-32-1","Door — 32"" x 32""","https://admin.shopify.com/store/office-central-online/products/9098388799801","https://brantbusinessinteriors.com/products/door-32-x-32-1","Brant Business Interiors","","oecm-eligible","active","1","179.99","179.99","https://cdn.shopify.com/s/files/1/0859/0413/0361/files/Door-32_-x-32_-Business-Interiors-16684661.jpg?v=1750111273","Doors Performance, choice and value are key statements that define the entire Innovations series Innovations is built and designed to last Quality office furniture, built for today's office Door kit for Innovations bookcase, 32""W x 32""H.","2024-02-22","med","bookcases(10: anchor:'bookcase'); office-furniture(4: tokens:furniture,office); all-business-furniture(2: tokens:furniture)","bookcases","office-furniture","all-business-furniture","Brant Business Interiors","","","","","","","","",""
"9693071737145","drafting-table","Drafting table","https://admin.shopify.com/store/office-central-online/products/9693071737145","https://brantbusinessinteriors.com/products/drafting-table","Brant Business Interiors","","oecm-eligible","active","1","3999.99","3999.99","https://cdn.shopify.com/s/files/1/0859/0413/0361/files/Drafting-Table-Business-Interiors-16728242.png?v=1750120519","Designed by an Architect, Made for an Architect This multi function drafting table is made with 1"" thick panels all around. Includes 32 slots each 24"" deep. Available in 24 colour options. Dual colour options at no extra charge Size: 84"" Wide x 24"" Deep Lead Time: 4-6 Weeks Made in Canada","2024-11-03","med","tables(15: handle-exact:table); all-panels(2: tokens:panels); otg-panels(2: tokens:panels)","tables","all-panels","otg-panels","Brant Business Interiors","","","","","","","","",""
"9693076390201","drafting-table-custom","Drafting table custom","https://admin.shopify.com/store/office-central-online/products/9693076390201","https://brantbusinessinteriors.com/products/drafting-table-custom","Brant Business Interiors","","oecm-eligible","active","1","2899.99","2899.99","https://cdn.shopify.com/s/files/1/0859/0413/0361/files/Drafting-Table-Custom-Business-Interiors-16729162.png?v=1750120700","Custom Drafting Table Size: 84"" W x 78"" D Available in Left or Right configurations. Other Colours are available. Please contact us. Lead Time: 4-6 Weeks","2024-11-03","med","tables(15: handle-exact:table); drafting-tables(2: tokens:drafting); side-coffee-table(2: tokens:table)","tables","drafting-tables","side-coffee-table","Brant Business Interiors","","","","","","","","",""
"9693073867065","drafting-table-precision-table-2-sizes","Drafting table precision table — 2 sizes","https://admin.shopify.com/store/office-central-online/products/9693073867065","https://brantbusinessinteriors.com/products/drafting-table-precision-table-2-sizes","Brant Business Interiors","","oecm-eligible","active","2","2299.99","2999.99","https://cdn.shopify.com/s/files/1/0859/0413/0361/files/Drafting-Table-Precision-Table-2-Sizes-Business-Interiors-16728533.png?v=1750120588","he Safco Precision Tabletop is a drafting tabletop with a green tint, featuring a 1"" non-glare board surface. Green tint drafting surface, the drafting tabletop furnishes a large work surface. b Drafting table Green tint 1"" non-glare boards","2024-11-03","med","tables(15: handle-exact:table); drafting-tables(2: tokens:drafting); side-coffee-table(2: tokens:table)","tables","drafting-tables","side-coffee-table","Brant Business Interiors","","","","","","","","",""
"9693072687417","drafting-table-safco-vista-drawing-table","Drafting table safco vista drawing table","https://admin.shopify.com/store/office-central-online/products/9693072687417","https://brantbusinessinteriors.com/products/drafting-table-safco-vista-drawing-table","Safco","","brand:safco, oecm-eligible","active","1","549.99","549.99","https://cdn.shopify.com/s/files/1/0859/0413/0361/files/Drafting-Table-Safco-Vista-Drawing-Table-Business-Interiors-16728436.png?v=1750120564","Features sturdy, lightweight White tubular steel and a full-width footrest for your comfort Offers easy access knobs to adjust working height and angle without tools Adjustment: 30"" to 46""; Table Tilt: 45 degrees Overall dimensions: 32-1/4""W x 27-1/2""D x 31-1/4"" to 47""h Top: 36""x48""","2024-11-03","med","tables(15: handle-exact:table); desk-top-dividers(2: tokens:top); drafting-tables(2: tokens:drafting)","tables","desk-top-dividers","drafting-tables","Safco","","","","","","","","",""
"9666433220921","dual-monitor-arm","Dual monitor arm","https://admin.shopify.com/store/office-central-online/products/9666433220921","https://brantbusinessinteriors.com/products/dual-monitor-arm","Brant Business Interiors","","oecm-eligible","active","2","299.99","299.99","https://cdn.shopify.com/s/files/1/0859/0413/0361/files/Dual-Monitor-Arm-Business-Interiors-16700652.png?v=1750114902","Fellowes Platinum Mounting Arm for Monitor - Silver - 2 Display(s) Supported 27"" Screen Support - 18.14 kg Load Capacity In Stock Category Monitor Arms Manufacturer Fellowes, Inc. Increase valuable desk space and easily adjust your monitor to reduce eye, neck and shoulder strain Effortless adjustment with innovative gas spring technology Stay charged with two convenient USB charging ports located ","2024-09-28","med","monitor-arms(14: anchor:'monitor arm',tokens:arms,monitor); desk-top-dividers(12: anchor:'screen',tokens:desk); privacy-screens(10: anchor:'screen')","monitor-arms","desk-top-dividers","privacy-screens","Brant Business Interiors","","","","","","","","",""
"9665415807289","dual-sided-height-adjustable-table","Dual sided height adjustable table","https://admin.shopify.com/store/office-central-online/products/9665415807289","https://brantbusinessinteriors.com/products/dual-sided-height-adjustable-table","Brant Business Interiors","","oecm-eligible","active","6","2099.99","2299.99","https://cdn.shopify.com/s/files/1/0859/0413/0361/files/Dual-Sided-Height-Adjustable-Table-Business-Interiors-16698414.png?v=1750114414","STANDARD FEATURES • Super quiet, dual synchronized motor; less than 48db noise • Anti-collision protection • Optional upgraded controller displaying exact height with 4 preset height settings • Black and white powdercoat to all steel components • Standard screen colours in Spectrum Red, Deep Grey, and Bright Blue • Height range: 28” - 47” • Load capacity: 225 lbs. • Height adjustment speed: 1.6”/s","2024-09-27","med","height-adjustable-tables(12: anchor:'height adjustable',tokens:adjustable); ergonomic-products(10: anchor:'synchro'); privacy-screens(10: anchor:'screen')","height-adjustable-tables","ergonomic-products","privacy-screens","Brant Business Interiors","","","","","","","","",""
"9666752053561","echo-3670-3-task-chair","Echo 3670-3 task chair","https://admin.shopify.com/store/office-central-online/products/9666752053561","https://brantbusinessinteriors.com/products/echo-3670-3-task-chair","Brant Business Interiors","","oecm-eligible","active","1","699.99","699.99","https://cdn.shopify.com/s/files/1/0859/0413/0361/files/Echo-3670-3-Task-Chair-Business-Interiors-16704219.png?v=1750115346","Ergonomic seating solution with adjustable features, allows individual users to customize the fit of the chair for their own body proportions. Standard with back/lumbar height and angle adjustment, seat height adjustment, forward seat angle adjustment/lock, infinite angle chair tilt-lock, tension adjustment, and height and width adjustable arms. Dimensions: W26 x D26.5 x H50 IN","2024-09-29","med","chairs(15: handle-exact:chair); task-chairs(12: anchor:'task chair',tokens:task); ergonomic-products(12: anchor:'ergonomic',tokens:ergonomic)","chairs","task-chairs","ergonomic-products","Brant Business Interiors","","","","","","","","",""
"10128802709817","electric-desk-riser-dual-monitor-arm","Electric desk riser + dual monitor arm","https://admin.shopify.com/store/office-central-online/products/10128802709817","https://brantbusinessinteriors.com/products/electric-desk-riser-dual-monitor-arm","Brant Business Interiors","","oecm-eligible","active","1","599.99","599.99","https://cdn.shopify.com/s/files/1/0859/0413/0361/files/Screenshot2026-02-25133507.png?v=1772045289","Electric Desk Riser + Dual Monitor Arm Large 37.25”” x 20.5” work surface. EVR Enhanced Vertical Range from 4.7” to 21.7”. Electric lift system raises up to 40 lbs. Rear grommet for optional monitor arm. Full size 31.5” x 10” detachable keyboard tray 10.25” wide slot holds tablet or phone. Includes 4 AC outlets and 2 USB / 1 USB-C ports on the desktop Dual double articulated full motion monitor ar","2026-02-25","med","desks(15: handle-exact:desk); monitor-arms(12: anchor:'monitor arm',tokens:monitor); keyboard-trays(2: tokens:keyboard)","desks","monitor-arms","keyboard-trays","Brant Business Interiors","","","","","","","","",""
"9103471608121","electric-height-adjustable-standing-desk-workstation-4","Electric height adjustable standing desk workstation","https://admin.shopify.com/store/office-central-online/products/9103471608121","https://brantbusinessinteriors.com/products/electric-height-adjustable-standing-desk-workstation-4","Brant Business Interiors","","oecm-eligible","active","1","682.00","682.00","https://cdn.shopify.com/s/files/1/0859/0413/0361/files/Electric-Height-Adjustable-Standing-Desk-Workstation-Business-Interiors-16692179.jpg?v=1750113010","Category Workstations/Computer Desks Manufacturer Victor Technology, LLC Manufacturer Ref DC400 Brand Victor Item Code : VCTDC400 multipurpose desktop riser - Built to fit your needs and keep your equipment safe and organized With a maximum load capacity of 11.34 kg, it makes a perfect solution for display or mounting Sturdy and long lasting multipurpose desktop riser Transform any sit-down desk i","2024-02-26","med","desk-top-sit-stand(12: anchor:'standing desk',tokens:desk); height-adjustable-tables(12: anchor:'height adjustable',tokens:adjustable); all-desks(4: tokens:desks,workstations)","desk-top-sit-stand","height-adjustable-tables","all-desks","Brant Business Interiors","","","","","","","","",""
"9673700376889","end-table-glass-top","End table glass top","https://admin.shopify.com/store/office-central-online/products/9673700376889","https://brantbusinessinteriors.com/products/end-table-glass-top","Brant Business Interiors","","oecm-eligible","active","1","325.00","325.00","https://cdn.shopify.com/s/files/1/0859/0413/0361/files/End-Table-Glass-Top-Business-Interiors-16711367.png?v=1750116875","FEATURES SPECS MG0922S-NB • Square clear glass tempered table top • Metal frame in nickel brush • Ready to assemble Overall Size: 22” W x 22” D x 20” H Carton Weight: 24 lbs","2024-10-07","med","tables(15: handle-exact:table); desk-top-dividers(2: tokens:top); end-tables-tables(2: tokens:end)","tables","desk-top-dividers","end-tables-tables","Brant Business Interiors","","","","","","","","",""
"9114394001721","end-table-29-x-29-x-16","End table — 29"" x 29"" x 16""","https://admin.shopify.com/store/office-central-online/products/9114394001721","https://brantbusinessinteriors.com/products/end-table-29-x-29-x-16","Brant Business Interiors","","oecm-eligible","active","1","907.34","907.34","https://cdn.shopify.com/s/files/1/0859/0413/0361/files/End-Table-29_-x-29_-x-16_-Business-Interiors-16693744.jpg?v=1750113335","Category Reception Area & Accent Tables Manufacturer Global Upholstery Co., Inc Manufacturer Ref ML2929CT ACJ AA Brand Offices To Go Item Code : GLBML2929CTACJ Keep your space tidy and organized with tables that encourage learning in a casual setting Density particle board covered with thermally fused laminate Modular lounge seating component Perfect for reception lobbies, waiting rooms, or any ca","2024-03-02","med","tables(17: handle-exact:table,tokens:tables); gfg-tables(4: tokens:global,tables); end-tables-tables(4: tokens:end,tables)","tables","gfg-tables","end-tables-tables","Brant Business Interiors","","","","","","","","",""
"9673683566905","end-table-chrome","End table — Chrome","https://admin.shopify.com/store/office-central-online/products/9673683566905","https://brantbusinessinteriors.com/products/end-table-chrome","Brant Business Interiors","","oecm-eligible","active","3","289.99","289.99","https://cdn.shopify.com/s/files/1/0859/0413/0361/files/End-Table-Chrome-Business-Interiors-16710288.png?v=1750116642","FEATURES SPECS WST09 •Modular in design •Durable laminate, scratch resistant surface •Modern chrome frame • Skid-free floor caps • Simple assembly Overall Size: 22” W x 15.75” D x 18.5” H Carton Weight: 14 lbs","2024-10-07","med","tables(15: handle-exact:table); end-tables-tables(2: tokens:end); fire-resistant-file-cabinets(2: tokens:resistant)","tables","end-tables-tables","fire-resistant-file-cabinets","Brant Business Interiors","","","","","","","","",""
"9982113481017","eor-guest-chair-mvl3920b","Eor guest chair — MVL3920B","https://admin.shopify.com/store/office-central-online/products/9982113481017","https://brantbusinessinteriors.com/products/eor-guest-chair-mvl3920b","Brant Business Interiors","","oecm-eligible","active","1","209.99","209.99","https://cdn.shopify.com/s/files/1/0859/0413/0361/files/office-central-brant-business-interiors-default-title-eor-guest-chair-mvl3920b-43547804795193.png?v=1759098301","Eor | Upholstered Guest Chair multi-purpose guest chair bonded Black Leather durable steel four-legged frame contoured back and seat cushions with waterfall seat edge welcoming soft self-skinned polyurethane armcaps seat shroud provides a clean overall finish seating surfaces are upholstered in Black Luxhide bonded leather compliant with the emissions guidelines set by the GREENGUARD Environmental","2025-09-15","med","chairs(15: handle-exact:chair); guest-seating(4: tokens:guest,seating); leather-faux-seating(4: tokens:leather,seating)","chairs","guest-seating","leather-faux-seating","Brant Business Interiors","","","","","","","","",""
"10170849231161","evolve-workstations","Evolve workstations","https://admin.shopify.com/store/office-central-online/products/10170849231161","https://brantbusinessinteriors.com/products/evolve-workstations","Brant Business Interiors","","oecm-eligible","active","1","23000.00","23000.00","https://cdn.shopify.com/s/files/1/0859/0413/0361/files/Screenshot2026-04-09100028.png?v=1775743282","Evolve® Stack. Connect. Support. Evolve offers tailored solutions that shape space, connect people and support new ways of working. Evolve provides the backbone to building complete office landscapes. Stackable panels shape space without relying on existing walls. Fabric, laminate, metal and glass finish options support varying privacy, acoustical and aesthetic requirements. Size: 24""x60"" (Each St","2026-04-09","med","acoustic-panels(12: anchor:'panel',tokens:panels); all-desks(2: tokens:workstations); desks(2: tokens:workstations)","acoustic-panels","all-desks","desks","Brant Business Interiors","","","","","","","","",""
"9897192554809","executive-workstation-10x10","Executive workstation — 10'x10'","https://admin.shopify.com/store/office-central-online/products/9897192554809","https://brantbusinessinteriors.com/products/executive-workstation-10x10","Brant Business Interiors","","oecm-eligible","active","1","5999.99","5999.99","https://cdn.shopify.com/s/files/1/0859/0413/0361/files/office-central-brant-business-interiors-default-title-executive-workstation-10-x10-42992223060281.png?v=1759098259","This set includes: Consists Of: QTY SKU DESCRIPTION 1 P-Top Island w/Faux Pedestal LT 1 Space Savr Return 16 throat RT 1 4 D ConnecTble Tbl Return RT 1 3H OPEN STOR CABINET 1 Z30L5E 53H 2 FILE W/DOORS 1 53H END SHELF LEFT 1 Z16L2BFS 28.5H B/B/F LOWER STOR 1 23_ HIGH HUTCH 1 HORIZONTAL PIGEON HOLE STORAGE","2025-06-16","med","pedestal-drawers-storage(12: anchor:'pedestal',tokens:pedestal); storage(10: anchor:'pedestal'); room-open-plan(2: tokens:open)","pedestal-drawers-storage","storage","room-open-plan","Brant Business Interiors","","","","","","","","",""
"9721985237305","factor-mesh-seating","Factor mesh seating","https://admin.shopify.com/store/office-central-online/products/9721985237305","https://brantbusinessinteriors.com/products/factor-mesh-seating","Brant Business Interiors","","oecm-eligible","active","2","468.00","475.00","https://cdn.shopify.com/s/files/1/0859/0413/0361/files/Factor-Mesh-Seating-Business-Interiors-16741630.png?v=1750123407","Medium Back: Dimensions: W26.50 x D24.00 x H39.00IN. High Back: Dimensions: W26.50 x D24.00 x H41.50IN.","2024-12-04","med","seating(17: handle-exact:seating,tokens:seating); medium-back-seating(6: tokens:back,medium,seating); mesh-seating(4: tokens:mesh,seating)","seating","medium-back-seating","mesh-seating","Brant Business Interiors","","","","","","","","",""
"9832223867193","felt-acoustic-wall-tiles","Felt acoustic wall tiles","https://admin.shopify.com/store/office-central-online/products/9832223867193","https://brantbusinessinteriors.com/products/felt-acoustic-wall-tiles","Brant Business Interiors","Sound dampeners wall tiles","oecm-eligible","active","6","696.99","1399.99","https://cdn.shopify.com/s/files/1/0859/0413/0361/files/business-interiors-sound-dampeners-wall-tiles-circles-8-box-11-75-x11-75-felt-acoustic-wall-tiles-42571606393145.png?v=1759098216","Silhouette Tiles Harmonious design and acoustic performance is the goal behind our silhouette tiles. We encourage you to have fun mixing and matching this exciting offering of acoustical tiles. They are designed to mitigate the realities of hard reflective surfaces such as brickwork, drywall, glass and wood. Circles: 11.75""x11.75""","2025-03-28","med","walls(15: handle-exact:wall); acoustic-panels(12: anchor:'acoustic',tokens:acoustic)","walls","acoustic-panels","","Brant Business Interiors","","","","","","","","",""
"9693098705209","flap-folding-chair-6775-1","Flap folding chair (6775) — 6775","https://admin.shopify.com/store/office-central-online/products/9693098705209","https://brantbusinessinteriors.com/products/flap-folding-chair-6775-1","Brant Business Interiors","","oecm-eligible","active","1","189.99","189.99","https://cdn.shopify.com/s/files/1/0859/0413/0361/files/FlapTM-Folding-Chair-_6775_-Business-Interiors-16730679.jpg?v=1750121033","Flap™ Flap™ is a lightweight, durable folding chair that can expand the audience quickly for large gatherings or support more people in small spaces. For use indoors or out, the sleek, comfortable, all techno-polymer design makes Flap a versatile favorite for offices, schools, event venues and patient rooms. With its slim folding design, Flap measures just 2.5"" and stores most anywhere. Stack chai","2024-11-03","med","chairs(15: handle-exact:chair); all-quiet-spaces(2: tokens:spaces); folding-stacking-chairs-carts(2: tokens:folding)","chairs","all-quiet-spaces","folding-stacking-chairs-carts","Brant Business Interiors","","","","","","","","",""
"9103358984505","flip-top-table-48-x-24","Flip-top table — 48"" x 24""","https://admin.shopify.com/store/office-central-online/products/9103358984505","https://brantbusinessinteriors.com/products/flip-top-table-48-x-24","Brant Business Interiors","","oecm-eligible","active","1","459.99","459.99","https://cdn.shopify.com/s/files/1/0859/0413/0361/files/Flip-Top-Table-48_-x-24_-Business-Interiors-16690944.jpg?v=1750112688","Category Training Room Tables Manufacturer Global Upholstery Co., Inc Manufacturer Ref 76813 Brand Offices To Go Item Code: GLBML4824FTASN Flip top tables allow for easy storage and nesting Laminate table top Tungsten modesty panel and legs Locking casters Flip top tables allow for easy storage and nesting Laminate table top. Tungsten modesty panel and legs. Locking casters. Assembly not included.","2024-02-26","med","tables(17: handle-exact:table,tokens:tables); training-flip-top-tables(8: tokens:flip,tables,top,training); gfg-storage(4: tokens:global,storage)","tables","training-flip-top-tables","gfg-storage","Brant Business Interiors","","","","","","","","",""
"9103180136761","folding-table-60-4","Folding chair","https://admin.shopify.com/store/office-central-online/products/9103180136761","https://brantbusinessinteriors.com/products/folding-table-60-4","Brant Business Interiors","","oecm-eligible","active","1","399.99","399.99","https://cdn.shopify.com/s/files/1/0859/0413/0361/files/Folding-Table-60_-Business-Interiors-16687348.jpg?v=1750111869","Convenient hand hold cutout Contains a minimum of 30% post-consumer recycled material. Maximum weight 110 kg (240 lbs). Textured polyethylene seat and back. Granite. Sold in a box of 6","2024-02-25","med","chairs(15: handle-exact:chair); folding-stacking-chairs-carts(2: tokens:folding); medium-back-seating(2: tokens:back)","chairs","folding-stacking-chairs-carts","medium-back-seating","Brant Business Interiors","","","","","","","","",""
"10107361100089","folding-chair-cart","Folding chair cart","https://admin.shopify.com/store/office-central-online/products/10107361100089","https://brantbusinessinteriors.com/products/folding-chair-cart","Brant Business Interiors","","oecm-eligible","active","1","299.99","299.99","https://cdn.shopify.com/s/files/1/0859/0413/0361/files/Screenshot2026-02-02145213.png?v=1770061992","Cart will stack & hold 32pcs TLT-FC6 chairs or 26pcs TLT-FCB6 chairs TLT-FCB6 chairs stack in alternating directions Same durable finish as chairs Hard locking casters (suitable for carpet or other soft/medium finish floors) Optional soft/rubber locking casters available for additional charge - which we recommend for gymnasium floors","2026-02-02","med","chairs(17: handle-exact:chair,tokens:chairs); folding-stacking-chairs-carts(4: tokens:chairs,folding); type-chairs(2: tokens:chairs)","chairs","folding-stacking-chairs-carts","type-chairs","Brant Business Interiors","","","","","","","","",""
"9103179972921","folding-table-8","Folding table","https://admin.shopify.com/store/office-central-online/products/9103179972921","https://brantbusinessinteriors.com/products/folding-table-8","Brant Business Interiors","","oecm-eligible","active","1","285.89","285.89","https://cdn.shopify.com/s/files/1/0859/0413/0361/files/Folding-Table-Business-Interiors-16687155.jpg?v=1750111824","Weatherproof design allows safe use both indoors and outdoors High-impact, polyethylene top resists scratches to maintain high quality Foldable design transports easily and allows convenient storage Perfect for use at work table, buffet table and more Versatile, lightweight multipurpose folding table features a scratch-resistant, weatherproof, high-impact, polyethylene top and durable steel legs f","2024-02-25","med","tables(15: handle-exact:table); all-storage(2: tokens:storage); gfg-storage(2: tokens:storage)","tables","all-storage","gfg-storage","Brant Business Interiors","","","","","","","","",""
"9103178924345","folding-table-60-x-30-1","Folding table — 60"" x 30""","https://admin.shopify.com/store/office-central-online/products/9103178924345","https://brantbusinessinteriors.com/products/folding-table-60-x-30-1","Brant Business Interiors","","oecm-eligible","active","1","246.90","246.90","https://cdn.shopify.com/s/files/1/0859/0413/0361/files/Folding-Table-60_-x-30_-Business-Interiors-16686986.jpg?v=1750111780","Weatherproof design allows safe use both indoors and outdoors High-impact, polyethylene top resists scratches to maintain high quality Foldable design transports easily and allows convenient storage Perfect for use at work table, buffet table and more Versatile, lightweight multipurpose folding table features a scratch-resistant, weatherproof, high-impact, polyethylene top and durable steel legs f","2024-02-25","med","tables(15: handle-exact:table); all-storage(2: tokens:storage); gfg-storage(2: tokens:storage)","tables","all-storage","gfg-storage","Brant Business Interiors","","","","","","","","",""
"9725748478265","gaming-chair","Gaming chair","https://admin.shopify.com/store/office-central-online/products/9725748478265","https://brantbusinessinteriors.com/products/gaming-chair","Brant Business Interiors","","oecm-eligible","active","1","499.99","499.99","https://cdn.shopify.com/s/files/1/0859/0413/0361/files/Gaming-Chair-Business-Interiors-16745775.png?v=1750124262",""" L x 28"" W x 47"" H; Seat Size: 22"" W x 19.5"" D x 4.5"" T; Back Size: 21"" W x 29"" H x 3.75"" T - Approved for commercial or residential use","2024-12-09","med","gaming(17: handle-exact:gaming,tokens:gaming); chairs(15: handle-exact:chair); medium-back-seating(2: tokens:back)","gaming","chairs","medium-back-seating","Brant Business Interiors","","","","","","","","",""
"9779411976505","gardex-fireproof-lateral-file-2-3-4-drawer","Gardex fireproof lateral file ( 2, 3 & 4 drawer) — 4 drawer","https://admin.shopify.com/store/office-central-online/products/9779411976505","https://brantbusinessinteriors.com/products/gardex-fireproof-lateral-file-2-3-4-drawer","Brant Business Interiors","","oecm-eligible","active","6","3749.99","6999.99","https://cdn.shopify.com/s/files/1/0859/0413/0361/files/Gardex-Fireproof-Lateral-File-_-2_-3-_-4-Drawer_-Business-Interiors-16776041.png?v=1750130402","Gardex® Insulated Vertical Filing Cabinets Made in Canada Features - GL Gardex Serie; stores legal, letter or A4 formats - Key operated plunger lock system - Inside temperature stays at 177°C if ambient temp. is at 927°C - Pendaflex filing type hanging system (left to right or front to back) Individually insulated drawer compartments ensure contents of unopened drawers are protected even if one is","2025-02-06","med","lateral-file-cabinets-storage(16: anchor:'lateral file',tokens:cabinets,file,lateral); vertical-file-cabinets-storage(6: tokens:cabinets,file,vertical); fire-resistant-file-cabinets(4: tokens:cabinets,file)","lateral-file-cabinets-storage","vertical-file-cabinets-storage","fire-resistant-file-cabinets","Brant Business Interiors","","","","","","","","",""
"9666746384697","granada-deluxe-high-back-multi-tilter-1170-3-2","Granada deluxe high back multi-tilter (1170-3) — 1170-3","https://admin.shopify.com/store/office-central-online/products/9666746384697","https://brantbusinessinteriors.com/products/granada-deluxe-high-back-multi-tilter-1170-3-2","Brant Business Interiors","","oecm-eligible","active","1","669.99","669.99","https://cdn.shopify.com/s/files/1/0859/0413/0361/files/Granadar-Deluxe-High-Back-Multi-Tilter-_1170-3_-Business-Interiors-16701757.png?v=1750115144","Tension Adjustment: Increase or decrease to match body weight. Allows you to rock comfortably, without heavy pushing, reducing muscle fatigue. Chair Tilt Lock: Lock the tilt movement in position(s) to accommodate your working posture. Allows you to lock your chair in a comfortable and supportive position (can be either single position or infinite style). Seat Height: Raise or lower to allow your f","2024-09-29","med","task-chairs(10: anchor:'tilter'); ergonomic-products(10: anchor:'tilter'); big-heavy-seating(2: tokens:heavy)","task-chairs","ergonomic-products","big-heavy-seating","Brant Business Interiors","","","","","","","","",""
"9667794239801","guest-chair-6960-moda","Guest chair 6960 moda","https://admin.shopify.com/store/office-central-online/products/9667794239801","https://brantbusinessinteriors.com/products/guest-chair-6960-moda","Brant Business Interiors","","oecm-eligible","active","3","449.99","559.00","https://cdn.shopify.com/s/files/1/0859/0413/0361/files/Guest-Chair-6960-Moda-Business-Interiors-16707162.jpg?v=1750115978","Introducing Moda™. Fashion is forward in this beautifully executed seating series designed by Sava Cvek. The Polished Aluminum frame can be specified with a mix of leg finishes, including woodgrain textures and shimmering solids. Dimensions: W25 x D25 x H31 IN.","2024-09-30","med","chairs(15: handle-exact:chair); guest-seating(4: tokens:guest,seating); all-seating(2: tokens:seating)","chairs","guest-seating","all-seating","Brant Business Interiors","","","","","","","","",""
"9855858245945","height-adjustable-l-shape-table-1","Height adjustable l-shape table","https://admin.shopify.com/store/office-central-online/products/9855858245945","https://brantbusinessinteriors.com/products/height-adjustable-l-shape-table-1","Brant Business Interiors","","oecm-eligible","active","6","1100.99","1369.99","https://cdn.shopify.com/s/files/1/0859/0413/0361/files/Height-Adjustable-L-Shape-Table-Business-Interiors-16800839.png?v=1750135607","Features: • Quick assembly design. Sturdy, 2-stage steel frame construction • 4 programmable memory positions • Actuator system with a dual synchronized motor driving each leg • Includes adjustable glides • Low power consumption in standby mode • Flexibility - designed to work with Innovations tops (sold separately) or retrofit an existing top to this unit • Fits 24” & 30” tops, centered legs for ","2025-04-25","med","height-adjustable-tables(12: anchor:'height adjustable',tokens:adjustable); l-shape-desks(12: anchor:'l-shape',tokens:shape); desks(10: anchor:'l-shape')","height-adjustable-tables","l-shape-desks","desks","Brant Business Interiors","","","","","","","","",""
"9782607446329","height-adjustable-rectangular-table-2-legs-nl48243qht","Height adjustable rectangular table - 2 legs","https://admin.shopify.com/store/office-central-online/products/9782607446329","https://brantbusinessinteriors.com/products/height-adjustable-rectangular-table-2-legs-nl48243qht","Brant Business Interiors","","oecm-eligible","active","3","769.99","799.99","https://cdn.shopify.com/s/files/1/0859/0413/0361/files/Height-Adjustable-Rectangular-Table-2-legs-Business-Interiors-16778782.png?v=1750131013","NL48243QHT Newland | 48""x24"" Height Adjustable Rectangular Table - 2 legs Newland - simple and modular components combining classic design, quality and value to support a wide range of workspace applications. From private offices, open plan, meeting and training spaces, Newland offers functional and practical desking solutions that will stand the test of time. quick assembly electric height adjust","2025-02-10","med","height-adjustable-tables(12: anchor:'height adjustable',tokens:adjustable); room-open-plan(4: tokens:open,plan); all-quiet-spaces(2: tokens:spaces)","height-adjustable-tables","room-open-plan","all-quiet-spaces","Brant Business Interiors","","","","","","","","",""
"9664277971257","high-back-tilter-with-arms","High back tilter with arms","https://admin.shopify.com/store/office-central-online/products/9664277971257","https://brantbusinessinteriors.com/products/high-back-tilter-with-arms","Brant Business Interiors","","oecm-eligible","active","1","399.99","399.99","https://cdn.shopify.com/s/files/1/0859/0413/0361/files/High-Back-Tilter-with-Arms-Business-Interiors-16696857.png?v=1750114052","Upholstery Options: Luxhide: Available in various colors","2024-09-26","med","task-chairs(10: anchor:'tilter'); ergonomic-products(10: anchor:'tilter'); medium-back-seating(2: tokens:back)","task-chairs","ergonomic-products","medium-back-seating","Brant Business Interiors","","","","","","","","",""
"9683080249657","horseshoe-study-table-height-adjustable-c-shape-horseshoe-1","Horseshoe study table height adjustable c-shape horseshoe","https://admin.shopify.com/store/office-central-online/products/9683080249657","https://brantbusinessinteriors.com/products/horseshoe-study-table-height-adjustable-c-shape-horseshoe-1","Brant Business Interiors","","oecm-eligible","active","3","799.99","999.99","https://cdn.shopify.com/s/files/1/0859/0413/0361/files/Horseshoe-Study-Table-Height-Adjustable-C-Shape-Horseshoe-Business-Interiors-16716637.png?v=1750118014","Available in the following sizes: 36"" x 60"" and 48"" x 72"" Available in the following heights: 17"" - 25"", 22"" - 30"" and 30"" - 42"" Maple high pressure scratch resistant laminate Silver 3mm vinyl bonded edgeband Chewing gum resistant table backing Silver powder coated legs Limited Lifetime Warranty GreenGuard Gold Certified Made in Canada","2024-10-19","med","tables(15: handle-exact:table); height-adjustable-tables(12: anchor:'height adjustable',tokens:adjustable); fire-resistant-file-cabinets(2: tokens:resistant)","tables","height-adjustable-tables","fire-resistant-file-cabinets","Brant Business Interiors","","","","","","","","",""
"9983576506681","humanscale-nova-lighting","Humanscale nova lighting","https://admin.shopify.com/store/office-central-online/products/9983576506681","https://brantbusinessinteriors.com/products/humanscale-nova-lighting","Humanscale","","brand:humanscale, oecm-eligible","active","3","479.99","479.99","https://cdn.shopify.com/s/files/1/0859/0413/0361/files/office-central-brant-business-interiors-white-humanscale-nova-lighting-43555275997497.png?v=1759098300","Humanscale’s award-winning Nova light combines advanced technology, modern design, and thoughtful engineering to bring you the ideal light for tasking, video calls, and more. Its customized optical lens and advanced LED Light Guide Technology and 91+ CRI produces a uniform footprint of glare-free neutral light, rendering objects vivid and clear. Simplicity in design and function allows for one-tou","2025-09-16","med","lighting(17: handle-exact:lighting,tokens:lighting)","lighting","","","Humanscale","","","","","","","","",""
"9693075505465","impromptu-lectern-1","Impromptu lectern","https://admin.shopify.com/store/office-central-online/products/9693075505465","https://brantbusinessinteriors.com/products/impromptu-lectern-1","Brant Business Interiors","","oecm-eligible","active","2","699.99","699.99","https://cdn.shopify.com/s/files/1/0859/0413/0361/files/Impromptur-Lectern-Business-Interiors-16728851.png?v=1750120654","The Impromptu® Lectern is a Gray workspace podium built from a steel frame and translucent polycarbonate panel. The mobile presentation stand is mobile on four swivel wheels (two locking). Complements entire Impromptu line of products. Podium Steel frame and translucent polycarbonate panel Mobile presentation stand on four swivel wheels (two locking) Complements entire Impromptu line of products M","2024-11-03","med","acoustic-panels(10: anchor:'panel'); desk-top-sit-stand-ergonomic-products(4: tokens:products,stand); all-ergonomic(2: tokens:products)","acoustic-panels","desk-top-sit-stand-ergonomic-products","all-ergonomic","Brant Business Interiors","","","","","","","","",""
"9469554262329","indoor-planter","Indoor planter","https://admin.shopify.com/store/office-central-online/products/9469554262329","https://brantbusinessinteriors.com/products/indoor-planter","Brant Business Interiors","","oecm-eligible","active","1","1600.00","1600.00","https://cdn.shopify.com/s/files/1/0859/0413/0361/files/Indoor-Planter-Business-Interiors-16695887.png?v=1750113822","Bring the outdoors in Bring the outdoors in to establish and maintain a positive connection with nature in the office! The Viro modular plant wall provides necessary privacy while improving the air quality and acoustics of a variety of spaces. Price is for 1 tier unit Pots and Plants sold separately Specifications Standard Features Steel Frame Construction Optional pots Overflow Tray Secure Fasten","2024-06-11","med","planters(15: handle-exact:planter); acoustic-panels(10: anchor:'acoustic'); all-quiet-spaces(2: tokens:spaces)","planters","acoustic-panels","all-quiet-spaces","Brant Business Interiors","","","","","","","","",""
"9665634435385","ionic-feet-1-pair","Ionic feet (1 pair)","https://admin.shopify.com/store/office-central-online/products/9665634435385","https://brantbusinessinteriors.com/products/ionic-feet-1-pair","Brant Business Interiors","","oecm-eligible","active","1","149.99","149.99","https://cdn.shopify.com/s/files/1/0859/0413/0361/files/Ionic-Feet-_1-Pair_-Business-Interiors-16698710.png?v=1750114480","OTG | Flat Foot Kit - Pack of 2 Sold in pairs Use to create a freestanding divider These feet are only for IONIC Panels","2024-09-27","med","acoustic-panels(12: anchor:'panel',tokens:panels); otg-panels(4: tokens:otg,panels); all-panels(2: tokens:panels)","acoustic-panels","otg-panels","all-panels","Brant Business Interiors","","","","","","","","",""
"9666435449145","jax-keyboard-tray","Jax keyboard tray","https://admin.shopify.com/store/office-central-online/products/9666435449145","https://brantbusinessinteriors.com/products/jax-keyboard-tray","Brant Business Interiors","","oecm-eligible","active","1","495.00","495.00","https://cdn.shopify.com/s/files/1/0859/0413/0361/files/JAX-Keyboard-Tray-Business-Interiors-16701131.png?v=1750115012","The NEW JAX Sit to Stand is the most innovative keyboard arm in the market. It rises above the desk more than any other to allow typing standing up,and is supplied with a 21.75” fully storable track. The lift and lock mechanism allows the height to be set at any position throughout the range. Its low profile arm and tray head provide excellent knee clearance. With a sleek and ingenious design you ","2024-09-28","med","desk-top-sit-stand(16: anchor:'sit to stand',tokens:desk,sit,stand); desktop-sit-stand(4: tokens:sit,stand); sit-stand-workstations(4: tokens:sit,stand)","desk-top-sit-stand","desktop-sit-stand","sit-stand-workstations","Brant Business Interiors","","","","","","","","",""
"9841866506553","jax-sit-to-stand","Jax sit to stand","https://admin.shopify.com/store/office-central-online/products/9841866506553","https://brantbusinessinteriors.com/products/jax-sit-to-stand","Brant Business Interiors","","oecm-eligible","active","1","449.99","449.99","https://cdn.shopify.com/s/files/1/0859/0413/0361/files/business-interiors-default-title-jax-sit-to-stand-42642210160953.png?v=1759098290","The NEW JAX Sit to Stand is the most innovative keyboard arm on the market - The Jax Sit to Stand rises above the desk more than any other to allow typing standing up. - Allows end user to type at the most comfortable and ergonomically correct angle. - Tilt indicator incorporated in an intelligently designed gauge, providing visual aid while adjusting for a personal fit. - Supplied with a 21 3/4 i","2025-04-09","med","desk-top-sit-stand(16: anchor:'sit to stand',tokens:desk,sit,stand); ergonomic-products(10: anchor:'ergonomic'); all-ergonomic(10: anchor:'ergonomic')","desk-top-sit-stand","ergonomic-products","all-ergonomic","Brant Business Interiors","","","","","","","","",""
"9729489043769","kate-medium-back-armchair-2813","Kate medium back armchair (2813) — 2813","https://admin.shopify.com/store/office-central-online/products/9729489043769","https://brantbusinessinteriors.com/products/kate-medium-back-armchair-2813","Brant Business Interiors","","oecm-eligible","active","1","730.99","730.99","https://cdn.shopify.com/s/files/1/0859/0413/0361/files/Kate-Medium-Back-Armchair-_2813_-Business-Interiors-16750419.jpg?v=1750125246","Kate™ A contemporary, yet retro series featuring sculpted seat and back cushions. Series includes a Tilter Armchair, Swivel Armchair, Four Legged Armchair and Ottoman. Fully upholstered closed arms offer a unique style and function in the workplace. Tilter models are available with two different mechanisms, feature pneumatic seat height adjustment and a five-legged polished aluminum base with twin","2024-12-12","med","task-chairs(10: anchor:'tilter'); ergonomic-products(10: anchor:'tilter'); medium-back-seating(4: tokens:back,medium)","task-chairs","ergonomic-products","medium-back-seating","Brant Business Interiors","","","","","","","","",""
"9820585525561","koko-tables","Koko tables","https://admin.shopify.com/store/office-central-online/products/9820585525561","https://brantbusinessinteriors.com/products/koko-tables","Brant Business Interiors","","oecm-eligible","active","2","779.99","779.99","https://cdn.shopify.com/s/files/1/0859/0413/0361/files/KOKO-Tables-Business-Interiors-16788087.png?v=1750133045","Work from anywhere with Koko. Whether you’re working on a couch, chair or anywhere else in the ofące, this minimalist laptop table easily adapts to your workspace. Its all aluminum construction is available in 20 colour options, and no assembly is required. This unique streamlined design and leg architecture, comes in rectangular and round surfaces, and is the perfect table to move freely around t","2025-03-13","med","tables(17: handle-exact:tables,tokens:tables); all-tables(2: tokens:tables); gfg-tables(2: tokens:tables)","tables","all-tables","gfg-tables","Brant Business Interiors","","","","","","","","",""
"9669947326777","reception-unit-72x72","L shape reception unit 72""x72"" 15B — 72""x72""","https://admin.shopify.com/store/office-central-online/products/9669947326777","https://brantbusinessinteriors.com/products/reception-unit-72x72","Brant Business Interiors","","oecm-eligible","active","1","1999.99","1999.99","https://cdn.shopify.com/s/files/1/0859/0413/0361/files/Reception-Unit-72_x72_-Business-Interiors-16710137.png?v=1750116620","Desk shell is part of the Innovations Laminate Series that combines intelligent design and function with lasting durability The series offers high-quality construction with an abundance of components so you can make the perfect choice for your office or work space Durable, premium, thermally fused, woodgrain laminate tops 72"" x 72""","2024-10-02","med","reception(17: handle-exact:reception,tokens:reception); l-shape-desks(12: anchor:'l shape',tokens:shape); desks(10: anchor:'l shape')","reception","l-shape-desks","desks","Brant Business Interiors","","","","","","","","",""
"9840940810553","l-shape-desk-with-36h-privacy-panel","L-shape desk with 36""h privacy panel — 36""","https://admin.shopify.com/store/office-central-online/products/9840940810553","https://brantbusinessinteriors.com/products/l-shape-desk-with-36h-privacy-panel","Brant Business Interiors","","oecm-eligible","active","1","2799.99","2799.99","https://cdn.shopify.com/s/files/1/0859/0413/0361/files/business-interiors-default-title-l-shape-desk-with-36-h-privacy-panel-42633887514937.png?v=1759098224","L-Shape Desk with 36""H Privacy Panel Desk Size: 72"" 72"" Panel Height: 36"" off the desktop Assembly Required","2025-04-08","med","acoustic-panels(10: anchor:'panel'); l-shape(2: tokens:shape); panel-systems(2: tokens:panel)","acoustic-panels","l-shape","panel-systems","Brant Business Interiors","","","","","","","","",""
"9855829967161","l-shape-suire","L-shape suite — HTWLEV1LOOP","https://admin.shopify.com/store/office-central-online/products/9855829967161","https://brantbusinessinteriors.com/products/l-shape-suire","Brant Business Interiors","","oecm-eligible","active","1","1319.99","1319.99","https://cdn.shopify.com/s/files/1/0859/0413/0361/files/business-interiors-default-title-l-shape-suite-htwlev1loop-42731461935417.png?v=1759098237","HDL® Levels Series Tiered Workstations Component based series featuring clean lines and a modern, layered aesthetic. L-Shape Layout 71”W x 71”D x 21-3/4”/29”H,","2025-04-25","med","l-shape-desks(12: anchor:'l-shape',tokens:shape); desks(12: anchor:'l-shape',tokens:workstations); all-desks(2: tokens:workstations)","l-shape-desks","desks","all-desks","Brant Business Interiors","","","","","","","","",""
"10053881692473","l-shape-workstations","L-shape workstations (9 sizes, 8 colours) — 9 sizes","https://admin.shopify.com/store/office-central-online/products/10053881692473","https://brantbusinessinteriors.com/products/l-shape-workstations","Brant Business Interiors","","bestseller, oecm-eligible","active","9","799.99","899.99","https://cdn.shopify.com/s/files/1/0859/0413/0361/files/Screenshot2025-12-01153918.png?v=1767457391","Quality, choice and value are key ingredients that define the Innovations series. Combining high quality furniture with an abundance of components and finishes to choose from, along with our exceptional “in stock” , next day delivery advantage, makes this the perfect choice for your office or workspace.","2025-12-01","med","l-shape-desks(12: anchor:'l-shape',tokens:shape); desks(12: anchor:'l-shape',tokens:workstations); office-furniture(4: tokens:furniture,office)","l-shape-desks","desks","office-furniture","Brant Business Interiors","","","","","","","","",""
"9723832435001","led-desk-lamp-with-usb-and-night-light","LED desk lamp with USB and night light","https://admin.shopify.com/store/office-central-online/products/9723832435001","https://brantbusinessinteriors.com/products/led-desk-lamp-with-usb-and-night-light","Brant Business Interiors","","oecm-eligible","active","1","139.59","139.59","https://cdn.shopify.com/s/files/1/0859/0413/0361/files/LED-Desk-Lamp-with-USB-and-Night-Light-Business-Interiors-16743176.png?v=1750123720","LED Desk Lamp with USB and Night Light - RDL-110U - 22"" (558.80 mm) Height - 7"" (177.80 mm) Width - 8 W LED Bulb - 450 Lumens - ABS - Desk Mountable - Warm White, Cool Daylight, Black, Bright White, Titanium Gray - for Desk","2024-12-06","med","desks(15: handle-exact:desk)","desks","","","Brant Business Interiors","","","","","","","","",""
"9723830337849","led-desk-lamp-with-wireless-charger-led","LED desk lamp with wireless charger - LED","https://admin.shopify.com/store/office-central-online/products/9723830337849","https://brantbusinessinteriors.com/products/led-desk-lamp-with-wireless-charger-led","Brant Business Interiors","","oecm-eligible","active","2","134.19","134.20","https://cdn.shopify.com/s/files/1/0859/0413/0361/files/LED-Desk-Lamp-with-Wireless-Charger-LED-Business-Interiors-16742817.png?v=1750123657","Wireless Charger Key Features Three color temperature modes. Touch control buttons and rotary metallic knob. SMD LED light.","2024-12-06","med","desks(15: handle-exact:desk)","desks","","","Brant Business Interiors","","","","","","","","",""
"9822327505209","laminate-lockers-1","Laminate lockers","https://admin.shopify.com/store/office-central-online/products/9822327505209","https://brantbusinessinteriors.com/products/laminate-lockers-1","Brant Business Interiors","","oecm-eligible","active","2","759.99","838.20","https://cdn.shopify.com/s/files/1/0859/0413/0361/files/Laminate-Lockers-Business-Interiors-16788815.png?v=1750133237","Canadian Made wood or solid colour lockers. Available in many shapes and sizes. Size: 72""H x 16'W x 21""D (Available in other sizes) 4 Week Lead Time","2025-03-14","med","lockers(17: handle-exact:lockers,tokens:lockers); buy-canadian(2: tokens:canadian); laminate-bookcases(2: tokens:laminate)","lockers","buy-canadian","laminate-bookcases","Brant Business Interiors","","","","","","","","",""
"9800598552889","laminate-modesty-panels","Laminate modesty panels","https://admin.shopify.com/store/office-central-online/products/9800598552889","https://brantbusinessinteriors.com/products/laminate-modesty-panels","Brant Business Interiors","","oecm-eligible","active","14","126.00","239.00","https://cdn.shopify.com/s/files/1/0859/0413/0361/files/Laminate-Modesty-Panels-Business-Interiors-16784189.png?v=1750132200","Features Sized to be full-width modesty panel Ships in two cartons Finished with 3mm PVC on all sides 14"" High Brackets included","2025-02-27","med","acoustic-panels(12: anchor:'panel',tokens:panels); all-panels(2: tokens:panels); otg-panels(2: tokens:panels)","acoustic-panels","all-panels","otg-panels","Brant Business Interiors","","","","","","","","",""
"9943316529465","laptop-holder-for-100-ma1c-100-ma2c-monitor-arms","Laptop holder for 100-MA1C & 100-MA2C monitor arms only","https://admin.shopify.com/store/office-central-online/products/9943316529465","https://brantbusinessinteriors.com/products/laptop-holder-for-100-ma1c-100-ma2c-monitor-arms","Brant Business Interiors","Laptop Holder","oecm-eligible","active","1","89.99","89.99","https://cdn.shopify.com/s/files/1/0859/0413/0361/files/office-central-brant-business-interiors-laptop-holder-default-title-laptop-holder-for-100-ma1c-100-ma2c-monitor-arms-only-43328554041657.png?v=1759098298","Laptop mounting tray that attaches to the 100-MA1C and 100-MA2C monitor arms only . Swap the tray onto the arm in place of a monitor to mount a laptop for flexible dual-use workstations. Secure retention clip keeps the laptop in place at any arm angle Ventilation cutouts prevent overheating during long sessions Not compatible with other monitor arm models — check your arm SKU before ordering","2025-08-06","med","monitor-arms(14: anchor:'monitor arm',tokens:arms,monitor); all-desks(2: tokens:workstations); desks(2: tokens:workstations)","monitor-arms","all-desks","desks","Brant Business Interiors","","","","","","","","",""
"10084137697593","lateral-file-used-5-drawer-beige-nevada","Lateral file (used) 5 drawer beige nevada — 5 drawer","https://admin.shopify.com/store/office-central-online/products/10084137697593","https://brantbusinessinteriors.com/products/lateral-file-used-5-drawer-beige-nevada","Brant Business Interiors","","oecm-eligible","active","1","329.99","329.99","https://cdn.shopify.com/s/files/1/0859/0413/0361/files/GULF50G1842P_SIL_REG.jpg?v=1766712366","Features Levelling glides standard Cam locks with removable cores are standard File bars included Interlock system prevents tipping by allowing only one drawer to open at a time Counterweights available to meet ANSI/BIFMA standards Lifetime Warranty Greenguard certified While Quantities Last Delivery Charge Extra","2025-12-25","med","lateral-file-cabinets-storage(14: anchor:'lateral file',tokens:file,lateral); room-open-plan(2: tokens:open); fire-resistant-file-cabinets(2: tokens:file)","lateral-file-cabinets-storage","room-open-plan","fire-resistant-file-cabinets","Brant Business Interiors","","","","","","","","",""
"9788589900089","lateral-file-wood-laminate-2-3-4-drawer-options","Lateral file wood laminate (2, 3 & 4 drawer options) — 4 drawer","https://admin.shopify.com/store/office-central-online/products/9788589900089","https://brantbusinessinteriors.com/products/lateral-file-wood-laminate-2-3-4-drawer-options","Brant Business Interiors","","oecm-eligible","active","3","699.99","1299.69","https://cdn.shopify.com/s/files/1/0859/0413/0361/files/Lateral-File-Wood-Laminate-_2_-3-_-4-Drawer-options_-Business-Interiors-16782381.jpg?v=1750131808","Made in Canada Includes hanging bars and lock Durable laminate finish available in many wood and solid colours. Assortment of optional handles available. Full Suspension Glides","2025-02-16","med","lateral-file-cabinets-storage(14: anchor:'lateral file',tokens:file,lateral); fire-resistant-file-cabinets(2: tokens:file); laminate-bookcases(2: tokens:laminate)","lateral-file-cabinets-storage","fire-resistant-file-cabinets","laminate-bookcases","Brant Business Interiors","","","","","","","","",""
"9693070721337","lectern-storage-stand","Lectern storage stand","https://admin.shopify.com/store/office-central-online/products/9693070721337","https://brantbusinessinteriors.com/products/lectern-storage-stand","Brant Business Interiors","","oecm-eligible","active","1","1780.00","1780.00","https://cdn.shopify.com/s/files/1/0859/0413/0361/files/Lectern-Storage-Stand-Business-Interiors-16728122.png?v=1750120497","Available in several colours options. 4 Week Lead Time","2024-11-03","med","storage(17: handle-exact:storage,tokens:storage); all-storage(2: tokens:storage); gfg-storage(2: tokens:storage)","storage","all-storage","gfg-storage","Brant Business Interiors","","","","","","","","",""
"9800687845689","levels-l-shape","Levels l-shape","https://admin.shopify.com/store/office-central-online/products/9800687845689","https://brantbusinessinteriors.com/products/levels-l-shape","Brant Business Interiors","","oecm-eligible","active","1","1449.99","1449.99","https://cdn.shopify.com/s/files/1/0859/0413/0361/files/Levels-L-Shape-Business-Interiors-16784391.png?v=1750132244","Features Series Overview Modern tiered design components with stylish optional 7’’ storage riser feet All laminate doors include soft close hinges New silver locks and silver keys are now standard on Pure White and Winter Wood laminate components Fully integrated with other HDL Series including the popular Innovations Series Accessories, privacy panels & storage...HDL has options! Integrated heigh","2025-02-27","med","l-shape-desks(12: anchor:'l-shape',tokens:shape); desks(10: anchor:'l-shape'); all-storage(2: tokens:storage)","l-shape-desks","desks","all-storage","Brant Business Interiors","","","","","","","","",""
"9747754320185","levels-suite","Levels suite","https://admin.shopify.com/store/office-central-online/products/9747754320185","https://brantbusinessinteriors.com/products/levels-suite","Brant Business Interiors","","oecm-eligible","active","7","449.99","1199.99","https://cdn.shopify.com/s/files/1/0859/0413/0361/files/Levels-Suite-Business-Interiors-16754133.png?v=1750126075","Description Introducing Leves, our new multi-tiered, layered office furniture series that combines contemporary metal details with durable laminate designs. Choose from over 80 IN-STOCK, high quality, modular components. Select models are made-in-Canada L-Shape Desk: 71""x71"" Hutch: 71"" Wide x 15.75"" x 42"" High Storage Cabinet: 35.6"" Wide x 21.75"" Deep x 64.5"": High Wardrobe: 17.75"" Wide x 23.75"" D","2025-01-04","med","l-shape-desks(12: anchor:'l-shape',tokens:shape); desks(10: anchor:'l-shape'); office-furniture(4: tokens:furniture,office)","l-shape-desks","desks","office-furniture","Brant Business Interiors","","","","","","","","",""
"9858891776313","links-custom-reception-unit-60x72","Links custom reception unit — 60""x72""","https://admin.shopify.com/store/office-central-online/products/9858891776313","https://brantbusinessinteriors.com/products/links-custom-reception-unit-60x72","Brant Business Interiors","","oecm-eligible","active","1","2999.99","2999.99","https://cdn.shopify.com/s/files/1/0859/0413/0361/files/business-interiors-default-title-links-custom-reception-unit-60-x72-42750518427961.png?v=1759098239","Links Workspaces combine contemporary design and ergonomics, offered in a wide selection of beautiful finishes and textiles to enhance every workspace environment. Size: 60"" x 72"" Available in 60"", 66"", 72"" & 78"" lengths, and 24"" or 30"" deep surfaces.","2025-04-29","med","reception(17: handle-exact:reception,tokens:reception); ergonomic-products(10: anchor:'ergonomic'); all-ergonomic(10: anchor:'ergonomic')","reception","ergonomic-products","all-ergonomic","Brant Business Interiors","","","","","","","","",""
"9690804846905","lockers-2-tier-assembled","Lockers 2 tier (assembled)","https://admin.shopify.com/store/office-central-online/products/9690804846905","https://brantbusinessinteriors.com/products/lockers-2-tier-assembled","Brant Business Interiors","","oecm-eligible","active","4","349.00","1279.99","https://cdn.shopify.com/s/files/1/0859/0413/0361/files/Lockers-2-Tier-_Assembled_-Business-Interiors-16726619.png?v=1750120309","2 Overall Depth 18"" Overall Height 76"" Overall Width Single 12"", Double 24"", Triple 36"", Quad 48""","2024-10-30","med","lockers(17: handle-exact:lockers,tokens:lockers); storage-cabinets-lockers(2: tokens:lockers)","lockers","storage-cabinets-lockers","","Brant Business Interiors","","","","","","","","",""
"9868797346105","lockers-2-tier","Lockers 2-tier","https://admin.shopify.com/store/office-central-online/products/9868797346105","https://brantbusinessinteriors.com/products/lockers-2-tier","Brant Business Interiors","","oecm-eligible","active","3","360.00","840.00","https://cdn.shopify.com/s/files/1/0859/0413/0361/files/business-interiors-1-bank-assembled-lockers-2-tier-42814958534969.png?v=1759098252","Description Keep your workplace tidy while also providing secure storage for personal items. Available in both knocked down and assembled models, lockers feature durable steel construction and magnetic latches to ensure doors properly fasten when closed. 16-gauge frames, 24-gauge body and shelves Double pan construction doors, 20-gauge outer and 24-gauge inner pans Stainless steel recessed padlock","2025-05-13","med","lockers(17: handle-exact:lockers,tokens:lockers); personal-storage(4: tokens:personal,storage); storage-cabinets-lockers(4: tokens:lockers,storage)","lockers","personal-storage","storage-cabinets-lockers","Brant Business Interiors","","","","","","","","",""
"9690784596281","lockers-single-tier-assembled","Lockers single tier (assembled)","https://admin.shopify.com/store/office-central-online/products/9690784596281","https://brantbusinessinteriors.com/products/lockers-single-tier-assembled","Brant Business Interiors","","oecm-eligible","active","4","389.00","1289.99","https://cdn.shopify.com/s/files/1/0859/0413/0361/files/Lockers-Single-Tier-_Assembled_-Business-Interiors-16725896.png?v=1750120125","1 Overall Depth 18"" Overall Height 72"" Overall Width 36""","2024-10-30","med","lockers(17: handle-exact:lockers,tokens:lockers); storage-cabinets-lockers(2: tokens:lockers)","lockers","storage-cabinets-lockers","","Brant Business Interiors","","","","","","","","",""
"9667830776121","lotus-dx-sit-stand-workstation-dual-monitor-arm-extra","Lotus dx sit-stand workstation (dual monitor arm extra)","https://admin.shopify.com/store/office-central-online/products/9667830776121","https://brantbusinessinteriors.com/products/lotus-dx-sit-stand-workstation-dual-monitor-arm-extra","Brant Business Interiors","","oecm-eligible","active","1","763.89","763.89","https://cdn.shopify.com/s/files/1/0859/0413/0361/files/Lotus-DX-Sit-Stand-Workstation-_Dual-Monitor-Arm-Extra_-Business-Interiors-16708472.png?v=1750116257","The Lotus DX takes your workstation to the next level with a built-in charging station with wireless charging stand that makes staying productive effortless Patent-pending Smooth Lift Technology™ keeps your workstation stable and makes changing positions effortless Contains Microban® antimicrobial technology for powerful, continuous product protection against bacteria Features 22 different height ","2024-09-30","med","desk-top-sit-stand(14: anchor:'sit-stand',tokens:sit,stand); monitor-arms(12: anchor:'monitor arm',tokens:monitor); desktop-sit-stand(4: tokens:sit,stand)","desk-top-sit-stand","monitor-arms","desktop-sit-stand","Brant Business Interiors","","","","","","","","",""
"9847159750969","luray-executive-chair","Luray executive chair","https://admin.shopify.com/store/office-central-online/products/9847159750969","https://brantbusinessinteriors.com/products/luray-executive-chair","Brant Business Interiors","","oecm-eligible","active","2","849.99","899.99","https://cdn.shopify.com/s/files/1/0859/0413/0361/files/business-interiors-highback-luray-executive-chair-42678417523001.png?v=1759098236","Luray™ As the workplace continues to change, meetings and conferences can still be long days with demanding agendas. Luray provides ample proportions and full back support in an upholstered seating series to keep participants at their best. The polished aluminum arm can be specified with a urethane or wood top cap. Contrasting stitching is also available to complement a wide selection of Global te","2025-04-16","med","chairs(15: handle-exact:chair); executive-seating(14: anchor:'executive chair',tokens:executive,seating); medium-back-seating(4: tokens:back,seating)","chairs","executive-seating","medium-back-seating","Brant Business Interiors","","","","","","","","",""
"9785193038137","makerspace-tables","Makerspace tables","https://admin.shopify.com/store/office-central-online/products/9785193038137","https://brantbusinessinteriors.com/products/makerspace-tables","Brant Business Interiors","","oecm-eligible","active","1","2622.00","2622.00","https://cdn.shopify.com/s/files/1/0859/0413/0361/files/Makerspace-Tables-Business-Interiors-16781166.png?v=1750131546","Avenue A-Frame Table Features 1-3/4"" Thick Solid Maple Worksurface 11-gauge steel “L” channel welded to the legs and bolted to dual cross-table supports for additional strength 2-1/2"" x 2-1/2"" thick wall square steel tubes with a fully welded 2"" x 2"" cross brace Choose from 4"" industrial casters, 4"" designer casters, or glides Diversified Woodcrafts Inc. is SEFA compliant and MAS Certified Green L","2025-02-12","med","tables(17: handle-exact:tables,tokens:tables); round-square-tables(4: tokens:square,tables); all-tables(2: tokens:tables)","tables","round-square-tables","all-tables","Brant Business Interiors","","","","","","","","",""
"9882644414777","manual-height-adjustable-base","Manual height adjustable base (tops sold separately)","https://admin.shopify.com/store/office-central-online/products/9882644414777","https://brantbusinessinteriors.com/products/manual-height-adjustable-base","Brant Business Interiors","","oecm-eligible","active","1","699.99","699.99","https://cdn.shopify.com/s/files/1/0859/0413/0361/files/office-central-brant-business-interiors-default-title-manual-height-adjustable-base-tops-sold-separately-43007489245497.png?v=1759098250","TO ORDER TOPS FEATURES: • Compact manual sit-to-stand desk frame (base only) • Foldable handle prevents interference • Top Size Range: 42”min - 60”max width (larger than 60” wide is not recommended) • Height Range: 28.75”min - 48.5”max (NO TOP) • Adjustable levelers adaptable to almost any floor surface • Weight Capacity: 154 lbs (excluding top) • Compatible with modesty or desktop panels Assembly","2025-05-28","med","height-adjustable-tables(12: anchor:'height adjustable',tokens:adjustable); desk-top-sit-stand(8: tokens:desk,sit,stand,top); desktop-sit-stand(4: tokens:sit,stand)","height-adjustable-tables","desk-top-sit-stand","desktop-sit-stand","Brant Business Interiors","","","","","","","","",""
"9795576660281","manual-height-adjustable-table","Manual height adjustable table","https://admin.shopify.com/store/office-central-online/products/9795576660281","https://brantbusinessinteriors.com/products/manual-height-adjustable-table","Brant Business Interiors","","oecm-eligible","active","1","1348.00","1348.00","https://cdn.shopify.com/s/files/1/0859/0413/0361/files/Manual-Height-Adjustable-Table-Business-Interiors-16783421.png?v=1750132048","Manually operated height adjustable tables with counterbalanced spring mechanism. Exceptional ergonomic alternative to traditional desking. Sit-Stand design promotes increased circulation, improving performance and comfort. Dimensions: W58 x D30 x H26-46 IN.","2025-02-24","med","desk-top-sit-stand(14: anchor:'sit-stand',tokens:sit,stand); height-adjustable-tables(14: anchor:'height adjustable',tokens:adjustable,table); ergonomic-products(12: anchor:'ergonomic',tokens:ergonomic)","desk-top-sit-stand","height-adjustable-tables","ergonomic-products","Brant Business Interiors","","","","","","","","",""
"9729470857529","marche-guest-chair","Marche guest chair","https://admin.shopify.com/store/office-central-online/products/9729470857529","https://brantbusinessinteriors.com/products/marche-guest-chair","Brant Business Interiors","","oecm-eligible","active","1","670.64","670.64","https://cdn.shopify.com/s/files/1/0859/0413/0361/files/Marche-Guest-Chair-Business-Interiors-16749983.jpg?v=1750125142","Marche™ Marche is multi-use seating utilizing wood and metal design accents. Wood backs are available closed, open or upholstered. Metal legs are standard in black and are available in optional chrome, brushed chrome or tungsten finishes. Three complementary bar stools complete the series.","2024-12-12","med","chairs(15: handle-exact:chair); guest-seating(4: tokens:guest,seating); stools-seating(4: tokens:seating,stools)","chairs","guest-seating","stools-seating","Brant Business Interiors","","","","","","","","",""
"9853059694905","meeting-table","Meeting table","https://admin.shopify.com/store/office-central-online/products/9853059694905","https://brantbusinessinteriors.com/products/meeting-table","Brant Business Interiors","","oecm-eligible","active","15","379.99","529.99","https://cdn.shopify.com/s/files/1/0859/0413/0361/files/business-interiors-24-x36-meeting-table-42714173964601.png?v=1759098243","Innovation tables include multiple size tops available many colour options Top: 1"" Thick Edge: Matching PVC Edge Legs: 4 Colour options","2025-04-22","med","tables(17: handle-exact:table,tokens:tables); meeting-tables(14: anchor:'meeting table',tokens:meeting,tables); training-flip-top-tables(4: tokens:tables,top)","tables","meeting-tables","training-flip-top-tables","Brant Business Interiors","","","","","","","","",""
"9911112433977","metal-apex-desk","Metal apex desk","https://admin.shopify.com/store/office-central-online/products/9911112433977","https://brantbusinessinteriors.com/products/metal-apex-desk","Brant Business Interiors","","oecm-eligible","active","2","2199.99","2499.99","https://cdn.shopify.com/s/files/1/0859/0413/0361/files/office-central-brant-business-interiors-30-x60-metal-apex-desk-43065299763513.png?v=1759098277","The Apex teachers desk features integral wire management, a modesty panel and 2 locking box box file pedestals - everything the busy teacher needs! High pressure laminate work surface Chewing gum resistant table backer Integral wire management Durable powder coat finish; for the sake of the environment 3mm edge band for superior security, durability, strength and hygiene 1"" thick high quality part","2025-06-30","med","desks(15: handle-exact:desk); pedestals(12: anchor:'pedestal',tokens:pedestals); storage(10: anchor:'pedestal')","desks","pedestals","storage","Brant Business Interiors","","","","","","","","",""
"9874943738169","metal-cross-base-with-levelers","Metal cross base with levelers","https://admin.shopify.com/store/office-central-online/products/9874943738169","https://brantbusinessinteriors.com/products/metal-cross-base-with-levelers","Brant Business Interiors","","oecm-eligible","active","4","280.00","369.99","https://cdn.shopify.com/s/files/1/0859/0413/0361/files/business-interiors-silver-27-high-metal-cross-base-with-levelers-42862810923321.png?v=1759098247","Features Heavy-duty, durable 27"" wide base Low-profile adjustable glides Perfect for lunchrooms and cafeterias Black (BL) or Silver (SL) powder coat finish 2 Base Height available (not including top) Ships in two cartons","2025-05-20","med","bases(15: handle-exact:base); big-heavy-seating(2: tokens:heavy); desk-top-dividers(2: tokens:top)","bases","big-heavy-seating","desk-top-dividers","Brant Business Interiors","","","","","","","","",""
"9683142836537","metal-desk-laminate-top","Metal desk laminate top","https://admin.shopify.com/store/office-central-online/products/9683142836537","https://brantbusinessinteriors.com/products/metal-desk-laminate-top","Brant Business Interiors","","oecm-eligible","active","1","1799.99","1799.99","https://cdn.shopify.com/s/files/1/0859/0413/0361/files/Metal-Desk-Laminate-Top-Business-Interiors-71006381.png?v=1754496379","The 24"" x 60"" Apex teachers desk is completely mobile and features integral wire management, a modesty panel and a locking box box file pedestal - everything the busy teacher needs! Maple high pressure scratch resistant laminate Silver 3mm vinyl bonded edge band Chewing gum resistant table backing 2"" swivel castors Silver powder coated frame Locking Box/Box/File pedestal Limited Lifetime Warranty ","2024-10-19","med","desks(15: handle-exact:desk); pedestal-drawers-storage(12: anchor:'pedestal',tokens:pedestal); storage(10: anchor:'pedestal')","desks","pedestal-drawers-storage","storage","Brant Business Interiors","","","","","","","","",""
"9676180488505","ml-bar-stool","Ml bar stool","https://admin.shopify.com/store/office-central-online/products/9676180488505","https://brantbusinessinteriors.com/products/ml-bar-stool","Brant Business Interiors","","oecm-eligible","active","1","999.99","999.99","https://cdn.shopify.com/s/files/1/0859/0413/0361/files/ML-Bar-Stool-Business-Interiors-16713343.png?v=1750117304","ML™ is a contemporary interpretation of classic minimalist style and well suited to reception areas, modern offices and hospitality applications. The series which includes lounge chairs, dining chairs, two or three seat sofas, bar stools or a coordinating ottoman is available in COM or the full range of Global textiles and leathers. Designed by Richard Eppstadt.","2024-10-10","med","stools(17: handle-exact:stool,tokens:stools); lounge-chairs(14: anchor:'lounge chair',tokens:chairs,lounge); reception-side-guest-chairs(4: tokens:chairs,reception)","stools","lounge-chairs","reception-side-guest-chairs","Brant Business Interiors","","","","","","","","",""
"9676178981177","ml-series-lounge-chair","Ml series lounge chair","https://admin.shopify.com/store/office-central-online/products/9676178981177","https://brantbusinessinteriors.com/products/ml-series-lounge-chair","Brant Business Interiors","","oecm-eligible","active","1","1499.99","1499.99","https://cdn.shopify.com/s/files/1/0859/0413/0361/files/ML-Series-Lounge-Chair-Business-Interiors-16713171.png?v=1750117262","ML™ is a contemporary interpretation of classic minimalist style and well suited to reception areas, modern offices and hospitality applications. The series which includes lounge chairs, dining chairs, two or three seat sofas, bar stools or a coordinating ottoman is available in COM or the full range of Global textiles and leathers. Designed by Richard Eppstadt.","2024-10-10","med","lounge(17: handle-exact:lounge,tokens:lounge); chairs(17: handle-exact:chair,tokens:chairs); reception-side-guest-chairs(4: tokens:chairs,reception)","lounge","chairs","reception-side-guest-chairs","Brant Business Interiors","","","","","","","","",""
"9851749335353","monitor-arms","Monitor arms","https://admin.shopify.com/store/office-central-online/products/9851749335353","https://brantbusinessinteriors.com/products/monitor-arms","Brant Business Interiors","Avis-add-charge","oecm-eligible","active","2","199.99","199.99","(no image)","Single-monitor articulating arm that frees up desk space and supports ergonomic screen positioning. Fits most VESA-compatible displays up to standard office monitor sizes. Full-motion tilt, swivel, and height adjustment Clamp and grommet mounts included Integrated cable management keeps the workstation tidy","2025-04-21","med","monitor-arms(14: anchor:'monitor arm',tokens:arms,monitor); ergonomic-products(12: anchor:'ergonomic',tokens:ergonomic); all-ergonomic(12: anchor:'ergonomic',tokens:ergonomic)","monitor-arms","ergonomic-products","all-ergonomic","Brant Business Interiors","","","","","","","","",""
"9788850307385","nutmeg-reception","Nutmeg reception","https://admin.shopify.com/store/office-central-online/products/9788850307385","https://brantbusinessinteriors.com/products/nutmeg-reception","Brant Business Interiors","","oecm-eligible","active","1","2733.00","2733.00","https://cdn.shopify.com/s/files/1/0859/0413/0361/files/Nutmeg-Reception-Business-Interiors-16783039.jpg?v=1750131961","Modern style reception unit. Made in Canada DESCRIPTION WARDROBE - 16”W X 30”D X 46”H STORAGE - 16”W X 30”D X 46”H CUSTOM GALLERY DESK - 52”W X 24”D X 43”H CUSTOM GALLERY DESK - 55”W X 24”D X 43”H CUSTOM POST -16”W X 16”D X 46”H","2025-02-16","med","reception(17: handle-exact:reception,tokens:reception); wardrobe-storage(4: tokens:storage,wardrobe); all-storage(2: tokens:storage)","reception","wardrobe-storage","all-storage","Brant Business Interiors","","","","","","","","",""
"9689001951545","oci-platinum-monitor-arms","Oci platinum monitor arms","https://admin.shopify.com/store/office-central-online/products/9689001951545","https://brantbusinessinteriors.com/products/oci-platinum-monitor-arms","Brant Business Interiors","","oecm-eligible","active","2","425.00","425.00","https://cdn.shopify.com/s/files/1/0859/0413/0361/files/OCI-Platinum-Monitor-Arms-Business-Interiors-16725085.png?v=1750119786","Adept Series Monitor Arm Utilizing classic and time tested styling, the Adept Series delivers outstanding performance and a value conscious price tag. With its counter-balance mechanism set for the monitor, vertical height, focal distance, screen angle and orientation adjustments are all easily and quickly achieved in seconds without the use of any tools. Claim back your valuable desk space as you","2024-10-27","med","monitor-arms(14: anchor:'monitor arm',tokens:arms,monitor); privacy-screens(10: anchor:'screen'); desk-top-dividers(10: anchor:'screen')","monitor-arms","privacy-screens","desk-top-dividers","Brant Business Interiors","","","","","","","","",""
"10197752348985","part-time-armless-posture-task-chair","Part-Time | Armless Posture Task Chair","https://admin.shopify.com/store/office-central-online/products/10197752348985","https://brantbusinessinteriors.com/products/part-time-armless-posture-task-chair","Office Central & Brant Business Interiors","","oecm-eligible","active","1","299.99","299.99","https://cdn.shopify.com/s/files/1/0859/0413/0361/files/DBE_MVL2837F_CE90_Reg.jpg?v=1778010298","Part-Time series is a collection of office chairs proudly made in Canada, designed to offer exceptional value without compromising on comfort and ergonomics. It features contoured cushions that adapt to your shape and a waterfall seat edge that reduces pressure on your legs, promoting good posture. Ideal for general office use, these chairs are engineered to provide lasting comfort throughout your","2026-05-05","med","task-chairs(14: anchor:'task chair',tokens:chairs,task); ergonomic-products(10: anchor:'ergonomic'); all-ergonomic(10: anchor:'ergonomic')","task-chairs","ergonomic-products","all-ergonomic","Brant Business Interiors","","","","","","","","",""
"10196145045817","part-time-task-chair-with-height-adjustable-arms-mvl","Part-Time | Task Chair with Height Adjustable Arms MVL","https://admin.shopify.com/store/office-central-online/products/10196145045817","https://brantbusinessinteriors.com/products/part-time-task-chair-with-height-adjustable-arms-mvl","Brant Business Interiors","","oecm-eligible","active","1","279.99","279.99","https://cdn.shopify.com/s/files/1/0859/0413/0361/files/Screenshot2026-05-02201058.png?v=1777767158","MVL2846 Part-Time | Task Chair with Height Adjustable Arms Part-Time series is a collection of office chairs proudly made in Canada, designed to offer exceptional value without compromising on comfort and ergonomics. It features contoured cushions that adapt to your shape and a waterfall seat edge that reduces pressure on your legs, promoting good posture. Ideal for general office use, these chair","2026-05-02","med","task-chairs(14: anchor:'task chair',tokens:chairs,task); ergonomic-products(10: anchor:'ergonomic'); all-ergonomic(10: anchor:'ergonomic')","task-chairs","ergonomic-products","all-ergonomic","Brant Business Interiors","","","","","","","","",""
"9749033386297","partitions-66-high-6-offices","Partitions 66"" high 6 offices — 66""","https://admin.shopify.com/store/office-central-online/products/9749033386297","https://brantbusinessinteriors.com/products/partitions-66-high-6-offices","Brant Business Interiors","","oecm-eligible","active","1","4599.00","4599.00","https://cdn.shopify.com/s/files/1/0859/0413/0361/files/Partitions-66_-High-6-Offices-Business-Interiors-16760765.png?v=1750127441","3@Back Panel Size: 60"" Wide 8@Side Panels Size: 48"" Wide Side Panels available in 24"" and 36"" Made in Canada Finishes: Panel frame, flat foot and mobile foot Black (BLK), Designer White (DWT), and Tungsten (TUN) Fabric Blue Mist (LL14), Caramel Cream (LL12), Cinder (LL37), Granite (LL36), Medium Taupe (LL11), Sandstone (LL38), and Spray (LL35)","2025-01-06","med","acoustic-panels(12: anchor:'panel',tokens:panels); medium-back-seating(4: tokens:back,medium); panels-partitions(4: tokens:panels,partitions)","acoustic-panels","medium-back-seating","panels-partitions","Brant Business Interiors","","","","","","","","",""
"9749031158073","partitions-66-high","Partitions 66"" high — 66""","https://admin.shopify.com/store/office-central-online/products/9749031158073","https://brantbusinessinteriors.com/products/partitions-66-high","Brant Business Interiors","","oecm-eligible","active","1","1299.99","1299.99","https://cdn.shopify.com/s/files/1/0859/0413/0361/files/Partitions-66_-High-Business-Interiors-16760264.png?v=1750127336","Back Panel Size: 60"" Wide Side Panels Size: 48"" Wide Made in Canada Finishes: Panel frame, flat foot and mobile foot Black (BLK), Designer White (DWT), and Tungsten (TUN) Fabric Blue Mist (LL14), Caramel Cream (LL12), Cinder (LL37), Granite (LL36), Medium Taupe (LL11), Sandstone (LL38), and Spray (LL35)","2025-01-06","med","acoustic-panels(12: anchor:'panel',tokens:panels); medium-back-seating(4: tokens:back,medium); panels-partitions(4: tokens:panels,partitions)","acoustic-panels","medium-back-seating","panels-partitions","Brant Business Interiors","","","","","","","","",""
"9676187631929","planters","Planters","https://admin.shopify.com/store/office-central-online/products/9676187631929","https://brantbusinessinteriors.com/products/planters","Brant Business Interiors","","oecm-eligible","active","2","599.99","799.99","https://cdn.shopify.com/s/files/1/0859/0413/0361/files/Planters-Business-Interiors-16713585.png?v=1750117390","Princeton is a freestanding and fully modular collection offering maximum flexibility; ease of installation and facilitates simple reconfigurations. 3 Pot Dimensions: W42 x D12 x H29 IN. 5 Pot Dimensions: W72 x D12 x H29 IN. Plants not included.","2024-10-10","med","planters(17: handle-exact:planters,tokens:planters); modular-workstations(2: tokens:modular)","planters","modular-workstations","","Brant Business Interiors","","","","","","","","",""
"9103182364985","plexiglass-hanging-modesty-panel-48-width-x-15-height-2","Plexiglass hanging modesty panel - 48"" width x 15"" height — 15""","https://admin.shopify.com/store/office-central-online/products/9103182364985","https://brantbusinessinteriors.com/products/plexiglass-hanging-modesty-panel-48-width-x-15-height-2","Brant Business Interiors","","oecm-eligible","active","1","1999.99","1999.99","https://cdn.shopify.com/s/files/1/0859/0413/0361/files/Plexiglass-Hanging-Modesty-Panel-48_-Width-x-15_-Height-Business-Interiors-16688353.jpg?v=1750112093","Desk shell is part of the Heartwood Innovations Laminate Series that combines intelligent design and function with lasting durability The series offers high-quality construction with an abundance of components so you can make the perfect choice for your office or work space Durable, premium, thermally fused, woodgrain laminate tops L-Shape Desk. Configuration features an extended corner module, re","2024-02-25","med","acoustic-panels(10: anchor:'panel'); room-private-office(2: tokens:office); laminate-bookcases(2: tokens:laminate)","acoustic-panels","room-private-office","laminate-bookcases","Brant Business Interiors","","","","","","","","",""
"9800589377849","plexiglass-modesty-panels","Plexiglass modesty panels","https://admin.shopify.com/store/office-central-online/products/9800589377849","https://brantbusinessinteriors.com/products/plexiglass-modesty-panels","Brant Business Interiors","","oecm-eligible","active","4","199.99","239.99","https://cdn.shopify.com/s/files/1/0859/0413/0361/files/Plexiglass-Modesty-Panels-Business-Interiors-16783966.png?v=1750132157","Features Sized to be inset 2"" on each side when installed on like size work surface Ships in two cartons Brackets Included 6mm radius corner on plexiglass panel 14"" High Table not included","2025-02-27","med","acoustic-panels(12: anchor:'panel',tokens:panels); all-panels(2: tokens:panels); otg-panels(2: tokens:panels)","acoustic-panels","all-panels","otg-panels","Brant Business Interiors","","","","","","","","",""
"10040680808761","pneumatic-single-table","Pneumatic single table","https://admin.shopify.com/store/office-central-online/products/10040680808761","https://brantbusinessinteriors.com/products/pneumatic-single-table","Brant Business Interiors","","oecm-eligible","active","9","840.00","945.00","https://cdn.shopify.com/s/files/1/0859/0413/0361/files/Screenshot2025-11-15133029.png?v=1767457399","The Pneumatic Sit-Stand Mobile Desk lets you move seamlessly from sitting to standing with a smooth, lever-operated pneumatic lift. A sturdy aluminum frame is finished in sleek silver or black Adjust your height between 29 in. and 42 in. with a 100 lb weight capacity. Accommodates users from all heights comfortably, supporting both sitting and standing work positions for optimal ergonomic position","2025-11-15","med","desk-top-sit-stand(16: anchor:'sit-stand',tokens:desk,sit,stand); tables(15: handle-exact:table); desktop-sit-stand(4: tokens:sit,stand)","desk-top-sit-stand","tables","desktop-sit-stand","Brant Business Interiors","","","","","","","","",""
"9698778710329","power-station-with-3-outlets-and-2-usb","Power station with 3 outlets and 2 USB","https://admin.shopify.com/store/office-central-online/products/9698778710329","https://brantbusinessinteriors.com/products/power-station-with-3-outlets-and-2-usb","Brant Business Interiors","","oecm-eligible","active","1","425.00","425.00","https://cdn.shopify.com/s/files/1/0859/0413/0361/files/Power-Station-with-3-Outlets-and-2-USB-Business-Interiors-16732212.png?v=1750121385","Prices shown include the Power Block & the cutting for each block. With USB The perfect item to free up desks, workstations or conference tables: - Built-in - 3 x 120V outlets - 2 USB A ports Cover size : 266x118mm Bottom size : 221x108 Height : 68 mm Hole Size 2.59""x8.7""","2024-11-08","med","meeting-tables(12: anchor:'conference table',tokens:tables); all-desks(4: tokens:desks,workstations); desks(4: tokens:desks,workstations)","meeting-tables","all-desks","desks","Brant Business Interiors","","","","","","","","",""
"9733027758393","prime-49-6h-two-file-multi-stor-cabinet-36w-x-18d-one-adjustable-shelf-gucc41g1836p","Prime 49.6""h two file multi-stor cabinet, 36""w x 18""d - one adjustable shelf (gucc41g1836p) — GUCC41G1836P","https://admin.shopify.com/store/office-central-online/products/9733027758393","https://brantbusinessinteriors.com/products/prime-49-6h-two-file-multi-stor-cabinet-36w-x-18d-one-adjustable-shelf-gucc41g1836p","Brant Business Interiors","","oecm-eligible","active","3","1572.00","1899.00","https://cdn.shopify.com/s/files/1/0859/0413/0361/files/PrimeTM-49.6_H-Two-File-Multi-Stor-Cabinet_-36_W-x-18_D-One-Adjustable-Shelf-_GUCC41G1836P_-Business-Interiors-16751139.png?v=1750125390","Prime™ Features at a glance: All metal filing and storage components available in 30 painted finishes. 24 laminate finishes available for file tops & personal lockers with optional laminate door fronts. Reinforced welded steel construction. Lateral files are available in 2, 3, 4, 5 and 6 high units with interlock system. Anti-bounce back drawer suspension system. Pedestal options for freestanding,","2024-12-16","med","lateral-file-cabinets-storage(16: anchor:'lateral file',tokens:file,lateral,storage); all-storage(4: tokens:filing,storage); gfg-storage(4: tokens:filing,storage)","lateral-file-cabinets-storage","all-storage","gfg-storage","Brant Business Interiors","","","","","","","","",""
"9693105062201","privacy-desk-top-dividers","Privacy desk top dividers","https://admin.shopify.com/store/office-central-online/products/9693105062201","https://brantbusinessinteriors.com/products/privacy-desk-top-dividers","Brant Business Interiors","","oecm-eligible","active","8","150.00","185.00","https://cdn.shopify.com/s/files/1/0859/0413/0361/files/Privacy-Desk-Top-Dividers-Business-Interiors-16731065.jpg?v=1750121123","Introducing PET Felt privacy screens and modesty panels. Soft textures and sound absorbing materials create an inviting spot for individual and more concentrated work. Pin up pictures and ideas that drive your creative spirit. Environmentally conscious, PET felt is made from polyester fiber with a high content (50%) of post-recycled material. Panels and screens are 100% recyclable and non-toxic. P","2024-11-03","med","desk-top-dividers(16: anchor:'screen',tokens:desk,dividers,top); privacy-screens(14: anchor:'screen',tokens:privacy,screens); all-panels(4: tokens:dividers,panels)","desk-top-dividers","privacy-screens","all-panels","Brant Business Interiors","","","","","","","","",""
"9783856824633","quick-assembly-electric-height-adjustable-base-2-legs","Quick assembly electric height adjustable base - 2 legs","https://admin.shopify.com/store/office-central-online/products/9783856824633","https://brantbusinessinteriors.com/products/quick-assembly-electric-height-adjustable-base-2-legs","Brant Business Interiors","Heights adjustable base","oecm-eligible","active","2","699.99","699.99","https://cdn.shopify.com/s/files/1/0859/0413/0361/files/Quick-Assembly-Electric-Height-Adjustable-Base-2-legs-Business-Interiors-16779769.png?v=1750131236","Quick assembly 2-leg, 3-stage electric height adjustable table base beam and leg columns with motors are all preassembled unfold leg columns and lock into place for use with tops up to from 42""- 84"" Wide x 30"" Deep 3-stage base - range of adjustability without 1"" thick top is 21.6"" to 47.2""H easy to use up-down controller with digital read-out and four memory programmable positions dual motor with","2025-02-11","med","height-adjustable-tables(12: anchor:'height adjustable',tokens:adjustable); desk-top-dividers(2: tokens:top); side-coffee-table(2: tokens:table)","height-adjustable-tables","desk-top-dividers","side-coffee-table","Brant Business Interiors","","","","","","","","",""
"9851761426745","racetrack-conference-table-1-top","Racetrack conference table 1"" top — 1""","https://admin.shopify.com/store/office-central-online/products/9851761426745","https://brantbusinessinteriors.com/products/racetrack-conference-table-1-top","Brant Business Interiors","","bestseller, oecm-eligible","active","26","499.99","1699.99","https://cdn.shopify.com/s/files/1/0859/0413/0361/files/business-interiors-36-x60-1-racetrack-conference-table-1-top-42703746236729.png?v=1759098236","Canadian made tables come with 2 to 3 slab legs based on table size. 1"" thick top available in several colours. Easy Assembly Required","2025-04-21","med","tables(17: handle-exact:table,tokens:tables); meeting-tables(12: anchor:'conference table',tokens:tables); training-flip-top-tables(4: tokens:tables,top)","tables","meeting-tables","training-flip-top-tables","Brant Business Interiors","","","","","","","","",""
"9769354592569","rambler-ottoman-8-shape-size-options","Rambler ottoman (8 shape & size)","https://admin.shopify.com/store/office-central-online/products/9769354592569","https://brantbusinessinteriors.com/products/rambler-ottoman-8-shape-size-options","Brant Business Interiors","","oecm-eligible","active","8","439.99","799.99","https://cdn.shopify.com/s/files/1/0859/0413/0361/files/Rambler-Ottoman-_8-Shape-_-Size_-Business-Interiors-16770080.png?v=1750129012","Rambler™ Rambler™ is a playful series of ottomans designed for collaborative and community spaces in workplace, education and select healthcare environments. Rambler creates lively, relaxed layouts with a variety of shapes and sizes in two seat heights. Rambler offers several geometric shapes in different sizes that come together easily to provide a mix of casual and lively configurations. Tops an","2025-01-27","med","ottomans(17: handle-exact:ottoman,tokens:ottomans); all-quiet-spaces(2: tokens:spaces); healthcare-seating(2: tokens:healthcare)","ottomans","all-quiet-spaces","healthcare-seating","Brant Business Interiors","","","","","","","","",""
"9785891127609","ranger-table","Ranger table","https://admin.shopify.com/store/office-central-online/products/9785891127609","https://brantbusinessinteriors.com/products/ranger-table","Brant Business Interiors","","oecm-eligible","active","1","4451.00","4451.00","https://cdn.shopify.com/s/files/1/0859/0413/0361/files/Ranger-Table-Business-Interiors-16781863.png?v=1750131700","Choose a versatile, highly durable drafting table with the Ranger Steel 4-Post Table with Tool Drawer. We make these tables to order, so you can customize your paint and laminate finishes to complement the design of your space. User-friendly enhancements to this 42” W x 30” D desk include a worksurface that tilts 50 degrees from horizontal. A steel apron on the front allows paper to slide through ","2025-02-13","med","tables(17: handle-exact:table,tokens:tables); drafting-tables(4: tokens:drafting,tables); all-tables(2: tokens:tables)","tables","drafting-tables","all-tables","Brant Business Interiors","","","","","","","","",""
"9905517953337","robust-high-back-multi-tilter-chair-2526","Robust high back multi-tilter chair — 2526","https://admin.shopify.com/store/office-central-online/products/9905517953337","https://brantbusinessinteriors.com/products/robust-high-back-multi-tilter-chair-2526","Brant Business Interiors","","oecm-eligible","active","1","1544.00","1544.00","https://cdn.shopify.com/s/files/1/0859/0413/0361/files/office-central-brant-business-interiors-default-title-robust-high-back-multi-tilter-chair-2526-43033490587961.png?v=1759098262","FEATURES: ●Seat width between arms 25¼” to 28¼”. Width adjustable arms by 1. 5” on each side. ●Heavy duty pneumatic cylinder, mechanism & frame (designed specially for an active user weight up to 500 lbs). ●Side tension adjustment, can be reached from a seated position. ●Standard with Ultracell high density, high resilient foam on the seat. ●Optional Black ballistic style Nylon outer back fabric a","2025-06-25","med","task-chairs(10: anchor:'tilter'); ergonomic-products(10: anchor:'tilter'); active-seating(2: tokens:active)","task-chairs","ergonomic-products","active-seating","Brant Business Interiors","","","","","","","","",""
"9968003612985","round-metal-base","Round metal base","https://admin.shopify.com/store/office-central-online/products/9968003612985","https://brantbusinessinteriors.com/products/round-metal-base","Brant Business Interiors","","oecm-eligible","active","9","299.99","369.99","https://cdn.shopify.com/s/files/1/0859/0413/0361/files/business-interiors-silver-27-desk-height-round-metal-base-43458963046713.png?v=1759098300","Features Heavy-duty, Low-profile adjustable glides Perfect for lunchrooms and cafeterias Black (BL), White or Silver (SL) powder coat finish 3 Base Height available (not including top) Ships in two cartons","2025-08-28","med","bases(15: handle-exact:base); big-heavy-seating(2: tokens:heavy); desk-top-dividers(2: tokens:top)","bases","big-heavy-seating","desk-top-dividers","Brant Business Interiors","","","","","","","","",""
"9103337423161","round-table-x-base-5","Round table - x-base","https://admin.shopify.com/store/office-central-online/products/9103337423161","https://brantbusinessinteriors.com/products/round-table-x-base-5","Brant Business Interiors","","oecm-eligible","active","2","349.99","399.99","https://cdn.shopify.com/s/files/1/0859/0413/0361/files/Round-Table-X-Base-Business-Interiors-16690375.jpg?v=1750112551","Newland 29""H Round Table - X-Base Designed with the demands of the modern office in mind, these multi-purpose tables bring people together by combining versatility and efficiency. With a range of table heights and finishes to choose from, you can create the ideal environment for independent work, casual meetings, or for a space to socialize or catch up with colleagues. available in three heights (","2024-02-25","med","tables(17: handle-exact:table,tokens:tables); bases(15: handle-exact:base); round-square-tables(4: tokens:round,tables)","tables","bases","round-square-tables","Brant Business Interiors","","","","","","","","",""
"10128782164281","round-table-29-high-8-colours","Round table 29"" high (8 colours) — 8 colours","https://admin.shopify.com/store/office-central-online/products/10128782164281","https://brantbusinessinteriors.com/products/round-table-29-high-8-colours","Brant Business Interiors","","oecm-eligible","active","4","469.99","499.99","https://cdn.shopify.com/s/files/1/0859/0413/0361/files/Screenshot2026-02-25122811.png?v=1772040513","Round Table Square Flat Base (Silver or Black) 1"" Thick Top Usually ships in 1 week","2026-02-25","med","tables(15: handle-exact:table); round-square-tables(4: tokens:round,square); desk-top-dividers(2: tokens:top)","tables","round-square-tables","desk-top-dividers","Brant Business Interiors","","","","","","","","",""
"9680085844281","round-table-29-high","Round table 29"" high — 29""","https://admin.shopify.com/store/office-central-online/products/9680085844281","https://brantbusinessinteriors.com/products/round-table-29-high","Brant Business Interiors","","oecm-eligible","active","2","369.99","389.00","https://cdn.shopify.com/s/files/1/0859/0413/0361/files/Round-Table-29_-High-Business-Interiors-16714371.png?v=1750117518","1"" Table Top Material: Polyvinyl Chloride (PVC) Edge, Metal Leg - Finish: Powder Coated Black Base Colours: 8 Colours Height: 30""","2024-10-15","med","tables(15: handle-exact:table); desk-top-dividers(2: tokens:top); metal-vertical-files(2: tokens:metal)","tables","desk-top-dividers","metal-vertical-files","Brant Business Interiors","","","","","","","","",""
"9841829478713","round-table-cross-base-8-colours","Round table cross base — 8 colours","https://admin.shopify.com/store/office-central-online/products/9841829478713","https://brantbusinessinteriors.com/products/round-table-cross-base-8-colours","Brant Business Interiors","","oecm-eligible","active","8","399.99","499.99","https://cdn.shopify.com/s/files/1/0859/0413/0361/files/business-interiors-28-5-high-black-36-round-table-cross-base-8-colours-42641723654457.png?v=1759098255","Heavy duty durable 27” wide base Low profile adjustable glides Available in two heights - 28.5” and 34.5” Base available in Black or Silver 8 Different Colour Tops","2025-04-09","med","tables(15: handle-exact:table); height-adjustable-tables(2: tokens:adjustable); round-square-tables(2: tokens:round)","tables","height-adjustable-tables","round-square-tables","Brant Business Interiors","","","","","","","","",""
"9673698214201","round-table-glass-top-1","Round table glass top","https://admin.shopify.com/store/office-central-online/products/9673698214201","https://brantbusinessinteriors.com/products/round-table-glass-top-1","Brant Business Interiors","","oecm-eligible","active","1","325.00","325.00","https://cdn.shopify.com/s/files/1/0859/0413/0361/files/Round-Table-Glass-Top-Business-Interiors-16711119.png?v=1750116833","FEATURES SPECS Nickel Brush/Glass Top (-NB) MG0920R-NB • Round clear glass tempered table top • Metal frame in nickel brush • Ready to assemble Overall Size: 20” W x 20” D x 20” H Carton Weight: 18 lbs.","2024-10-07","med","tables(15: handle-exact:table); desk-top-dividers(2: tokens:top); metal-vertical-files(2: tokens:metal)","tables","desk-top-dividers","metal-vertical-files","Brant Business Interiors","","","","","","","","",""
"9683645563193","ryno-patio-furniture-waterproof-polyethylene","Ryno patio furniture waterproof polyethylene","https://admin.shopify.com/store/office-central-online/products/9683645563193","https://brantbusinessinteriors.com/products/ryno-patio-furniture-waterproof-polyethylene","Brant Business Interiors","","oecm-eligible","active","1","0.00","0.00","https://cdn.shopify.com/s/files/1/0859/0413/0361/files/Ryno-Patio-Furniture-Waterproof-Polyethylene-Business-Interiors-16718438.png?v=1750118442","FEATURES Additional weighting limits potential to weaponize Strength & stability tested for severe contract use Pick proof design UV resistant, waterproof polyethylene construction makes it suitable for outdoor use Cruciform base design deters conflict and passing of contraband Table top divided into separate user areas to reduce conflict Wipe-clean surface with excellent chemical resistance","2024-10-20","med","furniture(17: handle-exact:furniture,tokens:furniture); all-business-furniture(2: tokens:furniture); business-furniture(2: tokens:furniture)","furniture","all-business-furniture","business-furniture","Brant Business Interiors","","","","","","","","",""
"9710313079097","safco-2130sl-desk-mount-for-monitor-keyboard","Safco 2130SL desk mount for monitor, keyboard","https://admin.shopify.com/store/office-central-online/products/9710313079097","https://brantbusinessinteriors.com/products/safco-2130sl-desk-mount-for-monitor-keyboard","Safco","","brand:safco, oecm-eligible","active","1","319.30","319.30","https://cdn.shopify.com/s/files/1/0859/0413/0361/files/Safco-2130SL-Desk-Mount-for-Monitor_-Keyboard-Business-Interiors-16737025.png?v=1750122437","Part of the Safco Active Collection, this Desktop Sit/Stand Workstation promotes body movement that stimulates your mind and body. The ergonomic, adjustable-height workstation converter retrofits to most desks and worksurfaces up to 3"" thick. Design lets you raise monitor and keyboard for use as a standing workstation to promote better posture, provide optimal viewing comfort and help alleviate ey","2024-11-20","med","desks(17: handle-exact:desk,tokens:desks); ergonomic-products(12: anchor:'ergonomic',tokens:ergonomic); all-ergonomic(12: anchor:'ergonomic',tokens:ergonomic)","desks","ergonomic-products","all-ergonomic","Safco","","","","","","","","",""
"9688173543737","screenflex-5-panel-mobile-light-duty-portable-room-divider-65h-x-95w-fabric-color-stone","Screenflex 5 panel mobile light-duty portable room divider, 6'5""h x 9'5""w, fabric color: stone — 5""","https://admin.shopify.com/store/office-central-online/products/9688173543737","https://brantbusinessinteriors.com/products/screenflex-5-panel-mobile-light-duty-portable-room-divider-65h-x-95w-fabric-color-stone","Brant Business Interiors","","oecm-eligible","active","1","1699.99","1699.99","https://cdn.shopify.com/s/files/1/0859/0413/0361/files/Screenflex-5-Panel-Mobile-Light-Duty-Portable-Room-Divider_-6_5_H-x-9_5_W_-Fabric-Color_-Stone-Business-Interiors-16723741.png?v=1750119585","Screenflex Portable Room Dividers are the world's highest quality portable walls and can help you make much better use of your facility, time and budget. Simply roll them into position and set up the tackable sound absorbing panels in seconds. The temporary walls can be used as classroom partitions, to create training rooms, for art display, or simply to divide any open area in any room. Churches ","2024-10-25","med","acoustic-panels(12: anchor:'panel',tokens:panels); privacy-screens(10: anchor:'screen'); panels-room-dividers(6: tokens:dividers,panels,room)","acoustic-panels","privacy-screens","panels-room-dividers","Brant Business Interiors","","","","","","","","",""
"9757974364473","screenflex-room-dividers","Screenflex room dividers","https://admin.shopify.com/store/office-central-online/products/9757974364473","https://brantbusinessinteriors.com/products/screenflex-room-dividers","Brant Business Interiors","","oecm-eligible","active","14","1489.00","4555.00","https://cdn.shopify.com/s/files/1/0859/0413/0361/files/Screenflex-Room-Dividers-Business-Interiors-16762620.png?v=1750127814","Screenflex Portable Room Dividers are the world's highest quality portable walls and can help you make much better use of your facility, time and budget. Simply roll them into position and set up the tackable sound absorbing panels in seconds. The temporary walls can be used as classroom partitions, to create training rooms, for art display, or simply to divide any open area in any room. Churches ","2025-01-14","med","acoustic-panels(12: anchor:'panel',tokens:panels); desk-top-dividers(12: anchor:'screen',tokens:dividers); privacy-screens(10: anchor:'screen')","acoustic-panels","desk-top-dividers","privacy-screens","Brant Business Interiors","","","","","","","","",""
"9688143266105","sit2stand-series-sit-stand-workstation","Sit2stand series sit-stand workstation","https://admin.shopify.com/store/office-central-online/products/9688143266105","https://brantbusinessinteriors.com/products/sit2stand-series-sit-stand-workstation","Brant Business Interiors","","oecm-eligible","active","2","699.99","699.99","https://cdn.shopify.com/s/files/1/0859/0413/0361/files/Sit2Stand-Series-Sit-Stand-Workstation-Business-Interiors-16723027.png?v=1750119430","Effortlessly transition from sitting to standing in seconds - Convert an existing desk or table into a high-quality and affordable sit-to-stand workstation and effortlessly go from sitting to standing in seconds. - Transform your existing workspace to a healthful environment and immediately benefit from motion and mobility in the workplace. Load Capacity: 11lbs","2024-10-25","med","desk-top-sit-stand(16: anchor:'sit-stand',tokens:desk,sit,stand); desktop-sit-stand(4: tokens:sit,stand); sit-stand-workstations(4: tokens:sit,stand)","desk-top-sit-stand","desktop-sit-stand","sit-stand-workstations","Brant Business Interiors","","","","","","","","",""
"9666758738233","six-13-medium-back-multi-tilter","Six 13 | medium back multi-tilter","https://admin.shopify.com/store/office-central-online/products/9666758738233","https://brantbusinessinteriors.com/products/six-13-medium-back-multi-tilter","Brant Business Interiors","","oecm-eligible","active","1","339.99","339.99","https://cdn.shopify.com/s/files/1/0859/0413/0361/files/Six-13-_-Medium-Back-Multi-Tilter-Business-Interiors-16704933.png?v=1750115498","OTG11613B Six 13 | Medium Back Multi-Tilter Multi-tilter mechanism Infinite position tilt lock control Tilt tension adjustment Infinite position back angle and seat angle adjustments Height adjustable 'T' style arms with durable self-skinned urethane armcaps Dual wheel carpet casters Concealed ratchet back height adjustment Pneumatic seat height adjustment Available in Quilt, Black (QL10) only","2024-09-29","med","task-chairs(10: anchor:'tilter'); ergonomic-products(10: anchor:'tilter'); medium-back-seating(4: tokens:back,medium)","task-chairs","ergonomic-products","medium-back-seating","Brant Business Interiors","","","","","","","","",""
"9688274895161","soho-desk-single-pedestal-2-sizes","Soho desk single pedestal — 2 sizes","https://admin.shopify.com/store/office-central-online/products/9688274895161","https://brantbusinessinteriors.com/products/soho-desk-single-pedestal-2-sizes","Brant Business Interiors","","oecm-eligible","active","2","429.99","499.99","https://cdn.shopify.com/s/files/1/0859/0413/0361/files/SOHO-Desk-Single-Pedestal-2-sizes-Business-Interiors-16724999.png?v=1750119763","Features: • Commercial grade 1 “ thick laminate • Heat, scratch and dent resistant • Innovative floating top styling • Box drawer stores desk accessories • File drawer stores letter or legal size files • Shipped Ready-to-Assemble Shown in Winter Wood","2024-10-25","med","desks(15: handle-exact:desk); pedestal-drawers-storage(12: anchor:'pedestal',tokens:pedestal); storage(10: anchor:'pedestal')","desks","pedestal-drawers-storage","storage","Brant Business Interiors","","","","","","","","",""
"10024625176889","solo-gues-chair","Solo guest chair — 5225SSU","https://admin.shopify.com/store/office-central-online/products/10024625176889","https://brantbusinessinteriors.com/products/solo-gues-chair","Brant Business Interiors","","oecm-eligible","active","1","218.02","218.02","https://cdn.shopify.com/s/files/1/0859/0413/0361/files/Screenshot2025-10-29174147.png?v=1767457393","Contoured seat and back and waterfall seat edge provide extended comfort with armcaps finished in urethane. Standard upright position tilt-tension/tilt-lock/seat height adjustments on chairs with casters. Dimensions: W24 x D25 x H34 IN.","2025-10-29","med","chairs(17: handle-exact:chair,tokens:chairs); reception-side-guest-chairs(4: tokens:chairs,guest); type-chairs(2: tokens:chairs)","chairs","reception-side-guest-chairs","type-chairs","Brant Business Interiors","","","","","","","","",""
"9778210931001","sonic-bar-stools-for-42-high-tables","Sonic bar stools for 42"" high tables — 42""","https://admin.shopify.com/store/office-central-online/products/9778210931001","https://brantbusinessinteriors.com/products/sonic-bar-stools-for-42-high-tables","Brant Business Interiors","","oecm-eligible","active","2","269.00","323.00","https://cdn.shopify.com/s/files/1/0859/0413/0361/files/Sonic-Bar-Stools-for-42_-High-Tables-Business-Interiors-16775169.png?v=1750130195","1 2 Sonic™ Sonic is ideal for meeting rooms, office guest seating, food facilities, lecture halls, and just about anywhere. Sonic offers a wide range of models including guest chairs with or without arms, on four legs, sled bases or casters. Counter and bar height stools, task chairs, left or right tablet arm options and a beam seating solution round out the series. Backs are available in polyprop","2025-02-05","med","stools(17: handle-exact:stools,tokens:stools); bar-height-tables(4: tokens:bar,tables); meeting-conference-room-tables(4: tokens:meeting,tables)","stools","bar-height-tables","meeting-conference-room-tables","Brant Business Interiors","","","","","","","","",""
"9828305142073","sora-mesh-back-chair-6941-6942","Sora mesh back chair 6941 — 6942","https://admin.shopify.com/store/office-central-online/products/9828305142073","https://brantbusinessinteriors.com/products/sora-mesh-back-chair-6941-6942","Brant Business Interiors","","oecm-eligible","active","2","749.99","799.99","https://cdn.shopify.com/s/files/1/0859/0413/0361/files/Sora-Mesh-Back-Chair-6941-6942-Business-Interiors-16791110.png?v=1750133599","1 2 Sora™ Sora™ responds to your movements while you work. With perceptive adjustments built into a streamlined aesthetic, Sora provides the support you need to stay focused. Personalize your comfort with adjustable lumbar support and a range of ergonomic seat width and backrest options. Sora is fully compliant with the latest BIFMA G1, GSA and CGSB specifications and is available in 24 brilliant ","2025-03-24","med","ergonomic-products(12: anchor:'ergonomic',tokens:ergonomic); all-ergonomic(12: anchor:'ergonomic',tokens:ergonomic); chair-mats(2: tokens:chair)","ergonomic-products","all-ergonomic","chair-mats","Brant Business Interiors","","","","","","","","",""
"9667777626425","stacking-chair-popcorn-6711","Stacking chair popcorn — 6711","https://admin.shopify.com/store/office-central-online/products/9667777626425","https://brantbusinessinteriors.com/products/stacking-chair-popcorn-6711","Brant Business Interiors","","oecm-eligible","active","1","159.99","159.99","https://cdn.shopify.com/s/files/1/0859/0413/0361/files/Stacking-Chair-Popcorn-6711-Business-Interiors-16706833.png?v=1750115913","Duet is a high-density stacking chair that is easy to connect, quick to stack and simple to store. Frame is made from durable solid steel rod available in chrome only. Polypropylene seat and backs with fiberglass reinforced nylon arms are available in a variety of colors. Arms will automatically match the shell color selected. Upholstered seat models are equipped with a smooth black shroud on the ","2024-09-30","med","chairs(15: handle-exact:chair); folding-stacking-chairs-carts(2: tokens:stacking); monitor-arms(2: tokens:arms)","chairs","folding-stacking-chairs-carts","monitor-arms","Brant Business Interiors","","","","","","","","",""
"9667787161913","stacking-chair-sas-10-plus-colours","Stacking chair sas (10 plus colours)","https://admin.shopify.com/store/office-central-online/products/9667787161913","https://brantbusinessinteriors.com/products/stacking-chair-sas-10-plus-colours","Brant Business Interiors","","oecm-eligible","active","1","259.99","259.99","https://cdn.shopify.com/s/files/1/0859/0413/0361/files/Stacking-Chair-SAS-_10-Plus-Colours_-Business-Interiors-16707061.png?v=1750115956","Meet Sas™. Rich grains and gently molded curves invite people to sit and gather for casual conversations. The collection includes side chairs and stools with or without an upholstered seat. A choice of wood finishes brings a natural element to your interior. Dimensions: W18.75 x D21 x H33 IN.","2024-09-30","med","chairs(17: handle-exact:chair,tokens:chairs); folding-stacking-chairs-carts(4: tokens:chairs,stacking); reception-side-guest-chairs(4: tokens:chairs,side)","chairs","folding-stacking-chairs-carts","reception-side-guest-chairs","Brant Business Interiors","","","","","","","","",""
"9667781034297","stacking-chair-sonic-6508","Stacking chair sonic — 6508","https://admin.shopify.com/store/office-central-online/products/9667781034297","https://brantbusinessinteriors.com/products/stacking-chair-sonic-6508","Brant Business Interiors","","oecm-eligible","active","1","141.77","141.77","https://cdn.shopify.com/s/files/1/0859/0413/0361/files/Stacking-Chair-Sonic-6508-Business-Interiors-16706910.png?v=1750115935","Sonic is ideal for meeting rooms, office guest seating, food facilities, lecture halls, and just about anywhere. The series is offered with or without arms, with or without casters, polypropylene, upholstered or mesh back, as a task chair, as a counter height stool, with left or right tablet arms and in a beam seating configuration. The molded seat and back offer exceptional durability and ease of","2024-09-30","med","chairs(15: handle-exact:chair); task-chairs(12: anchor:'task chair',tokens:task); guest-seating(4: tokens:guest,seating)","chairs","task-chairs","guest-seating","Brant Business Interiors","","","","","","","","",""
"9782444425529","standard-lateral-files-2-3-4-5-drawers","Standard lateral files (2,3,4 & 5 drawers) — 5 drawers","https://admin.shopify.com/store/office-central-online/products/9782444425529","https://brantbusinessinteriors.com/products/standard-lateral-files-2-3-4-5-drawers","Brant Business Interiors","","oecm-eligible","active","4","539.99","1229.99","https://cdn.shopify.com/s/files/1/0859/0413/0361/files/Standard-Lateral-Files-_2_3_4-_-5-Drawers_-Business-Interiors-16776830.png?v=1772465672","Lateral Cabinet metal filing cabinet four high - 12"" fixed front drawers comes standard with counterweight recessed angled full pull interlock system allows for one drawer to open at a time lock included. Lock bars on both sides of the cabinet for increased security includes four leveling glides tested to meet applicable ANSI/BIFMA standards Sizes (Width shown) 2 Drawer 19.25"" Deep x 27.31"" High 3","2025-02-10","med","lateral-file-cabinets-storage(12: anchor:'lateral file',tokens:lateral); metal-vertical-files(4: tokens:files,metal); all-storage(2: tokens:filing)","lateral-file-cabinets-storage","metal-vertical-files","all-storage","Brant Business Interiors","","","","","","","","",""
"9103350169913","standing-desk-for-corner-desk-5","Standing desk for corner desk","https://admin.shopify.com/store/office-central-online/products/9103350169913","https://brantbusinessinteriors.com/products/standing-desk-for-corner-desk-5","Brant Business Interiors","","oecm-eligible","active","1","959.99","959.99","https://cdn.shopify.com/s/files/1/0859/0413/0361/files/Standing-Desk-for-Corner-Desk-Business-Interiors-16690782.jpg?v=1750112641","Category Monitor Stands/Risers Manufacturer 3M Manufacturer Ref SD80B Brand 3M Item Code : MMMSD80B Designed to fit 90° corner workstation. Gas assisted height adjustment provides smooth, quiet and continuous adjustment. Primary work surface large enough to accommodate 2 x 27 in. monitors and can be extended up to 20 in. above the desktop. Separate keyboard surface has adjustable tilt from +10°/-1","2024-02-26","med","desks(15: handle-exact:desk); monitor-arms(12: anchor:'monitor stand',tokens:monitor); all-quiet-spaces(2: tokens:quiet)","desks","monitor-arms","all-quiet-spaces","Brant Business Interiors","","","","","","","","",""
"9722809811257","storage-right-ff-sc-left-wardrobe","Storage / right ff & sc / left wardrobe","https://admin.shopify.com/store/office-central-online/products/9722809811257","https://brantbusinessinteriors.com/products/storage-right-ff-sc-left-wardrobe","Brant Business Interiors","","oecm-eligible","active","1","1622.00","1622.00","https://cdn.shopify.com/s/files/1/0859/0413/0361/files/STORAGE-RIGHT-FF-_-SC-LEFT-WARDROBE-Business-Interiors-16742675.png?v=1750123615","STORAGE / RIGHT FF & SC / LEFT WARDROBE Lockable 30W” x 72H” x 21D”","2024-12-05","med","storage(17: handle-exact:storage,tokens:storage); wardrobe-storage(4: tokens:storage,wardrobe); all-storage(2: tokens:storage)","storage","wardrobe-storage","all-storage","Brant Business Interiors","","","","","","","","",""
"9722804863289","storage-wardrobe-unit","Storage wardrobe unit","https://admin.shopify.com/store/office-central-online/products/9722804863289","https://brantbusinessinteriors.com/products/storage-wardrobe-unit","Brant Business Interiors","","oecm-eligible","active","1","1249.99","1249.99","https://cdn.shopify.com/s/files/1/0859/0413/0361/files/Storage-Wardrobe-Unit-Business-Interiors-16742565.png?v=1750123595","Wardrobe 30W” x 72H” x 21D” 2 Locking Doors No Assembly Required","2024-12-05","med","storage(17: handle-exact:storage,tokens:storage); wardrobe-storage(4: tokens:storage,wardrobe); all-storage(2: tokens:storage)","storage","wardrobe-storage","all-storage","Brant Business Interiors","","","","","","","","",""
"9693091889465","stream-armless-chair-polypropylene-seat-back-2075app","Stream armless chair, polypropylene seat & back — 2075APP","https://admin.shopify.com/store/office-central-online/products/9693091889465","https://brantbusinessinteriors.com/products/stream-armless-chair-polypropylene-seat-back-2075app","Brant Business Interiors","","oecm-eligible","active","1","299.99","299.99","https://cdn.shopify.com/s/files/1/0859/0413/0361/files/StreamTM-Armless-Chair_-Polypropylene-Seat-_-Back-2075APP-Business-Interiors-16730479.jpg?v=1750120990","Stream series multi-purpose product includes: four-legged models, sled base models, tablet models, stools and task seating. Four-legged chairs are standard with non-marking nylon bullet glides. Bullet glides can be specified in any plastic color. Casters are available with upcharge. Four-legged and sled chair styles are available as tablet models. Tablet and backpack rack models do not stack. Stan","2024-11-03","med","chairs(17: handle-exact:chair,tokens:chairs); task-chairs(4: tokens:chairs,task); lounge-chairs-seating(4: tokens:chairs,seating)","chairs","task-chairs","lounge-chairs-seating","Brant Business Interiors","","","","","","","","",""
"9795527344441","supra-x-chair-1","Supra x chair","https://admin.shopify.com/store/office-central-online/products/9795527344441","https://brantbusinessinteriors.com/products/supra-x-chair-1","Brant Business Interiors","","oecm-eligible","active","2","519.99","559.99","https://cdn.shopify.com/s/files/1/0859/0413/0361/files/Supra-XTM-Chair-Business-Interiors-16783271.png?v=1750132004","upra X is the perfect complement of affordable ergonomic task seating designed for contemporary appearance and comfort. Famous seating designer Zooey Chu was commissioned to create the ultimate chair. One that would stand up to the rigors of office use, but also offer exceptional comfort, value and style. To do this he has incorporated many user adjustments that allow the chair to be custom-fitted","2025-02-24","med","chairs(15: handle-exact:chair); ergonomic-products(12: anchor:'ergonomic',tokens:ergonomic); all-ergonomic(12: anchor:'ergonomic',tokens:ergonomic)","chairs","ergonomic-products","all-ergonomic","Brant Business Interiors","","","","","","","","",""
"9455249195321","table-desk-13-colour-options","Table desk 13 colour options — 13 colour","https://admin.shopify.com/store/office-central-online/products/9455249195321","https://brantbusinessinteriors.com/products/table-desk-13-colour-options","Brant Business Interiors","","oecm-eligible","active","1","699.99","699.99","https://cdn.shopify.com/s/files/1/0859/0413/0361/files/Table-Desk-13-Colour-options-Business-Interiors-16695352.png?v=1750113708","""L"" SHAPED DESK - 72""W X 72""D Simple and modular components combining classic design, quality and value to support a wide range of workspace applications. From private offices, open plan, meeting and training spaces, this series offers functional and practical desking solutions that will stand the test of time. Table desk with return Thermally fused laminate top, 1"" thick 2 mm matching edge 2"" squ","2024-06-04","med","tables(15: handle-exact:table); desks(15: handle-exact:desk); room-open-plan(4: tokens:open,plan)","tables","desks","room-open-plan","Brant Business Interiors","","","","","","","","",""
"10086725615929","table-desk-height-adjustable","Table desk height adjustable","https://admin.shopify.com/store/office-central-online/products/10086725615929","https://brantbusinessinteriors.com/products/table-desk-height-adjustable","Brant Business Interiors","","oecm-eligible","active","6","1699.99","2122.00","https://cdn.shopify.com/s/files/1/0859/0413/0361/files/Screenshot2026-01-02120030.png?v=1767373410","This Canadian made Table Desk is available in 6 sizes. Base Quick assembly 2-leg, 3-stage electric height adjustable table base beam and leg columns with motors are all preassembled unfold leg columns and lock into place for use with tops up to from 42""- 84"" Wide x 30"" Deep 3-stage base - range of adjustability without 1"" thick top is 21.6"" to 47.2""H easy to use up-down controller with digital rea","2026-01-02","med","tables(15: handle-exact:table); desks(15: handle-exact:desk); height-adjustable-tables(12: anchor:'height adjustable',tokens:adjustable)","tables","desks","height-adjustable-tables","Brant Business Interiors","","","","","","","","",""
"9683059179833","table-round-height-adjustable","Table round height adjustable","https://admin.shopify.com/store/office-central-online/products/9683059179833","https://brantbusinessinteriors.com/products/table-round-height-adjustable","Brant Business Interiors","","oecm-eligible","active","2","429.99","589.99","https://cdn.shopify.com/s/files/1/0859/0413/0361/files/Table-Round-Height-Adjustable-Business-Interiors-16716526.png?v=1750117992","Available in the following sizes: 48"" and 60"" Diameter Available in the following heights: 17"" - 25"", 22"" - 30"" and 30"" - 42"" Maple high pressure scratch resistant laminate Silver 3mm vinyl bonded edgeband Chewing gum resistant table backing Silver powder coated legs Limited Lifetime Warranty GreenGuard Gold Certified Made in Canada","2024-10-19","med","tables(15: handle-exact:table); height-adjustable-tables(12: anchor:'height adjustable',tokens:adjustable); fire-resistant-file-cabinets(2: tokens:resistant)","tables","height-adjustable-tables","fire-resistant-file-cabinets","Brant Business Interiors","","","","","","","","",""
"10085804048697","table-tops","Table tops (17 shapes & sizes)","https://admin.shopify.com/store/office-central-online/products/10085804048697","https://brantbusinessinteriors.com/products/table-tops","Brant Business Interiors","","bestseller, oecm-eligible","active","17","175.00","475.00","https://cdn.shopify.com/s/files/1/0859/0413/0361/files/Screenshot2025-12-30174615.png?v=1767135146","Construction Tops and Gables are 1"" thick. All are thermally fused melamine on a 45 pound, industrial particle board core. Leveling glides are standard on all floor models. Edge Details All INV series exposed edges are finished in a matching, 2mm PVC for a tough, durable edge.","2025-12-30","med","tables(15: handle-exact:table); side-coffee-table(2: tokens:table); table-bases(2: tokens:table)","tables","side-coffee-table","table-bases","Brant Business Interiors","","","","","","","","",""
"9114131923257","table-18x28","Table — 18""x28""","https://admin.shopify.com/store/office-central-online/products/9114131923257","https://brantbusinessinteriors.com/products/table-18x28","Brant Business Interiors","","oecm-eligible","active","1","354.59","354.59","https://cdn.shopify.com/s/files/1/0859/0413/0361/files/Table-18_x28_-Business-Interiors-16693317.jpg?v=1750113242","Category Student Desks Manufacturer Global Upholstery Co., Inc Manufacturer Ref DTS1828PG IVC Brand Global Item Code: GLBDTS1828PGIVC This table will hold up to demanding values and provide solutions for a multitude of home/office needs An excellent choice for your study room Provide ease of storage Global® Duet™ Stacking Table A high density stacking table that is suitable for any multi-use learn","2024-03-02","med","tables(15: handle-exact:table); gfg-desks(4: tokens:desks,global); office-suites-desks(4: tokens:desks,office)","tables","gfg-desks","office-suites-desks","Brant Business Interiors","","","","","","","","",""
"9113895928121","table-29-x-28-3","Table — 29"" x 28""","https://admin.shopify.com/store/office-central-online/products/9113895928121","https://brantbusinessinteriors.com/products/table-29-x-28-3","Brant Business Interiors","","oecm-eligible","active","1","350.19","350.19","https://cdn.shopify.com/s/files/1/0859/0413/0361/files/Table-29_-x-28_-Business-Interiors-16692953.jpg?v=1750113147","Category Cafeteria & Breakroom Tables Manufacturer Global Upholstery Co., Inc Manufacturer Ref DTS1828P BLK Brand Offices To Go Item Code: GLBDTS1828PBLK Lightweight and durable stacking tables Waterfall transition from table top to 9.75 in (248 mm) high modesty panel Bumpers on underside protect surfaces when stacking DuetTM stacking tables are easy to configure, quick to stack and simple to stor","2024-03-02","med","tables(17: handle-exact:table,tokens:tables); cafeteria-breakroom-tables(6: tokens:breakroom,cafeteria,tables); gfg-tables(4: tokens:global,tables)","tables","cafeteria-breakroom-tables","gfg-tables","Brant Business Interiors","","","","","","","","",""
"9113935479097","tables-dolly-8","Tables dolly","https://admin.shopify.com/store/office-central-online/products/9113935479097","https://brantbusinessinteriors.com/products/tables-dolly-8","Brant Business Interiors","","oecm-eligible","active","1","536.55","536.55","https://cdn.shopify.com/s/files/1/0859/0413/0361/files/Tables-Dolly-Business-Interiors-16693068.jpg?v=1750113170","Category Utility/Service Carts Manufacturer Global Upholstery Co., Inc Manufacturer Ref DTD20 Brand Global Item Code: GLBDTD20 High density mobile dolly Stacks up to 40 high Weight Capacity: 300 lbs. For space saving storage and transport. 29-1/2""W x 63""D x 38-1/2""H. Stacks up to 20 tables. 1-1/2"" x 1/2"" steel tubing with heavy duty casters (2 locking) and a removable handle. Black","2024-03-02","med","tables(17: handle-exact:tables,tokens:tables); mobile-storage(6: tokens:carts,mobile,storage); gfg-storage(4: tokens:global,storage)","tables","mobile-storage","gfg-storage","Brant Business Interiors","","","","","","","","",""
"9724674277689","taper-leg-table","Taper leg table","https://admin.shopify.com/store/office-central-online/products/9724674277689","https://brantbusinessinteriors.com/products/taper-leg-table","Brant Business Interiors","","oecm-eligible","active","5","329.99","529.99","https://cdn.shopify.com/s/files/1/0859/0413/0361/files/Taper-Leg-Table-Business-Interiors-16743839.jpg?v=1750123869","Innovation TAPER Tables include multiple size tops available many colour options Top: 1"" Thick Edge: Matching PVC Edge Legs: Grey Tops: 9 Colours","2024-12-07","med","tables(17: handle-exact:table,tokens:tables); training-flip-top-tables(4: tokens:tables,top); all-tables(2: tokens:tables)","tables","training-flip-top-tables","all-tables","Brant Business Interiors","","","","","","","","",""
"9748327694649","teknion-ac-boardroom","Teknion ""ac boardroom""","https://admin.shopify.com/store/office-central-online/products/9748327694649","https://brantbusinessinteriors.com/products/teknion-ac-boardroom","Teknion","","oecm-eligible","active","1","0.00","0.00","https://cdn.shopify.com/s/files/1/0859/0413/0361/files/Teknion-_AC-Boardroom_-Business-Interiors-16757030.png?v=1750126653","Multiple sizes available.","2025-01-05","med","boardroom(17: handle-exact:boardroom,tokens:boardroom); global-teknion(4: tokens:teknion); all-boardroom(2: tokens:boardroom)","boardroom","global-teknion","all-boardroom","Teknion","","","","","","","","",""
"9748326187321","teknion-ac-executive","Teknion ""ac executive""","https://admin.shopify.com/store/office-central-online/products/9748326187321","https://brantbusinessinteriors.com/products/teknion-ac-executive","Teknion","","oecm-eligible","active","1","0.00","0.00","https://cdn.shopify.com/s/files/1/0859/0413/0361/files/Teknion-_AC-Executive_-Business-Interiors-16756884.png?v=1750126611","Designed by Antonio Citterio, the AC Executive collection celebrates the beauty of wood in a range of elegant wood-based furniture for executive offices and meeting rooms. The collection includes a series of credenzas and meeting tables designed to address planning issues and personal needs. AC Executive is meticulously designed with concealed hardware to preserve the purity of craft..","2025-01-05","med","meeting-tables(14: anchor:'meeting table',tokens:meeting,tables); credenzas(11: anchor:'credenza'); storage(10: anchor:'credenza')","meeting-tables","credenzas","storage","Teknion","","","","","","","","",""
"9748332216633","teknion-boardroom","Teknion ""boardroom""","https://admin.shopify.com/store/office-central-online/products/9748332216633","https://brantbusinessinteriors.com/products/teknion-boardroom","Teknion","","oecm-eligible","active","1","0.00","0.00","https://cdn.shopify.com/s/files/1/0859/0413/0361/files/Teknion-_Boardroom_-Business-Interiors-16758665.png?v=1750126990","The C+D – Craft+Design – large-scale conference table brings an artisanal focus back into the boardroom, while addressing the various connectivity needs of the contemporary workplace. Designed by Mario Ruiz, the C+D Conference Table features comprehensive options as a standard offering, with the ability to accommodate specials for various sizes, materials and finishes. The new conference table is ","2025-01-05","med","boardroom(17: handle-exact:boardroom,tokens:boardroom); meeting-tables(10: anchor:'conference table'); all-boardroom(4: tokens:boardroom,conference)","boardroom","meeting-tables","all-boardroom","Teknion","","","","","","","","",""
"9748330873145","teknion-lounge","Teknion ""lounge""","https://admin.shopify.com/store/office-central-online/products/9748330873145","https://brantbusinessinteriors.com/products/teknion-lounge","Teknion","","oecm-eligible","active","1","0.00","0.00","https://cdn.shopify.com/s/files/1/0859/0413/0361/files/Teknion-_Lounge_-Business-Interiors-16757929.png?v=1750126843","Relaxed settings to gather or seek refuge Lounge settings capture the essence of “life at work” by leveraging familiar home and hospitality metaphors, including living rooms, hotel lobbies, social clubs and more. Ranging from formal to casual, they are a vessel for expressing organizational identity and the culture of work. The open office lounge can hybridize as greeting, between or a component o","2025-01-05","med","lounge(17: handle-exact:lounge,tokens:lounge); global-teknion(4: tokens:teknion); room-lounge(2: tokens:lounge)","lounge","global-teknion","room-lounge","Teknion","","","","","","","","",""
"9667845456185","teknion-glass-walls","Teknion Glass walls","https://admin.shopify.com/store/office-central-online/products/9667845456185","https://brantbusinessinteriors.com/products/teknion-glass-walls","Teknion","","oecm-eligible","active","1","0.00","0.00","https://cdn.shopify.com/s/files/1/0859/0413/0361/files/Teknion-Glass-Walls-Business-Interiors-16708613.png?v=1750116321","Spaces are canvases waiting to be transformed, and Telescope is designed to unlock a full spectrum of possibilities. Responding to modern workplace trends, Telescope creatively divides space with multiple sliding panels that move effortlessly and in a synchronized manner, fostering openness and collaboration. Perfect for hybrid workspaces, meeting rooms, training rooms, and lounges, Telescope is a","2024-09-30","med","walls(17: handle-exact:walls,tokens:walls); acoustic-panels(12: anchor:'panel',tokens:panels); task-chairs(10: anchor:'synchro')","walls","acoustic-panels","task-chairs","Teknion","","","","","","","","",""
"9748339360057","teknion-seating","Teknion Seating","https://admin.shopify.com/store/office-central-online/products/9748339360057","https://brantbusinessinteriors.com/products/teknion-seating","Teknion","","oecm-eligible","active","1","0.00","0.00","https://cdn.shopify.com/s/files/1/0859/0413/0361/files/Teknion-Seating-Business-Interiors-16759326.png?v=1750127188","Teknion Seating is an infinitely classic, yet modern chair manufacturer. Visually sculptural in frame and profile, Features an innovative back structure symbolizing the interconnection of comfort and design. Working at heights other than desk height has become increasingly more popular. The Swivel Stool chairs are ideal for counter height applications, traditional drafting, & some bar heights. Nuo","2025-01-05","med","seating(17: handle-exact:seating,tokens:seating); global-teknion(4: tokens:teknion); medium-back-seating(4: tokens:back,seating)","seating","global-teknion","medium-back-seating","Teknion","","","","","","","","",""
"9682842616121","teknion-zones","Teknion Zones","https://admin.shopify.com/store/office-central-online/products/9682842616121","https://brantbusinessinteriors.com/products/teknion-zones","Teknion","","oecm-eligible","active","1","0.00","0.00","https://cdn.shopify.com/s/files/1/0859/0413/0361/files/Teknion-Zones-Business-Interiors-16716421.png?v=1750117970","Zones is a comprehensive series of furniture products that transforms the office, challenging convention and changing the way people experience work. It comprises seating, tables, screens, easels and accessories, as well as semi-private enclosures which can act either as an intimate collaborative setting or as a place of retreat when privacy is desired. Zones’ breadth of offering across multiple w","2024-10-18","med","privacy-screens(12: anchor:'screen',tokens:screens); desk-top-dividers(10: anchor:'screen'); global-teknion(4: tokens:teknion)","privacy-screens","desk-top-dividers","global-teknion","Teknion","","","","","","","","",""
"9771515150649","the-accord-tilter-high-back-chair-1","The accord tilter high back chair","https://admin.shopify.com/store/office-central-online/products/9771515150649","https://brantbusinessinteriors.com/products/the-accord-tilter-high-back-chair-1","Global Furniture Group","","oecm-eligible","active","2","629.99","659.99","https://cdn.shopify.com/s/files/1/0859/0413/0361/files/The-Accord-Tilter-High-Back-Chair-Business-Interiors-16772419.png?v=1750129565","Accord™ Tilter Chair • Soft Descent™ pneumatic seat height adjustment • Tilt lock • Tilt tension adjustment • Aluminium fixed loop arms with urethane caps • Aluminum base • Polyurethane","2025-01-29","med","task-chairs(10: anchor:'tilter'); ergonomic-products(10: anchor:'tilter'); chair-mats(2: tokens:chair)","task-chairs","ergonomic-products","chair-mats","Global Furniture Group","","","","","","","","",""
"9769268871481","trapezoid-tables-3-sizes","Trapezoid tables (3 sizes) — 3 sizes","https://admin.shopify.com/store/office-central-online/products/9769268871481","https://brantbusinessinteriors.com/products/trapezoid-tables-3-sizes","Brant Business Interiors","","oecm-eligible","active","3","599.99","849.99","https://cdn.shopify.com/s/files/1/0859/0413/0361/files/Trapezoid-Tables-_3-Sizes_-Business-Interiors-16766633.png?v=1750128707","High pressure scratch resistant laminate Chewing gum resistant table backing 3mm vinyl bonded edgeband Rounded corners for safety 16 Gauge 1.25"" diameter steel tube Fully welded leg construction with laser cut support bracket Adjustable legs 17"" - 25"" or 22"" - 30"" Swivel floor glides Durable powder coat finish Optional standing height available 34"" - 42"" Optional locking swivel castors Limited Lif","2025-01-27","med","tables(17: handle-exact:tables,tokens:tables); height-adjustable-tables(4: tokens:adjustable,tables); all-tables(2: tokens:tables)","tables","height-adjustable-tables","all-tables","Brant Business Interiors","","","","","","","","",""
"9785822609721","triple-monitor-and-ipad-holder","Triple monitor and ipad holder","https://admin.shopify.com/store/office-central-online/products/9785822609721","https://brantbusinessinteriors.com/products/triple-monitor-and-ipad-holder","Brant Business Interiors","","oecm-eligible","active","1","588.69","588.69","https://cdn.shopify.com/s/files/1/0859/0413/0361/files/Triple-Monitor-and-Ipad-Holder-Business-Interiors-16781522.png?v=1750131655","Accommodates 2 Monitors and 1 Laptop or Ipad The most versatile monitor arm solution for your needs - The Flexa Pro single and dual monitor arms are a high-end floating monitor arm solution, ideal for both office and home use. - This heavy-duty aluminum gas spring monitor arm fits monitors from 17 in (431.8 mm) to 32 in (812.8 mm) and holds up to 17.6 lb (8 kg) per screen. - Its easy-grip handle c","2025-02-13","med","monitor-arms(14: anchor:'monitor arm',tokens:arms,monitor); room-private-office(2: tokens:office); end-tables-tables(2: tokens:end)","monitor-arms","room-private-office","end-tables-tables","Brant Business Interiors","","","","","","","","",""
"9666433515833","triple-monitor-arm","Triple monitor arm","https://admin.shopify.com/store/office-central-online/products/9666433515833","https://brantbusinessinteriors.com/products/triple-monitor-arm","Brant Business Interiors","","oecm-eligible","active","1","329.99","329.99","https://cdn.shopify.com/s/files/1/0859/0413/0361/files/Triple-Monitor-Arm-Business-Interiors-16700819.png?v=1750114946","Fellowes Platinum Series Triple Monitor Arm - 3 Display(s) Supported90"" Screen Support - 27.22 kg Load Capacity - 1 Each Increase valuable desk space and easily adjust your monitor to reduce eye, neck and shoulder strain Connect your favorite devices with 2 USB ports conveniently located at the base of the product Easy and effortless monitor adjustment with innovative gas spring technology Mounts ","2024-09-28","med","monitor-arms(12: anchor:'monitor arm',tokens:monitor); desk-top-dividers(12: anchor:'screen',tokens:desk); privacy-screens(10: anchor:'screen')","monitor-arms","desk-top-dividers","privacy-screens","Brant Business Interiors","","","","","","","","",""
"9782603186489","two-drawer-lateral-file-nl3624lft","Two drawer lateral file — NL3624LFT","https://admin.shopify.com/store/office-central-online/products/9782603186489","https://brantbusinessinteriors.com/products/two-drawer-lateral-file-nl3624lft","Brant Business Interiors","","oecm-eligible","active","1","647.73","647.73","https://cdn.shopify.com/s/files/1/0859/0413/0361/files/Two-Drawer-Lateral-File-NL3624LFT-Business-Interiors-16778626.png?v=1750130992","NL3624LFT Newland | Two Drawer Lateral File with Top Newland - simple and modular components combining classic design, quality and value to support a wide range of workspace applications. From private offices, open plan, meeting and training spaces, Newland offers functional and practical desking solutions that will stand the test of time. Thermally fused laminate 1"" thick top and end gables Front","2025-02-10","med","lateral-file-cabinets-storage(14: anchor:'lateral file',tokens:file,lateral); room-open-plan(4: tokens:open,plan); training-flip-top-tables(4: tokens:top,training)","lateral-file-cabinets-storage","room-open-plan","training-flip-top-tables","Brant Business Interiors","","","","","","","","",""
"9744712171833","two-stage-electric-height-adjustable-table","Two-stage electric height adjustable table","https://admin.shopify.com/store/office-central-online/products/9744712171833","https://brantbusinessinteriors.com/products/two-stage-electric-height-adjustable-table","Brant Business Interiors","","oecm-eligible","active","2","549.99","549.99","https://cdn.shopify.com/s/files/1/0859/0413/0361/files/Two-Stage-Electric-Height-Adjustable-Table-Business-Interiors-16752058.png?v=1750125580","Adjustable height table and two-stage height-adjustable base - The desk in a box is a complete height-adjustable desk. - Ideal for working both sitting and standing. - Perfect for small offices, your home office or even a gaming station for the kids. - At 25/32 in (20 mm) per second, our lifting speed swiftly moves you from one position to another. - Features a programmable handset that allows up ","2024-12-30","med","height-adjustable-tables(12: anchor:'height adjustable',tokens:adjustable); room-private-office(2: tokens:office); desk-top-dividers(2: tokens:desk)","height-adjustable-tables","room-private-office","desk-top-dividers","Brant Business Interiors","","","","","","","","",""
"9720842944825","u-shape-d-top-workstation","U-shape d-top workstation","https://admin.shopify.com/store/office-central-online/products/9720842944825","https://brantbusinessinteriors.com/products/u-shape-d-top-workstation","Brant Business Interiors","","oecm-eligible","active","1","2499.99","2499.99","https://cdn.shopify.com/s/files/1/0859/0413/0361/files/U-Shape-D-Top-Workstation-Business-Interiors-16741545.png?v=1750123386","Features + benefits • simple to create workstations to suit your needs • ease of assembly built into design with metal-to-metal connectors • 10 standard laminate finish options • 1” thick thermally fused laminate tops with 2mm matching edgeband • metal legs are available in Black, Designer White or Tungsten • Silver finish handles and locks • leveling glides are standard on all floor units • canad","2024-12-03","med","u-shape-desks(12: anchor:'u-shape',tokens:shape); desks(12: anchor:'u-shape',tokens:workstations); all-desks(2: tokens:workstations)","u-shape-desks","desks","all-desks","Brant Business Interiors","","","","","","","","",""
"9683134611769","ultima-adjustable-stool","Ultima adjustable stool","https://admin.shopify.com/store/office-central-online/products/9683134611769","https://brantbusinessinteriors.com/products/ultima-adjustable-stool","Brant Business Interiors","","oecm-eligible","active","1","388.99","388.99","https://cdn.shopify.com/s/files/1/0859/0413/0361/files/Ultima-Adjustable-Stool-Business-Interiors-16717421.png?v=1750118195","Adjustable height 20"" - 26"" Seat backing steel plate for additional strength Fully welded frame Available in a range of seat colours Durable powder coat finish, for the sake of the environment Black frame colour option available on-slip rubber grip floor glide Quiet simple glide 1/2” solid steel foot ring Limited Lifetime Warranty","2024-10-19","med","stools(15: handle-exact:stool); all-quiet-spaces(2: tokens:quiet); height-adjustable-tables(2: tokens:adjustable)","stools","all-quiet-spaces","height-adjustable-tables","Brant Business Interiors","","","","","","","","",""
"10192184049977","ultra-guest-chair","Ultra guest chair","https://admin.shopify.com/store/office-central-online/products/10192184049977","https://brantbusinessinteriors.com/products/ultra-guest-chair","Brant Business Interiors","","oecm-eligible","active","1","399.99","399.99","https://cdn.shopify.com/s/files/1/0859/0413/0361/files/Screenshot2026-04-28102054.png?v=1777386073","MVL11743 Ultra | Armless Medium Back Guest Chair Cantilever style base Welded steel frame with Chrome finish Armless Upholstered in LuxPlus vinyl","2026-04-28","med","chairs(15: handle-exact:chair); medium-back-seating(4: tokens:back,medium); guest-seating(2: tokens:guest)","chairs","medium-back-seating","guest-seating","Brant Business Interiors","","","","","","","","",""
"9674747117881","upscale-meeting-boardroom-tables-3-sizes-8-colours","Upscale meeting / boardroom tables 3 sizes, 8 colours — 3 sizes","https://admin.shopify.com/store/office-central-online/products/9674747117881","https://brantbusinessinteriors.com/products/upscale-meeting-boardroom-tables-3-sizes-8-colours","Brant Business Interiors","","oecm-eligible","active","6","1425.00","3038.00","https://cdn.shopify.com/s/files/1/0859/0413/0361/files/Upscale-Meeting-Boardroom-Tables-3-Sizes_-8-Colours-Business-Interiors-16711651.png?v=1750117003","The sturdy all-metal base provides a stable surface for any application. • Whether it’s round 36” tops in a break room or a 192 x 48” racetrack top boardroom table, Upscale will get the job done Easy assembly. Usually in stock.","2024-10-08","med","boardroom(17: handle-exact:boardroom,tokens:boardroom); meeting-tables(14: anchor:'boardroom table',tokens:meeting,tables); round-square-tables(4: tokens:round,tables)","boardroom","meeting-tables","round-square-tables","Brant Business Interiors","","","","","","","","",""
"10212197105977","upscale-meeting-boardroom-tables-3-sizes-8-colours-3-sizes-copy","Upscale meeting / boardroom tables 3 sizes, 8 colours — 3 sizes (Copy)","https://admin.shopify.com/store/office-central-online/products/10212197105977","https://brantbusinessinteriors.com/products/upscale-meeting-boardroom-tables-3-sizes-8-colours-3-sizes-copy","Brant Business Interiors","","oecm-eligible","active","6","1425.00","3038.00","https://cdn.shopify.com/s/files/1/0859/0413/0361/files/Screenshot2026-05-23135437.png?v=1779558981","Features Inset extruded black aluminum frame creates a sturdy, lightweight, base without compromising leg space and allows for maximizing seating capacity Features sleek contoured angled legs in your choice of Black (BL) or Chrome (CR) Easy assembly. Usually in stock.","2026-05-23","med","boardroom(17: handle-exact:boardroom,tokens:boardroom); meeting-tables(14: anchor:'boardroom table',tokens:meeting,tables); all-boardroom(2: tokens:boardroom)","boardroom","meeting-tables","all-boardroom","Brant Business Interiors","","","","","","","","",""
"10182901629241","vitrola-lounge-seating-4-size-options","Vitrola lounge seating (4 size options) — 4 size","https://admin.shopify.com/store/office-central-online/products/10182901629241","https://brantbusinessinteriors.com/products/vitrola-lounge-seating-4-size-options","Brant Business Interiors","","oecm-eligible","active","5","525.00","2109.00","https://cdn.shopify.com/s/files/1/0859/0413/0361/files/DB_8271_Y72K_ECM_Reg_2400x2400_b1f3421c-8b96-43e9-bdcc-c9af6019fe08.jpg?v=1776794856","1 2 Vitrola™ Vitrola™ is a finely-tailored, transitional reflection on the 19th century French Empire style. Simplified geometry and proportions make it right for the times. Classic soft seating upholstery design with swooping arms. Available in standard Lounge, High Back Lounge along with Two and Three Seat Sofa models. Matching Ottoman and Accent Pillow complete the offering. Fully upholstered w","2026-04-21","med","lounge(17: handle-exact:lounge,tokens:lounge); seating(17: handle-exact:seating,tokens:seating); type-lounge(4: tokens:lounge,seating)","lounge","seating","type-lounge","Brant Business Interiors","","","","","","","","",""
"9676171379001","wind-lounge-seating","Wind lounge seating","https://admin.shopify.com/store/office-central-online/products/9676171379001","https://brantbusinessinteriors.com/products/wind-lounge-seating","Brant Business Interiors","","oecm-eligible","active","3","1099.99","1859.99","https://cdn.shopify.com/s/files/1/0859/0413/0361/files/Wind-Lounge-Seating-Business-Interiors-16712872.png?v=1750117197","Classic, contemporary and refined are the words most often used to describe the WindTM lounge seating series. The simple geometry and slim proportions create a relaxed and open atmosphere even when space is at a premium. Wind lounge tables complement the seating series. Matching Chrome legs support slim profile tops in square or round configurations. Table tops are available in any standard Global","2024-10-10","med","lounge(17: handle-exact:lounge,tokens:lounge); seating(17: handle-exact:seating,tokens:seating); type-lounge(4: tokens:lounge,seating)","lounge","seating","type-lounge","Brant Business Interiors","","","","","","","","",""
"9826724872505","work-table-at","Work table at","https://admin.shopify.com/store/office-central-online/products/9826724872505","https://brantbusinessinteriors.com/products/work-table-at","Brant Business Interiors","","oecm-eligible","active","3","349.99","499.99","https://cdn.shopify.com/s/files/1/0859/0413/0361/files/Work-Table-AT-Business-Interiors-16789545.png?v=1750133364","Work Table 1” high performance thermally fused laminate with self edge top. Black metal skirt. Rectangle top with metal legs and leveling glides. Self edge is standard. Shipped easy to assemble in 1 carton. 60""X30"" Quick Ship 72""x30"" 3 Weeks 72""x36"" 3 Weeks","2025-03-21","med","tables(15: handle-exact:table); desk-top-dividers(2: tokens:top); laminate-bookcases(2: tokens:laminate)","tables","desk-top-dividers","laminate-bookcases","Brant Business Interiors","","","","","","","","",""
"9103363014969","workstation-96-x-50-x-29-4-person-station","Workstation - 96"" x 50"" x 29"" (4 person station) — 96"" x 50"" x 29""","https://admin.shopify.com/store/office-central-online/products/9103363014969","https://brantbusinessinteriors.com/products/workstation-96-x-50-x-29-4-person-station","Brant Business Interiors","","oecm-eligible","active","1","2099.99","2099.99","https://cdn.shopify.com/s/files/1/0859/0413/0361/files/Workstation-96_-x-50_-x-29_-_4-Person-Station_-Business-Interiors-16691012.jpg?v=1750112711","Category Workstations/Computer Desks Manufacturer Global Upholstery Co., Inc Manufacturer Ref 76825 Brand Offices To Go Item Code: GLBMLP496ASN 4-person workstation Package contains combined workstation with PET felt divider panels 96""W x 50""D x 29""H. Asian Night Finish. 4-person workstation. Package contains combined workstation with PET felt divider panels. Assembly not included. Electrical not ","2024-02-26","med","acoustic-panels(12: anchor:'panel',tokens:panels); gfg-desks(6: tokens:desks,global,workstations); multi-person-workstations-desks(6: tokens:desks,person,workstations)","acoustic-panels","gfg-desks","multi-person-workstations-desks","Brant Business Interiors","","","","","","","","",""
"9724679127353","workway-planters","Workway planters","https://admin.shopify.com/store/office-central-online/products/9724679127353","https://brantbusinessinteriors.com/products/workway-planters","Brant Business Interiors","","oecm-eligible","active","20","399.00","819.00","https://cdn.shopify.com/s/files/1/0859/0413/0361/files/WORKWAY-Planters-Business-Interiors-16743963.jpg?v=1750123890","The ideal solution to liven any space. Crafted for the modern workspace, WORKWAY Planters allow for space division while helping to enrich any environment. WORKWAY Planters promote wellness, creativity and productivity by introducing biophilia elements that inject vibrancy into any space. All planters styles are compatible with desking, benching and reception solutions. Whether you’re looking to s","2024-12-07","med","planters(17: handle-exact:planters,tokens:planters)","planters","","","Brant Business Interiors","","","","","","","","",""
"9725750247737","xplorer-51-gaming-chair","Xplorer 51 gaming chair","https://admin.shopify.com/store/office-central-online/products/9725750247737","https://brantbusinessinteriors.com/products/xplorer-51-gaming-chair","Brant Business Interiors","","oecm-eligible","active","1","369.99","369.99","https://cdn.shopify.com/s/files/1/0859/0413/0361/files/XPlorer-51-Gaming-Chair-Business-Interiors-16746085.png?v=1750124324","” W x 30.25” D x 45.25-49” H; Seat Size: 22.5” W x 19.75” D x 4.5” T; Back Size: 19” W x 27.25” H x 2.75” T - Approved for commercial or residential use","2024-12-09","med","gaming(17: handle-exact:gaming,tokens:gaming); chairs(15: handle-exact:chair); medium-back-seating(2: tokens:back)","gaming","chairs","medium-back-seating","Brant Business Interiors","","","","","","","","",""
"9776145465657","yoho-task-chairs","Yoho task chairs","https://admin.shopify.com/store/office-central-online/products/9776145465657","https://brantbusinessinteriors.com/products/yoho-task-chairs","Brant Business Interiors","","oecm-eligible","active","1","289.99","289.99","https://cdn.shopify.com/s/files/1/0859/0413/0361/files/Yoho-Task-Chairs-Business-Interiors-16773867.png?v=1750129895","• Pneumatic seat height adjustment • Seat range from 16” to 21” • Comfortable compound curved back • Bonded Leather Armless","2025-02-03","med","chairs(17: handle-exact:chairs,tokens:chairs); task-chairs(14: anchor:'task chair',tokens:chairs,task); type-chairs(2: tokens:chairs)","chairs","task-chairs","type-chairs","Brant Business Interiors","","","","","","","","",""
"9666387476793","yoho-armless-drafting-task-chair-stool","Yoho | armless drafting task chair stool","https://admin.shopify.com/store/office-central-online/products/9666387476793","https://brantbusinessinteriors.com/products/yoho-armless-drafting-task-chair-stool","Brant Business Interiors","","oecm-eligible","active","1","369.99","369.99","https://cdn.shopify.com/s/files/1/0859/0413/0361/files/Yoho-_-Armless-Drafting-Task-Chair-Stool-Business-Interiors-16700140.png?v=1750114837","Yoho | Armless Drafting Task Chair Task mechanism Seat depth adjustment Comfortable compound curved back Dual wheel carpet casters Height adjustable chromed footrest Pneumatic seat height adjustment Optional height adjustable T-arms are available Upholstery Options: Textile: Available in all grade 1 seating textiles Luxhide: Available in various colors","2024-09-28","med","task-chairs(12: anchor:'task chair',tokens:task); chair-mats(2: tokens:chair); medium-back-seating(2: tokens:back)","task-chairs","chair-mats","medium-back-seating","Brant Business Interiors","","","","","","","","",""
"9726645797177","u-shaped-suite-with-table-desk-72w-x-96d","""u"" shaped suite with table desk - 72""w x 96""d — 96""","https://admin.shopify.com/store/office-central-online/products/9726645797177","https://brantbusinessinteriors.com/products/u-shaped-suite-with-table-desk-72w-x-96d","Brant Business Interiors","","oecm-eligible","active","1","1857.60","1857.60","https://cdn.shopify.com/s/files/1/0859/0413/0361/files/U_-Shaped-Suite-with-Table-Desk-72_W-x-96_D-Business-Interiors-16747550.png?v=1750124640","NLP229 ""U"" Shaped Suite with Table Desk - 72""W x 96""D Newland - simple and modular components combining classic design, quality and value to support a wide range of workspace applications. From private offices, open plan, meeting and training spaces, Newland offers functional and practical desking solutions that will stand the test of time. Thermally fused laminate top, 1"" thick 2 mm matching edge","2024-12-10","low","room-open-plan(4: tokens:open,plan); all-quiet-spaces(2: tokens:spaces); boardroom-conference-meeting(2: tokens:meeting)","room-open-plan","all-quiet-spaces","boardroom-conference-meeting","Brant Business Interiors","","","","","","","","",""
"10111254855993","6-drawer-end-tab-cabinet-s128-drawers","6 drawer end tab cabinet S128 drawers — 6 drawer","https://admin.shopify.com/store/office-central-online/products/10111254855993","https://brantbusinessinteriors.com/products/6-drawer-end-tab-cabinet-s128-drawers","Brant Business Interiors","","oecm-eligible","active","1","3499.99","3499.99","https://cdn.shopify.com/s/files/1/0859/0413/0361/files/Screenshot2026-02-05122834.png?v=1770312686","Made in Canada Cabinets with fixed shelves, receding doors, and looped full pull handles accommodate letter size files and file pockets Includes 3 plate dividers per shelf and easily accessible lock PIPEDA Certified Lock Included Size: 81.6"" High X 20"" Deep X 36"" Wide 30-45 Days Lead Time","2026-02-05","low","fire-resistant-file-cabinets(4: tokens:cabinets,file); lateral-file-cabinets-storage(4: tokens:cabinets,file); vertical-file-cabinets-storage(4: tokens:cabinets,file)","fire-resistant-file-cabinets","lateral-file-cabinets-storage","vertical-file-cabinets-storage","Brant Business Interiors","","","","","","","","",""
"10023161004345","arm-caps-for-2330-chair","Arm caps for 2330 chair","https://admin.shopify.com/store/office-central-online/products/10023161004345","https://brantbusinessinteriors.com/products/arm-caps-for-2330-chair","Brant Business Interiors","","oecm-eligible","active","1","25.00","25.00","https://cdn.shopify.com/s/files/1/0859/0413/0361/files/Screenshot2025-10-28175931.png?v=1767457393","Model # 014038973-A for Model # 2330 Chair Sold as eaches. Order 2 ( Left and Right Arm) Not exactly as shown. NON Returnable. Price includes handling","2025-10-28","low","type-accessories(8: parts-match); accessories(8: parts-match); all-accessories(8: parts-match)","type-accessories","accessories","all-accessories","Brant Business Interiors","","","","","","","","",""
"9893580931385","bungee-tables-rectangular-flip-top-table-spider-legs-wheels","Bungee tables rectangular flip-top table, spider legs, wheels","https://admin.shopify.com/store/office-central-online/products/9893580931385","https://brantbusinessinteriors.com/products/bungee-tables-rectangular-flip-top-table-spider-legs-wheels","Brant Business Interiors","","oecm-eligible","active","10","961.00","1036.00","https://cdn.shopify.com/s/files/1/0859/0413/0361/files/office-central-brant-business-interiors-24-x42-bungee-tables-rectangular-flip-top-table-spider-legs-wheels-42969994953017.png?v=1759098252","Versatile, efficient, economical. Bungee comes complete with table tops, legs and Bungee cords, allowing quick and easy reconfiguring of table settings without using any tools. The multi-usage Bungee Tables are an affordable investment for growing companies looking for versatile and efficient meeting solutions. Ideal for classrooms, training rooms and boardroom settings. Moving from classroom to c","2025-06-10","low","tables(8: handle-exact:tables,tokens:tables); type-accessories(8: parts-match); accessories(8: parts-match)","tables","type-accessories","accessories","Brant Business Interiors","","","","","","","","",""
"9099975065913","carpeted-floor-60x-46","Carpeted floor — 60""x 46""","https://admin.shopify.com/store/office-central-online/products/9099975065913","https://brantbusinessinteriors.com/products/carpeted-floor-60x-46","Brant Business Interiors","","oecm-eligible","active","1","219.99","219.99","https://cdn.shopify.com/s/files/1/0859/0413/0361/files/Carpeted-Floor-60_x-46_-Business-Interiors-16684829.jpg?v=1750111317","Category Carpet Chair Mats Manufacturer Deflecto, LLC Manufacturer Ref CM15443F Brand deflecto Item Code: DEFCM15443F RollaMat Chairmat with no lip is ideal for the home office. The heavy vinyl is designed for plush pile carpets. Smooth, rounded studs won't damage carpet. Textured top surface resists scuffing. Beveled edge allows smooth, on-and-off chair movement. Chairmat features textured top su","2024-02-23","low","chair-mats(6: tokens:chair,floor,mats); room-private-office(2: tokens:office); big-heavy-seating(2: tokens:heavy)","chair-mats","room-private-office","big-heavy-seating","Brant Business Interiors","","","","","","","","",""
"9103184265529","coat-tree-hook-stand-1","Coat tree hook stand","https://admin.shopify.com/store/office-central-online/products/9103184265529","https://brantbusinessinteriors.com/products/coat-tree-hook-stand-1","Brant Business Interiors","","oecm-eligible","active","1","179.99","179.99","https://cdn.shopify.com/s/files/1/0859/0413/0361/files/Coat-Tree-Hook-Stand-Business-Interiors-16688534.jpg?v=1750112138","Category Coat/Garment Hooks Manufacturer SAFCO PRODUCTS Manufacturer Ref 4202 Brand Safco Item Code : SAF4202 Create a place where your garments always have a home with the Nail Head Coat Hooks. They are great for greeting guests in your reception area, office, lobby, training center or classroom. Rack of six coat hooks mounts easily to a wall or behind a door to give you easy access no matter whe","2024-02-25","low","desk-top-sit-stand-ergonomic-products(4: tokens:products,stand); all-ergonomic(2: tokens:products); ergonomic-products(2: tokens:products)","desk-top-sit-stand-ergonomic-products","all-ergonomic","ergonomic-products","Brant Business Interiors","","","","","","","","",""
"9712096084281","craft-cube-square-unit","Craft cube | square unit","https://admin.shopify.com/store/office-central-online/products/9712096084281","https://brantbusinessinteriors.com/products/craft-cube-square-unit","Brant Business Interiors","","oecm-eligible","active","1","229.99","229.99","https://cdn.shopify.com/s/files/1/0859/0413/0361/files/Craft-Cube-_-Square-Unit-Business-Interiors-16737563.png?v=1750122541","MVL13012 Craft | Square Unit Craft is a fully upholstered modular lounge seating and table series that features six fun shapes for seating and five tables that can be used interchangeably together or alone to create casual meeting spaces in multiple environments. Craft is easy to configure, durable and ideal for open spaces. Modular non-handed components can be fully reconfigured and are ideal for","2024-11-22","low","type-lounge(4: tokens:lounge,seating); otg-lounge(4: tokens:lounge,seating); cafe-lounge-seating(4: tokens:lounge,seating)","type-lounge","otg-lounge","cafe-lounge-seating","Brant Business Interiors","","","","","","","","",""
"9103347024185","craft-wedge-overtable-chrome-leg-1","Craft wedge overtable chrome leg","https://admin.shopify.com/store/office-central-online/products/9103347024185","https://brantbusinessinteriors.com/products/craft-wedge-overtable-chrome-leg-1","Brant Business Interiors","","oecm-eligible","active","1","288.00","288.00","https://cdn.shopify.com/s/files/1/0859/0413/0361/files/Craft-Wedge-Overtable-Chrome-Leg-Business-Interiors-16690638.jpg?v=1750112619","Category Cafeteria & Breakroom Tables Manufacturer Global Upholstery Co., Inc Manufacturer Ref MVL13022 ACJ CM Brand Offices To Go Item Code: GLBMVL13022ACJCM Add a table to customize your look Fits over craft lounge seating Keep your space tidy and organized with tables that encourage learning in a casual setting Craft Wedge Shape Over-Table. Designed to work with Craft Modular Ottomans. Assembly","2024-02-26","low","cafeteria-breakroom-tables(6: tokens:breakroom,cafeteria,tables); gfg-tables(4: tokens:global,tables); type-lounge(4: tokens:lounge,seating)","cafeteria-breakroom-tables","gfg-tables","type-lounge","Brant Business Interiors","","","","","","","","",""
"9769344172345","craft-curve-120-degree-unit-2","Craft | curve-120 degree unit","https://admin.shopify.com/store/office-central-online/products/9769344172345","https://brantbusinessinteriors.com/products/craft-curve-120-degree-unit-2","Brant Business Interiors","","oecm-eligible","active","1","399.99","399.99","https://cdn.shopify.com/s/files/1/0859/0413/0361/files/Craft-_-Curve-120-Degree-Unit-Business-Interiors-16769899.png?v=1750128965","Craft | Round 20"" Unit Craft is a fully upholstered modular lounge seating and table series that features six fun shapes for seating and five tables that can be used interchangeably together or alone to create casual meeting spaces in multiple environments. Craft is easy to configure, durable and ideal for open spaces. Modular non-handed components can be fully reconfigured and are ideal for open ","2025-01-27","low","type-lounge(4: tokens:lounge,seating); otg-lounge(4: tokens:lounge,seating); cafe-lounge-seating(4: tokens:lounge,seating)","type-lounge","otg-lounge","cafe-lounge-seating","Brant Business Interiors","","","","","","","","",""
"9769341550905","craft-rectangle-unit-1","Craft | rectangle unit","https://admin.shopify.com/store/office-central-online/products/9769341550905","https://brantbusinessinteriors.com/products/craft-rectangle-unit-1","Brant Business Interiors","","oecm-eligible","active","1","319.99","319.99","https://cdn.shopify.com/s/files/1/0859/0413/0361/files/Craft-_-Rectangle-Unit-Business-Interiors-16768273.png?v=1750128894","MVL13011 Craft | Rectangle Unit Craft is a fully upholstered modular lounge seating and table series that features six fun shapes for seating and five tables that can be used interchangeably together or alone to create casual meeting spaces in multiple environments. Craft is easy to configure, durable and ideal for open spaces. Modular non-handed components can be fully reconfigured and are ideal ","2025-01-27","low","type-lounge(4: tokens:lounge,seating); otg-lounge(4: tokens:lounge,seating); cafe-lounge-seating(4: tokens:lounge,seating)","type-lounge","otg-lounge","cafe-lounge-seating","Brant Business Interiors","","","","","","","","",""
"9769342763321","craft-round-20-unit","Craft | round 20"" unit — 20""","https://admin.shopify.com/store/office-central-online/products/9769342763321","https://brantbusinessinteriors.com/products/craft-round-20-unit","Brant Business Interiors","","oecm-eligible","active","1","269.99","269.99","https://cdn.shopify.com/s/files/1/0859/0413/0361/files/Craft-_-Round-20_-Unit-Business-Interiors-16769793.png?v=1750128941","Craft | Round 20"" Unit Craft is a fully upholstered modular lounge seating and table series that features six fun shapes for seating and five tables that can be used interchangeably together or alone to create casual meeting spaces in multiple environments. Craft is easy to configure, durable and ideal for open spaces. Modular non-handed components can be fully reconfigured and are ideal for open ","2025-01-27","low","type-lounge(4: tokens:lounge,seating); otg-lounge(4: tokens:lounge,seating); cafe-lounge-seating(4: tokens:lounge,seating)","type-lounge","otg-lounge","cafe-lounge-seating","Brant Business Interiors","","","","","","","","",""
"9769341485369","craft-wedge-unit","Craft | wedge unit","https://admin.shopify.com/store/office-central-online/products/9769341485369","https://brantbusinessinteriors.com/products/craft-wedge-unit","Brant Business Interiors","","oecm-eligible","active","1","229.99","229.99","https://cdn.shopify.com/s/files/1/0859/0413/0361/files/Craft-_-Wedge-Unit-Business-Interiors-16767071.png?v=1750128801","Wedge Unit Craft is a fully upholstered modular lounge seating and table series that features six fun shapes for seating and five tables that can be used interchangeably together or alone to create casual meeting spaces in multiple environments. Craft is easy to configure, durable and ideal for open spaces. Modular non-handed components can be fully reconfigured and are ideal for open spaces Geome","2025-01-27","low","type-lounge(4: tokens:lounge,seating); otg-lounge(4: tokens:lounge,seating); cafe-lounge-seating(4: tokens:lounge,seating)","type-lounge","otg-lounge","cafe-lounge-seating","Brant Business Interiors","","","","","","","","",""
"9103475704121","desktop-riser-black-2","Desktop riser — Black","https://admin.shopify.com/store/office-central-online/products/9103475704121","https://brantbusinessinteriors.com/products/desktop-riser-black-2","Brant Business Interiors","","oecm-eligible","active","1","692.82","692.82","https://cdn.shopify.com/s/files/1/0859/0413/0361/files/Desktop-Riser-Black-Business-Interiors-16692746.jpg?v=1750113101","Category Workstations/Computer Desks Manufacturer Global Upholstery Co., Inc Manufacturer Ref MVL5230B0 Brand Offices To Go Item Code : GLBMVL5230B0 multipurpose desktop riser - Built to fit your needs and keep your equipment safe and organized With a maximum load capacity of 15.88 kg, it makes a perfect solution for display or mounting Offices to Go® Desktop Sit-Stand Workstation. Smooth, quiet a","2024-02-26","low","gfg-desks(6: tokens:desks,global,workstations); all-desks(4: tokens:desks,workstations); desks(4: tokens:desks,workstations)","gfg-desks","all-desks","desks","Brant Business Interiors","","","","","","","","",""
"9103185183033","dolly-7","Dolly","https://admin.shopify.com/store/office-central-online/products/9103185183033","https://brantbusinessinteriors.com/products/dolly-7","Brant Business Interiors","","oecm-eligible","active","1","545.25","545.25","https://cdn.shopify.com/s/files/1/0859/0413/0361/files/Dolly-Business-Interiors-16688687.jpg?v=1750112161","Category Utility/Service Carts Manufacturer Global Upholstery Co., Inc Manufacturer Ref 6715 Brand Offices To Go Item Code: GLB6715 Polypropylene models can be stacked 34 high (standard 80"" door frame) Dolly for stacking and transporting polypropylene chairs Dimensions: W21.37 x D31.75 x H51.75 IN. For stacking and transporting polypropylene chairs only. Stacks 34 high.","2024-02-25","low","folding-stacking-chairs-carts(6: tokens:carts,chairs,stacking); type-chairs(2: tokens:chairs); global-teknion(2: tokens:global)","folding-stacking-chairs-carts","type-chairs","global-teknion","Brant Business Interiors","","","","","","","","",""
"9982087758137","efloat-quattro-humanscale","Efloat quattro humanscale","https://admin.shopify.com/store/office-central-online/products/9982087758137","https://brantbusinessinteriors.com/products/efloat-quattro-humanscale","Humanscale","","brand:humanscale, oecm-eligible","active","72","2239.00","3023.00","https://cdn.shopify.com/s/files/1/0859/0413/0361/files/office-central-brant-business-interiors-white-white-oak-23-x-46-efloat-quattro-humanscale-43547694498105.png?v=1759098293","With its refined four-leg frame, eFloat Quattro brings premium design to the sit/stand category—without sacrificing performance. Just a few minutes of standing each hour can boost circulation, reduce fatigue, and support long-term health. eFloat Quattro makes that movement effortless with seamless adjustability and ergonomic support. Effortless Height Control With Programmable Presets Adjust from ","2025-09-15","low","desk-top-sit-stand(4: tokens:sit,stand); desktop-sit-stand(4: tokens:sit,stand); sit-stand-workstations(4: tokens:sit,stand)","desk-top-sit-stand","desktop-sit-stand","sit-stand-workstations","Humanscale","","","","","","","","",""
"9103169388857","electronic-lock-business-safes","Electronic lock business safes","https://admin.shopify.com/store/office-central-online/products/9103169388857","https://brantbusinessinteriors.com/products/electronic-lock-business-safes","Brant Business Interiors","","oecm-eligible","active","1","416.89","416.89","https://cdn.shopify.com/s/files/1/0859/0413/0361/files/Electronic-Lock-Business-Safes-Business-Interiors-16686534.jpg?v=1750111693","Category Safes Manufacturer Sentry Group Manufacturer Ref SFW123GDC Brand Sentry Safe Item Code: SENSFW123GDC Be it a confidential document or other valuables, preserve them in ultimate protection Go electronic and enjoy supreme security Provides fire resistant durability Fire-Safe Business Safe offers 60 percent bigger bolts and a pry-resistant hinge bar to provide additional security while maint","2024-02-25","low","fire-resistant-file-cabinets-safes(6: tokens:fire,resistant,safes); all-business-furniture(2: tokens:business); business-furniture(2: tokens:business)","fire-resistant-file-cabinets-safes","all-business-furniture","business-furniture","Brant Business Interiors","","","","","","","","",""
"9720592138553","factor-mesh-back-armchair-casters-5545amc-1","Factor mesh back armchair, casters (5545amc) — 5545AMC","https://admin.shopify.com/store/office-central-online/products/9720592138553","https://brantbusinessinteriors.com/products/factor-mesh-back-armchair-casters-5545amc-1","Brant Business Interiors","","oecm-eligible","active","1","429.99","429.99","https://cdn.shopify.com/s/files/1/0859/0413/0361/files/FactorTM-Mesh-Back-Armchair_-Casters-_5545AMC_-Business-Interiors-16741218.png?v=1750123322","You just won’t believe the price. New to the series, Factor multi-purpose guest chairs feature a matching picture frame back design and the same finishes as the highly popular task chair. When specified with casters, the multi-purpose guest chair is a versatile pull-up option. Dimensions: W24.5 x D22.5 x H33 IN.","2024-12-03","low","type-accessories(8: parts-match); accessories(8: parts-match); all-accessories(8: parts-match)","type-accessories","accessories","all-accessories","Brant Business Interiors","","","","","","","","",""
"9968013639993","fax-printer-machine-stand","Fax, printer, machine stand","https://admin.shopify.com/store/office-central-online/products/9968013639993","https://brantbusinessinteriors.com/products/fax-printer-machine-stand","Brant Business Interiors","","oecm-eligible","active","1","418.00","418.00","https://cdn.shopify.com/s/files/1/0859/0413/0361/files/office-central-brant-business-interiors-default-title-fax-printer-machine-stand-43459056861497.png?v=1759098301","Heavy-duty mobile stand built for printers, fax machines, and multi-function copiers. A stable steel base and lockable casters make it easy to reposition without unplugging or lifting the machine. Supports typical office-machine weights Lower shelf for paper stock and toner storage Locking casters keep the unit in place during printing","2025-08-28","low","mobile-storage(4: tokens:mobile,storage); all-storage(2: tokens:storage); gfg-storage(2: tokens:storage)","mobile-storage","all-storage","gfg-storage","Brant Business Interiors","","","","","","","","",""
"9103460696377","file-buddy-swivel-stool-black-vinyl","File buddy swivel stool black — Vinyl","https://admin.shopify.com/store/office-central-online/products/9103460696377","https://brantbusinessinteriors.com/products/file-buddy-swivel-stool-black-vinyl","Brant Business Interiors","","oecm-eligible","active","2","189.99","229.99","https://cdn.shopify.com/s/files/1/0859/0413/0361/files/File-Buddy-Swivel-Stool-Black-Vinyl-Business-Interiors-16691991.jpg?v=1750112918","Category Stools & Drafting Chairs Manufacturer Global Upholstery Co., Inc Brand Global Item Code: GLBMVL1105 Global® File Buddy™ Mobile Swivel Stools. The comfortable solution for filing and other tasks that take you around the office. 12"" seat and 22"" base. Vinyl. Black.","2024-02-26","low","stools-drafting-chairs(6: tokens:chairs,drafting,stools); gfg-storage(4: tokens:filing,global); all-storage(2: tokens:filing)","stools-drafting-chairs","gfg-storage","all-storage","Brant Business Interiors","","","","","","","","",""
"9103186002233","floor-chairmat-carpet-hard-floor-60-x-46","Floor chairmat carpet, hard floor — 60"" x 46""","https://admin.shopify.com/store/office-central-online/products/9103186002233","https://brantbusinessinteriors.com/products/floor-chairmat-carpet-hard-floor-60-x-46","Brant Business Interiors","","oecm-eligible","active","1","169.99","169.99","https://cdn.shopify.com/s/files/1/0859/0413/0361/files/Floor-Chairmat-Carpet_-Hard-Floor-60_-x-46_-Business-Interiors-16688745.jpg?v=1750112184","Category Carpet Chair Mats Manufacturer Deflecto, LLC Manufacturer Ref CM23442FDUO Brand deflecto Item Code: DEFCM23442FDUO Stay-put, all-surface floor protection Designed for low-pile carpet and hard floors Exclusive SuperGrip coating keeps mat in place 2 times better grip than Deflecto standard studs on carpet Free and Clear formula for a healthy work environment Versatile chairmat is designed t","2024-02-25","low","chair-mats(8: tokens:chair,floor,mats,protection); chairmat-accessories(2: tokens:chairmat); folding-chair-chair(1: tokens:chair)","chair-mats","chairmat-accessories","folding-chair-chair","Brant Business Interiors","","","","","","","","",""
"9963964367161","follower-block-mvlfb","Follower block mvlfb","https://admin.shopify.com/store/office-central-online/products/9963964367161","https://brantbusinessinteriors.com/products/follower-block-mvlfb","Brant Business Interiors","","oecm-eligible","active","1","29.00","29.00","https://cdn.shopify.com/s/files/1/0859/0413/0361/files/office-central-brant-business-interiors-default-title-follower-block-mvlfb-43434093052217.png?v=1759098298","MVLFB Follower Block Important Note: This item is made only for the MVL25 Series Vertical File. For use with 25""D letter and legal vertical files. Specifically designed to hold up file folders. Specifications Dimensions: 10""W x 5""D x 9""H Weight: 1.3 lbs / 0.6 kg Volume: 0.17 ft3 / 0.01 m3","2025-08-23","low","metal-vertical-files(4: tokens:files,vertical); vertical-file-cabinets-storage(4: tokens:file,vertical); fire-resistant-file-cabinets(2: tokens:file)","metal-vertical-files","vertical-file-cabinets-storage","fire-resistant-file-cabinets","Brant Business Interiors","","","","","","","","",""
"9103331131705","gardex-security-safe-fire-resistant-24-x-18-5-x-18-5","Gardex security safe - fire resistant — 24"" x 18.5"" x 18.5""","https://admin.shopify.com/store/office-central-online/products/9103331131705","https://brantbusinessinteriors.com/products/gardex-security-safe-fire-resistant-24-x-18-5-x-18-5","Brant Business Interiors","","oecm-eligible","active","1","1987.00","1987.00","https://cdn.shopify.com/s/files/1/0859/0413/0361/files/Gardex-Security-Safe-Fire-Resistant-24_-x-18.5_-x-18.5_-Business-Interiors-16690179.jpg?v=1750112506","Category Safes Manufacturer Gardex, Inc Manufacturer Ref GX-1-21 Brand Gardex Item Code: GDXGX121 Protects your valuables and give you peace of mind No need to distribute the security safe's key to every person requiring access, just share the character sequence to access it Features adjustable shelf to accommodate your belongings of various size Constructed with a durable and long-lasting materia","2024-02-25","low","fire-resistant-file-cabinets-safes(6: tokens:fire,resistant,safes); height-adjustable-tables(2: tokens:adjustable)","fire-resistant-file-cabinets-safes","height-adjustable-tables","","Brant Business Interiors","","","","","","","","",""
"9103330115897","gardex-security-safe-fire-resistant-size-29-x-21-5-x-21-5-beige","Gardex security safe- fire resistant -size 29"" x 21.5"" x 21.5"" - beige — 29"" x 21.5"" x 21.5""","https://admin.shopify.com/store/office-central-online/products/9103330115897","https://brantbusinessinteriors.com/products/gardex-security-safe-fire-resistant-size-29-x-21-5-x-21-5-beige","Brant Business Interiors","","oecm-eligible","active","1","2189.00","2189.00","https://cdn.shopify.com/s/files/1/0859/0413/0361/files/Gardex-Security-Safe-Fire-Resistant-Size-29_-x-21.5_-x-21.5_-Beige-Business-Interiors-16690071.jpg?v=1750112482","Category Safes Manufacturer Gardex, Inc Manufacturer Ref GX2-21 Brand Gardex Item Code: GDXGX221 Offers convenient storage system for your valuables Features combination locking system Features adjustable shelf to accommodate your belongings of various size Constructed with a durable and long-lasting material, capable of withstanding fire or great heat Gardex Grand Prix Fire-Resistant Storage Safe","2024-02-25","low","fire-resistant-safes-storage(8: tokens:fire,resistant,safes,storage); all-storage(2: tokens:storage); gfg-storage(2: tokens:storage)","fire-resistant-safes-storage","all-storage","gfg-storage","Brant Business Interiors","","","","","","","","",""
"9667825598777","gas-lift-monitor-riser","Gas lift monitor riser","https://admin.shopify.com/store/office-central-online/products/9667825598777","https://brantbusinessinteriors.com/products/gas-lift-monitor-riser","Brant Business Interiors","","oecm-eligible","active","1","434.33","434.33","https://cdn.shopify.com/s/files/1/0859/0413/0361/files/Gas-Lift-Monitor-Riser-Business-Interiors-16708389.png?v=1750116236","Desk riser allows you to go from sitting to standing with ease. Stop at any position from 6-1/4"" x 19-1/2"" when adjusting the height. Desk riser operates with a double gas-spring monitor lift for smooth, easy ascension. The top worksurface includes a convenient iPad/iPhone slot. Quick-release keyboard tray provides easy reach to your keyboard even when standing and can detach easily when necessary","2024-09-30","low","desk-top-dividers(4: tokens:desk,top); monitor-arms(2: tokens:monitor); standing-tables(2: tokens:standing)","desk-top-dividers","monitor-arms","standing-tables","Brant Business Interiors","","","","","","","","",""
"9769338798393","half-round-40-unit","Half round 40"" unit — 40""","https://admin.shopify.com/store/office-central-online/products/9769338798393","https://brantbusinessinteriors.com/products/half-round-40-unit","Brant Business Interiors","","oecm-eligible","active","1","329.99","329.99","https://cdn.shopify.com/s/files/1/0859/0413/0361/files/Half-Round-40_-Unit-Business-Interiors-16766885.png?v=1750128754","MVL13008 Craft | Half Round 40"" Unit Craft is a fully upholstered modular lounge seating and table series that features six fun shapes for seating and five tables that can be used interchangeably together or alone to create casual meeting spaces in multiple environments. Craft is easy to configure, durable and ideal for open spaces. Modular non-handed components can be fully reconfigured and are i","2025-01-27","low","type-lounge(4: tokens:lounge,seating); otg-lounge(4: tokens:lounge,seating); cafe-lounge-seating(4: tokens:lounge,seating)","type-lounge","otg-lounge","cafe-lounge-seating","Brant Business Interiors","","","","","","","","",""
"9820816179513","halifax-executive-suite","Halifax executive suite","https://admin.shopify.com/store/office-central-online/products/9820816179513","https://brantbusinessinteriors.com/products/halifax-executive-suite","Brant Business Interiors","","oecm-eligible","active","1","6399.99","6399.99","https://cdn.shopify.com/s/files/1/0859/0413/0361/files/Halifax-Executive-Suite-Business-Interiors-16788227.png?v=1750133089","Halifax is a culmination of Office Central's steadfast commitment to always raising the bar through progressive design and providing the ultimate product experience. It offers flexible desking and tables that brings together existing and evolving planning styles to create a functional and artistic collection with ample unique features. Designed for functionality, this new private office collection","2025-03-13","low","bar-height-tables(4: tokens:bar,tables); all-tables(2: tokens:tables); gfg-tables(2: tokens:tables)","bar-height-tables","all-tables","gfg-tables","Brant Business Interiors","","","","","","","","",""
"9822314070329","halifax-series","Halifax series","https://admin.shopify.com/store/office-central-online/products/9822314070329","https://brantbusinessinteriors.com/products/halifax-series","Brant Business Interiors","","oecm-eligible","active","1","6999.99","6999.99","https://cdn.shopify.com/s/files/1/0859/0413/0361/files/Halifax-Series-Business-Interiors-16788681.png?v=1750133174","Halifax is a culmination of OCI's steadfast commitment to always raising the bar through progressive design and providing the ultimate product experience. It offers flexible desking and tables that brings together existing and evolving planning styles to create a functional and artistic collection with ample unique features. Designed for functionality, this new private office collection is highly ","2025-03-14","low","bar-height-tables(4: tokens:bar,tables); all-tables(2: tokens:tables); gfg-tables(2: tokens:tables)","bar-height-tables","all-tables","gfg-tables","Brant Business Interiors","","","","","","","","",""
"9766928220473","hardfloor-casters","Hardfloor casters","https://admin.shopify.com/store/office-central-online/products/9766928220473","https://brantbusinessinteriors.com/products/hardfloor-casters","Brant Business Interiors","","oecm-eligible","active","1","39.99","39.99","https://cdn.shopify.com/s/files/1/0859/0413/0361/files/Hardfloor-Casters-Business-Interiors-16765588.png?v=1750128457","Merangue 2.5"" 64mm Twin Wheel Caster - 2.50"" Made for Hard Floor Surfaces Sold in 5's","2025-01-24","low","type-accessories(8: parts-match); accessories(8: parts-match); all-accessories(8: parts-match)","type-accessories","accessories","all-accessories","Brant Business Interiors","","","","","","","","",""
"9864578040121","indigenous-medicine-wheel-huddl","Indigenous medicine wheel huddl","https://admin.shopify.com/store/office-central-online/products/9864578040121","https://brantbusinessinteriors.com/products/indigenous-medicine-wheel-huddl","Brant Business Interiors","","oecm-eligible","active","1","6899.00","6899.00","https://cdn.shopify.com/s/files/1/0859/0413/0361/files/business-interiors-default-title-indigenous-medicine-wheel-huddl-42781828120889.png?v=1759098255","Graphic Medicine Wheel Huddl incorporates a unique graphic high pressure laminate design of the Medicine Wheel. Paired with ingeniously crafted soft seating in matching colours that nest neatly beneath the table, optimizing your floor space, it is designed for maximizing space and encouraging guided conversation about the Indigenous core values. Different Indigenous communities interpret the Medic","2025-05-07","low","type-accessories(8: parts-match); accessories(8: parts-match); all-accessories(8: parts-match)","type-accessories","accessories","all-accessories","Brant Business Interiors","","","","","","","","",""
"9746802016569","installation1000","Installation1000","https://admin.shopify.com/store/office-central-online/products/9746802016569","https://brantbusinessinteriors.com/products/installation1000","Brant Business Interiors","Services","bestseller, exclude:business-furniture","active","1","1000.00","1000.00","https://cdn.shopify.com/s/files/1/0859/0413/0361/files/Installation1000-Business-Interiors-16753220.png?v=1750125838","Professional delivery and installation, handled from start to finish. When furniture arrives at your facility, the real work begins — unboxing, assembly, placement, levelling, and debris removal. This installation service covers that entire process so your team can stay focused on running the office. Priced as a flat rate, it pairs with qualifying furniture orders from Brant Business Interiors and","2025-01-02","low","office-furniture(4: tokens:furniture,office); all-business-furniture(2: tokens:furniture); business-furniture(2: tokens:furniture)","office-furniture","all-business-furniture","business-furniture","Brant Business Interiors","","","","","","","","",""
"9100256477497","l-shaped-medium-pile-chair-mat-with-lip-66-x-60-2","L-shaped medium pile chair mat with lip — 66"" x 60""","https://admin.shopify.com/store/office-central-online/products/9100256477497","https://brantbusinessinteriors.com/products/l-shaped-medium-pile-chair-mat-with-lip-66-x-60-2","Brant Business Interiors","","oecm-eligible","active","1","219.99","219.99","https://cdn.shopify.com/s/files/1/0859/0413/0361/files/L-Shaped-Medium-Pile-Chair-Mat-With-Lip-66_-x-60_-Business-Interiors-16686261.jpg?v=1750111625","Category Carpet Chair Mats Manufacturer Deflecto, LLC Manufacturer Ref CM13083L Brand deflecto Item Code: DEFCM13083L Low carpet chair mat Easy-glide rolling surface provides smooth office chair movement Studded design keeps the mat from moving while protecting carpets from wear and spills Bevelled edge. Textured top surface is scuff-resistant Designed for L-configuration and corner workstations w","2024-02-24","low","chair-mats(4: tokens:chair,mats); room-private-office(2: tokens:office); medium-back-seating(2: tokens:medium)","chair-mats","room-private-office","medium-back-seating","Brant Business Interiors","","","","","","","","",""
"9469546103097","management-l-shaped-suite-66w-x-72d","Management ""l"" shaped suite - 66""w x 72""d — 72""","https://admin.shopify.com/store/office-central-online/products/9469546103097","https://brantbusinessinteriors.com/products/management-l-shaped-suite-66w-x-72d","Brant Business Interiors","","oecm-eligible","active","1","1649.99","1649.99","https://cdn.shopify.com/s/files/1/0859/0413/0361/files/MANAGEMENT-_L_-SHAPED-SUITE-66_W-X-72_D-Business-Interiors-16695763.png?v=1750113799","MANAGEMENT ""L"" SHAPED SUITE - 66""W X 72""D Newland - simple and modular components combining classic design, quality and value to support a wide range of workspace applications. From private offices, open plan, meeting and training spaces, Newland offers functional and practical desking solutions that will stand the test of time. Rectangular island and credenza with hutch and pedestal Thermally fus","2024-06-11","low","room-open-plan(4: tokens:open,plan); acoustic-solutions(2: tokens:solutions); all-quiet-spaces(2: tokens:spaces)","room-open-plan","acoustic-solutions","all-quiet-spaces","Brant Business Interiors","","","","","","","","",""
"9936909893945","mobile-machine-stand-with-shelf-on-wheels","Mobile machine stand with shelf on wheels","https://admin.shopify.com/store/office-central-online/products/9936909893945","https://brantbusinessinteriors.com/products/mobile-machine-stand-with-shelf-on-wheels","Brant Business Interiors","","oecm-eligible","active","1","899.99","899.99","https://cdn.shopify.com/s/files/1/0859/0413/0361/files/office-central-brant-business-interiors-default-title-mobile-machine-stand-with-shelf-on-wheels-43273086992697.png?v=1759098272","30.75"" Height x 28"" Width x 19.25"" Depth - Mahogany - Laminated Particleboard - Mahogany Generous countertop sized to fit most office machines 2 doors with elegant pull handles Concealed compartment with ample storage space Versatile open shelf can store frequently used items Easy mobility with 4 casters (2 locking) 4 week lead time Made in Canada","2025-07-28","low","type-accessories(8: parts-match); accessories(8: parts-match); all-accessories(8: parts-match)","type-accessories","accessories","all-accessories","Brant Business Interiors","","","","","","","","",""
"9778549653817","momentum-series-combos-keyboard-arm-premium-quality","Momentum series combos keyboard arm (premium quality)","https://admin.shopify.com/store/office-central-online/products/9778549653817","https://brantbusinessinteriors.com/products/momentum-series-combos-keyboard-arm-premium-quality","Brant Business Interiors","","oecm-eligible","active","1","563.99","563.99","https://cdn.shopify.com/s/files/1/0859/0413/0361/files/Momentum-Series-Combos-Keyboard-Arm-_Premium-Quality_-Business-Interiors-16775866.png?v=1750130355","Fully stores under desk These Convenience Combos combine our most popular trays with our #1 selling Momentum arm ADVANTAGES AND BENEFITS - The Momentum articulating keyboard arm incorporates dial knob technology for easy tilt adjustment from -20 degrees to 10 degrees, providing optimal comfort for a range of users. - The Momentum arm also features Lift-N-Lock technology for effortless height adjus","2025-02-05","low","keyboard-trays(4: tokens:keyboard,trays); desk-top-dividers(2: tokens:desk)","keyboard-trays","desk-top-dividers","","Brant Business Interiors","","","","","","","","",""
"9683089654073","pod-phone-booths","Pod phone booths","https://admin.shopify.com/store/office-central-online/products/9683089654073","https://brantbusinessinteriors.com/products/pod-phone-booths","Brant Business Interiors","","oecm-eligible","active","1","0.00","0.00","https://cdn.shopify.com/s/files/1/0859/0413/0361/files/POD-Phone-Booths-Business-Interiors-16716760.png?v=1750118036","POD (Privacy on Demand) is a family of products that are designed for occasional, short-duration privacy from the open plan. It supports technology and helps shape an environment where people want to work and where they feel comfortable and connected. POD’s freestanding design enables relocation and independence from building architecture, meeting company needs as they evolve.","2024-10-19","low","room-open-plan(4: tokens:open,plan); all-ergonomic(2: tokens:products); ergonomic-products(2: tokens:products)","room-open-plan","all-ergonomic","ergonomic-products","Brant Business Interiors","","","","","","","","",""
"9098369335609","polycarbonate-chairmat-for-hard-floors-hard-floor-60x-46-1","Polycarbonate chairmat for hard floors - hard floor — 60""x 46""","https://admin.shopify.com/store/office-central-online/products/9098369335609","https://brantbusinessinteriors.com/products/polycarbonate-chairmat-for-hard-floors-hard-floor-60x-46-1","Brant Business Interiors","","oecm-eligible","active","1","229.99","229.99","https://cdn.shopify.com/s/files/1/0859/0413/0361/files/Polycarbonate-Chairmat-for-Hard-Floors-Hard-Floor-60_x-46_-Business-Interiors-16684121.jpg?v=1750111162","Category Carpet Chair Mats Manufacturer Deflecto, LLC Manufacturer Ref CM21442FPC Brand deflecto Item Code : DEFCM21442FPC Transparent chairmat offers exceptional clarity and is extremely durable and resilient to protect floors from wear and tear. Ideal for Big and Tall users and heavy executive chairs. Environmentally friendly mat is designed for hard surfaces. Easy-glide top surface provides eff","2024-02-22","low","chair-mats(6: tokens:chair,floor,mats); big-heavy-seating(4: tokens:big,heavy); chairmat-accessories(2: tokens:chairmat)","chair-mats","big-heavy-seating","chairmat-accessories","Brant Business Interiors","","","","","","","","",""
"9764262936889","premium-plinth-cylinder-table-recessed-base-2","Premium plinth cylinder table, recessed base","https://admin.shopify.com/store/office-central-online/products/9764262936889","https://brantbusinessinteriors.com/products/premium-plinth-cylinder-table-recessed-base-2","Brant Business Interiors","","oecm-eligible","active","6","599.99","779.99","https://cdn.shopify.com/s/files/1/0859/0413/0361/files/Premium-Plinth-Cylinder-Table_-Recessed-Base-Business-Interiors-16764232.png?v=1750128170","High pressure laminate tables with adjustable plastic glides. Ideal for reception areas. Made in Canada","2025-01-20","low","height-adjustable-tables(4: tokens:adjustable,tables); all-tables(2: tokens:tables); gfg-tables(2: tokens:tables)","height-adjustable-tables","all-tables","gfg-tables","Brant Business Interiors","","","","","","","","",""
"9729492975929","rebound-armchair-upholstered-seat-r5apug","Rebound armchair, upholstered seat (r5apug) — R5APUG","https://admin.shopify.com/store/office-central-online/products/9729492975929","https://brantbusinessinteriors.com/products/rebound-armchair-upholstered-seat-r5apug","Brant Business Interiors","","oecm-eligible","active","1","389.99","389.99","https://cdn.shopify.com/s/files/1/0859/0413/0361/files/ReboundTM-Armchair_-Upholstered-Seat-_R5APUG_-Business-Interiors-16750552.jpg?v=1750125287","The patented flex back design follows your move. A versatile family of arm and armless models. 14 polypropylene colors with coordinating frame finishes. Upholstered seat cushion options in fabric, vinyl or leather. Chairs stack five high on the floor, 10 high on the dolly. Stools stack five high on the floor only. Chairs with glides are warranted to 400 lbs. active weight. Fully recyclable shell +","2024-12-12","low","stools-drafting-chairs(4: tokens:chairs,stools); type-chairs(2: tokens:chairs); task-chairs(2: tokens:chairs)","stools-drafting-chairs","type-chairs","task-chairs","Brant Business Interiors","","","","","","","","",""
"9103180366137","safe-digital-fire-water-file","Safe digital fire/water file","https://admin.shopify.com/store/office-central-online/products/9103180366137","https://brantbusinessinteriors.com/products/safe-digital-fire-water-file","Brant Business Interiors","","oecm-eligible","active","1","401.19","401.19","https://cdn.shopify.com/s/files/1/0859/0413/0361/files/Safe-Digital-Fire-Water-File-Business-Interiors-16687483.jpg?v=1750111891","Category Safes Manufacturer Sentry Group Manufacturer Ref FHW40300 Brand Sentry Safe Item Code : SENFHW40300NAFHRO Two built-in carrying handles for improved mobilityLow battery indicator ETL verified for water submersion to protect against flood up to 72 hours Specifications UNSPSC Code : 56101516 Manufacturer : Sentry Group","2024-02-25","low","fire-resistant-file-cabinets-safes(6: tokens:file,fire,safes); lateral-file-cabinets-storage(2: tokens:file); vertical-file-cabinets-storage(2: tokens:file)","fire-resistant-file-cabinets-safes","lateral-file-cabinets-storage","vertical-file-cabinets-storage","Brant Business Interiors","","","","","","","","",""
"9103180693817","safe-small-security-safe-with-electronic-lock-8-7-x-13-8-x-10-6-3","Safe small security safe with electronic lock — 8.7"" x 13.8"" x 10.6""","https://admin.shopify.com/store/office-central-online/products/9103180693817","https://brantbusinessinteriors.com/products/safe-small-security-safe-with-electronic-lock-8-7-x-13-8-x-10-6-3","Brant Business Interiors","","oecm-eligible","active","1","239.99","239.99","https://cdn.shopify.com/s/files/1/0859/0413/0361/files/Safe-Small-Security-Safe-with-Electronic-Lock-8.7_-x-13.8_-x-10.6_-Business-Interiors-16687538.jpg?v=1750111914","Category Safes Manufacturer Sentry Group Manufacturer Ref X055 Brand Sentry Safe Item Code: SENX055 Offers convenient storage system for your valuables Features key locking system Electronic Security Safe secures valuables, such as keepsakes, collectibles, heirlooms, jewelry from theft and other important items. Features electronic lock with override key and two live-locking bolts, carpeted floor,","2024-02-25","low","fire-resistant-safes-storage(4: tokens:safes,storage); all-storage(2: tokens:storage); gfg-storage(2: tokens:storage)","fire-resistant-safes-storage","all-storage","gfg-storage","Brant Business Interiors","","","","","","","","",""
"9837829685561","scoot-8945bl-lectern","Scoot 8945BL lectern","https://admin.shopify.com/store/office-central-online/products/9837829685561","https://brantbusinessinteriors.com/products/scoot-8945bl-lectern","Brant Business Interiors","","oecm-eligible","active","1","829.99","829.99","https://cdn.shopify.com/s/files/1/0859/0413/0361/files/business-interiors-default-title-scoot-8945bl-lectern-42613400731961.png?v=1759098225","he Scoot Presentation Cart is a multi-platform presentation cart that supports laptops, computers and projectors. It features a height-adjustable presentation shelf and a bottom shelf for storage. The cart is mobile on four casters (two locking) and a hole pattern design with silver leg accents make the presentation cart a great fit for conference, training or other presentation areas. Featuring a","2025-04-04","low","mobile-storage(4: tokens:mobile,storage); all-storage(2: tokens:storage); gfg-storage(2: tokens:storage)","mobile-storage","all-storage","gfg-storage","Brant Business Interiors","","","","","","","","",""
"9103328969017","security-safe-fire-resistant-50-5-x-26-5-1","Security safe fire resistant — 50.5"" x 26.5""","https://admin.shopify.com/store/office-central-online/products/9103328969017","https://brantbusinessinteriors.com/products/security-safe-fire-resistant-50-5-x-26-5-1","Brant Business Interiors","","oecm-eligible","active","1","3077.00","3077.00","https://cdn.shopify.com/s/files/1/0859/0413/0361/files/Security-Safe-Fire-Resistant-50.5_-x-26.5_-Business-Interiors-16689817.jpg?v=1750112437","Category Safes Manufacturer Gardex, Inc Manufacturer Ref GX-4-21 Brand Gardex Item Code: GDXGX421 Offers convenient storage system for your valuables Define your own sequence of characters on the combination lock for safe and secure accessibility Features adjustable shelf to accommodate your belongings of various size Constructed with a durable and long-lasting material, capable of withstanding fi","2024-02-25","low","fire-resistant-safes-storage(8: tokens:fire,resistant,safes,storage); all-storage(2: tokens:storage); gfg-storage(2: tokens:storage)","fire-resistant-safes-storage","all-storage","gfg-storage","Brant Business Interiors","","","","","","","","",""
"9685618884921","sidero-1","Sidero","https://admin.shopify.com/store/office-central-online/products/9685618884921","https://brantbusinessinteriors.com/products/sidero-1","Brant Business Interiors","","oecm-eligible","active","1","939.99","939.99","https://cdn.shopify.com/s/files/1/0859/0413/0361/files/SIDERO-Business-Interiors-16720999.png?v=1750118975","GC Sidero is a collection of contemporary multi-purpose stacking chairs with a sculpted look, featuring wide, curved arms, and a round tubular wallsaver steel frame. Compound curved back provides comfort and support in multiple seated positions. Rugged steel frame made from round welded steel tubing with a 7/8” dia. Wallsaver frame protects the wall from damage. Comfortable 2” high density and hig","2024-10-22","low","folding-stacking-chairs-carts(4: tokens:chairs,stacking); type-chairs(2: tokens:chairs); task-chairs(2: tokens:chairs)","folding-stacking-chairs-carts","type-chairs","task-chairs","Brant Business Interiors","","","","","","","","",""
"10043552071993","sonic-armchair-polypropylene-seat-back-6513","Sonic armchair, polypropylene seat & back (6513) — 6513","https://admin.shopify.com/store/office-central-online/products/10043552071993","https://brantbusinessinteriors.com/products/sonic-armchair-polypropylene-seat-back-6513","Brant Business Interiors","","oecm-eligible","active","1","199.99","199.99","https://cdn.shopify.com/s/files/1/0859/0413/0361/files/Screenshot2025-11-18180027.png?v=1767457390","Sonic is ideal for meeting rooms, office guest seating, food facilities, lecture halls, and just about anywhere. Dimensions: W23 x D21.5 x H33 IN.","2025-11-18","low","guest-seating(4: tokens:guest,seating); lecture-hall-seating(4: tokens:lecture,seating); medium-back-seating(4: tokens:back,seating)","guest-seating","lecture-hall-seating","medium-back-seating","Brant Business Interiors","","","","","","","","",""
"9945372459321","sonic-armchair-upholstered-seat-polypropylene-back-casters-6574","Sonic armchair, upholstered seat & polypropylene back, casters (6574) — 6574","https://admin.shopify.com/store/office-central-online/products/9945372459321","https://brantbusinessinteriors.com/products/sonic-armchair-upholstered-seat-polypropylene-back-casters-6574","Brant Business Interiors","","oecm-eligible","active","1","296.99","296.99","https://cdn.shopify.com/s/files/1/0859/0413/0361/files/office-central-brant-business-interiors-default-title-sonic-armchair-upholstered-seat-polypropylene-back-casters-6574-43337033679161.png?v=1759098301","Sonic™ Armchair, Upholstered Seat & Polypropylene Back, Casters (6574) Dimensions: W23 x D21.5 x H33 IN.","2025-08-07","low","type-accessories(8: parts-match); accessories(8: parts-match); all-accessories(8: parts-match)","type-accessories","accessories","all-accessories","Brant Business Interiors","","","","","","","","",""
"9683498795321","sonoma","Sonoma","https://admin.shopify.com/store/office-central-online/products/9683498795321","https://brantbusinessinteriors.com/products/sonoma","Brant Business Interiors","","oecm-eligible","active","1","0.00","0.00","https://cdn.shopify.com/s/files/1/0859/0413/0361/files/Sonoma-Business-Interiors-16718121.png?v=1750118395","Sonoma™ patient and resident room furniture was developed with the help of healthcare professionals, designers and patients to meet the evolving needs of people in care. Sonoma bedside cabinets support both caregivers and individuals with essential safety features, improved housekeeping and unparalleled durability. A range of models with different storage configurations suit both long-term and acu","2024-10-20","low","focus-rooms(4: tokens:furniture,room); all-business-furniture(2: tokens:furniture); business-furniture(2: tokens:furniture)","focus-rooms","all-business-furniture","business-furniture","Brant Business Interiors","","","","","","","","",""
"10017041875257","spritz-with-arms-and-castors-6765c","Spritz with arms and castors — 6765C","https://admin.shopify.com/store/office-central-online/products/10017041875257","https://brantbusinessinteriors.com/products/spritz-with-arms-and-castors-6765c","Brant Business Interiors","","oecm-eligible","active","1","385.99","385.99","https://cdn.shopify.com/s/files/1/0859/0413/0361/files/Screenshot2025-10-22122929.png?v=1767457393","Mobile and comfortable, Spritz keeps everyone engaged. The series extends itself with work chairs in two back heights and counter/transaction height stools. The translucent, elasticized mesh back is available in a range of colors that are easy to coordinate with any Global textile. Spritz offers an economical, versatile and highly durable choice for the workplace and learning environment. Task and","2025-10-22","low","stools-drafting-chairs(4: tokens:chairs,stools); type-chairs(2: tokens:chairs); global-teknion(2: tokens:global)","stools-drafting-chairs","type-chairs","global-teknion","Brant Business Interiors","","","","","","","","",""
"9693091201337","stream-armchair-polypropylene-seat-back-2075app-1","Stream armchair, polypropylene seat & back (2075app) — 2075APP","https://admin.shopify.com/store/office-central-online/products/9693091201337","https://brantbusinessinteriors.com/products/stream-armchair-polypropylene-seat-back-2075app-1","Brant Business Interiors","","oecm-eligible","active","1","298.99","298.99","https://cdn.shopify.com/s/files/1/0859/0413/0361/files/StreamTM-Armchair_-Polypropylene-Seat-_-Back-_2075APP_-Business-Interiors-16730065.png?v=1750120923","Note: To see this chair in your choice of colours, please contact furnorder@officecentral.com We are happy to ""Render"" a chair at no charge in your preferred choice of colours. Stream series multi-purpose product includes: four-legged models, sled base models, tablet models, stools and task seating. Four-legged chairs are standard with non-marking nylon bullet glides. Bullet glides can be specifie","2024-11-03","low","medium-back-seating(4: tokens:back,seating); stools-seating(4: tokens:seating,stools); all-seating(2: tokens:seating)","medium-back-seating","stools-seating","all-seating","Brant Business Interiors","","","","","","","","",""
"9748322746681","teknion-byward","Teknion ""byward""","https://admin.shopify.com/store/office-central-online/products/9748322746681","https://brantbusinessinteriors.com/products/teknion-byward","Teknion","","oecm-eligible","active","1","0.00","0.00","https://cdn.shopify.com/s/files/1/0859/0413/0361/files/Teknion-_Byward_-Business-Interiors-16756443.png?v=1750126527","Overview Offering a fresh approach to casegoods design, Byward™ is about doing more with less. Composed of ten core products, the collection combines streamlined design, dimensions and construction to cost-effectively meet essential needs. Byward provides a classic built-in look with flexibility to adjust over time. Lending a familiar residential look to the office, pieces are scaled to optimize s","2025-01-05","low","global-teknion(4: tokens:teknion); all-ergonomic(2: tokens:products); ergonomic-products(2: tokens:products)","global-teknion","all-ergonomic","ergonomic-products","Teknion","","","","","","","","",""
"9748319306041","teknion-chronicle","Teknion Chronicle","https://admin.shopify.com/store/office-central-online/products/9748319306041","https://brantbusinessinteriors.com/products/teknion-chronicle","Teknion","","oecm-eligible","active","1","0.00","0.00","https://cdn.shopify.com/s/files/1/0859/0413/0361/files/Teknion-Chronicle-Business-Interiors-16755628.png?v=1750126358","Chronicle, a unique combination of existing ideas, refines the expected casegood to be something more: modern, elevated, inviting. Designed in collaboration with Jess Sorel, Chronicle has an extensive selection of neutral finishes, which can be combined in one setting to create a unique and unexpected look. Elegant and thoughtful details on all touchpoints invites the user to engage with their wor","2025-01-05","low","global-teknion(4: tokens:teknion)","global-teknion","","","Teknion","","","","","","","","",""
"9748321435961","teknion-expansion","Teknion Expansion","https://admin.shopify.com/store/office-central-online/products/9748321435961","https://brantbusinessinteriors.com/products/teknion-expansion","Teknion","","oecm-eligible","active","1","0.00","0.00","https://cdn.shopify.com/s/files/1/0859/0413/0361/files/Teknion-Expansion-Business-Interiors-16755890.png?v=1750126399","Overview Features Expansion® Casegoods offers a distinctive line of price-competitive laminate casegoods furniture suited to a broad range of freestanding applications and diverse office plans. A uniform product platform simplifies planning while sustaining a consistent aesthetic throughout the office. Expansion Casegoods projects an image of quality at a competitive price. An extensive choice of ","2025-01-05","low","global-teknion(4: tokens:teknion); office-furniture(4: tokens:furniture,office); all-business-furniture(2: tokens:furniture)","global-teknion","office-furniture","all-business-furniture","Teknion","","","","","","","","",""
"9702146867513","untethered-go-further-go-anywhere-by-teknion","Teknion Untethered: go further, go anywhere by:","https://admin.shopify.com/store/office-central-online/products/9702146867513","https://brantbusinessinteriors.com/products/untethered-go-further-go-anywhere-by-teknion","Teknion","","oecm-eligible","active","1","0.00","0.00","https://cdn.shopify.com/s/files/1/0859/0413/0361/files/Untethered_-go-further_-go-anywhere-by_-Teknion-Business-Interiors-16735658.png?v=1750122139","Untethered is a product portfolio of mobile worktools equipped with battery packs to power your phone and laptop through an entire day. Like the ebike which gives you the power to go further and carry more, Untethered can extend your reach, your day, and your office. While pulling power from the active battery, the backup is being charged and ready to pick up when you need it. Cobalt-free and UL C","2024-11-12","low","global-teknion(4: tokens:teknion); room-private-office(2: tokens:office); mobile-pedestals(2: tokens:mobile)","global-teknion","room-private-office","mobile-pedestals","Teknion","","","","","","","","",""
"9747771719993","the-corby-collection","The corby collection","https://admin.shopify.com/store/office-central-online/products/9747771719993","https://brantbusinessinteriors.com/products/the-corby-collection","Brant Business Interiors","","oecm-eligible","active","1","0.00","0.00","https://cdn.shopify.com/s/files/1/0859/0413/0361/files/The-Corby-Collection-Business-Interiors-16754913.png?v=1750126207","Introducing the Corby collection of wood veneer and laminate desks, tables and storage elements. Christopher Wright has reflected on the mid-century modern vernacular to design a unique series of workplace furnishings that reward a new generation of pioneers and nation builders. Corby detailing is new century modern with a knife edge on table tops. Veneer tops are constructed from grade A veneers ","2025-01-04","low","height-adjustable-tables-desks(4: tokens:desks,tables); all-desks(2: tokens:desks); type-desks(2: tokens:desks)","height-adjustable-tables-desks","all-desks","type-desks","Brant Business Interiors","","","","","","","","",""
"9729485898041","the-twilight-armchair-wood-veneer-back-2198ws","The twilight armchair, wood veneer back (2198ws) — 2198WS","https://admin.shopify.com/store/office-central-online/products/9729485898041","https://brantbusinessinteriors.com/products/the-twilight-armchair-wood-veneer-back-2198ws","Brant Business Interiors","","oecm-eligible","active","1","329.99","329.99","https://cdn.shopify.com/s/files/1/0859/0413/0361/files/The-Twilight-Armchair_-Wood-Veneer-Back-_2198WS_-Business-Interiors-16750379.jpg?v=1750125225","Twilight™ Flared back design is available in wood or with an upholstered cushion, with or without arms. Contemporary solutions for environments that require mobile flexibility, whether used for meeting rooms, guest seating, or multi-purpose rooms. Upholstered seats are made from a high density Ultracell™ foam that provide exceptional comfort and support all day. Comet tables and connecting bracket","2024-12-12","low","guest-seating(4: tokens:guest,seating); medium-back-seating(4: tokens:back,seating); all-seating(2: tokens:seating)","guest-seating","medium-back-seating","all-seating","Brant Business Interiors","","","","","","","","",""
"9728150241593","tucana-elite-training-nesting-tables","Tucana elite training nesting tables","https://admin.shopify.com/store/office-central-online/products/9728150241593","https://brantbusinessinteriors.com/products/tucana-elite-training-nesting-tables","Brant Business Interiors","","oecm-eligible","active","3","489.99","529.99","https://cdn.shopify.com/s/files/1/0859/0413/0361/files/Tucana-Elite-Training-Nesting-Tables-Business-Interiors-16749210.png?v=1750124997","Features: Flip-up top for easy nesting storage - industry leading space save in nested position with only 4"" of space between nested units Removable, textured, modesty panel Smooth glide locking casters for easy movement and safe and secure storage Gang-able with optional TU-98B-TGH desktop connecting system Available in 3 sizes Available in 4 colours: Black Walnut (shown), Grey Dusk, Pure White, ","2024-12-11","low","training-flip-top-tables(8: tokens:flip,tables,top,training); all-storage(2: tokens:storage); gfg-storage(2: tokens:storage)","training-flip-top-tables","all-storage","gfg-storage","Brant Business Interiors","","","","","","","","",""
"9779950256441","vertical-fireproof-cabinets-2-3-4-drawer","Vertical fireproof cabinets (2, 3 & 4 drawer) — 4 drawer","https://admin.shopify.com/store/office-central-online/products/9779950256441","https://brantbusinessinteriors.com/products/vertical-fireproof-cabinets-2-3-4-drawer","Brant Business Interiors","","oecm-eligible","active","5","2099.99","3599.99","https://cdn.shopify.com/s/files/1/0859/0413/0361/files/Vertical-Fireproof-Cabinets-_2_-3-_-4-Drawer_-Business-Interiors-16776227.png?v=1750130447","Features - Vertical safe legal file cabinet - Legal file format - Key operated plunger lock system - Inside temperature stays at 177°C if ambient temp. is at 927°C - Content is protected even when another drawer is open - Pendaflex filing type hanging system - 3-arm SwayGard system allowing drawers to roll freely - Inside drawer space: 10½"" in height x 15"" in width x 26"" in depth - Rust resistant","2025-02-07","low","vertical-file-cabinets-storage(6: tokens:cabinets,file,vertical); fire-resistant-file-cabinets(4: tokens:cabinets,file); lateral-file-cabinets-storage(4: tokens:cabinets,file)","vertical-file-cabinets-storage","fire-resistant-file-cabinets","lateral-file-cabinets-storage","Brant Business Interiors","","","","","","","","",""
"9763504587065","wardrobe","Wardrobe","https://admin.shopify.com/store/office-central-online/products/9763504587065","https://brantbusinessinteriors.com/products/wardrobe","Brant Business Interiors","","oecm-eligible","active","1","699.99","699.99","https://cdn.shopify.com/s/files/1/0859/0413/0361/files/Wardrobe-Business-Interiors-16764159.png?v=1750128148","Wardrobe Storage Unit Size: 65"" High x 18"" Wide x 24"" Deep Left Hinged Assembly Required","2025-01-20","low","wardrobe-storage(4: tokens:storage,wardrobe); all-storage(2: tokens:storage); gfg-storage(2: tokens:storage)","wardrobe-storage","all-storage","gfg-storage","Brant Business Interiors","","","","","","","","",""
"10030448312633","white-board-magnetic-mobile-on-wheels","White board magnetic (mobile) on wheels","https://admin.shopify.com/store/office-central-online/products/10030448312633","https://brantbusinessinteriors.com/products/white-board-magnetic-mobile-on-wheels","Brant Business Interiors","","oecm-eligible","active","1","499.99","499.99","https://cdn.shopify.com/s/files/1/0859/0413/0361/files/Screenshot2025-11-05175452.png?v=1767457394","Features 35.6 x 43.4"" Magnetic Glass (Streak-free) Whiteboard (Side 1) & Tack-able Felt (Side 2) surface 34.2 x 3.2"" Storage tray 37.7 x 26.4"" Footprint mobile aluminum base with locking casters Each unit also includes: (1x) Magnetic Eraser Brush, (4x) Magnets, (4x) Clear Thumb-Tacks, and (3x) Dry Erase Markers (1-Red, 1-Black, 1-Blue) 1 week lead time","2025-11-05","low","type-accessories(8: parts-match); accessories(8: parts-match); all-accessories(8: parts-match)","type-accessories","accessories","all-accessories","Brant Business Interiors","","","","","","","","",""
"9776149299513","basics-comfort-time-drafting-stool-with-or-without-arms-1","Basics comfort-time drafting stool (with or without arms)","https://admin.shopify.com/store/office-central-online/products/9776149299513","https://brantbusinessinteriors.com/products/basics-comfort-time-drafting-stool-with-or-without-arms-1","Brant Business Interiors","","oecm-eligible","active","2","379.99","399.99","https://cdn.shopify.com/s/files/1/0859/0413/0361/files/Basicsr-Comfort-TimeTM-Drafting-Stool-_with-or-without-arms_-Business-Interiors-16774381.png?v=1750130009","• Pneumatic seat height adjustment • Adjustable foot ring • Hard floor casters • Fabric","2025-02-03","none","chair-mats(2: tokens:floor); drafting-tables(2: tokens:drafting); height-adjustable-tables(2: tokens:adjustable)","chair-mats","drafting-tables","height-adjustable-tables","Brant Business Interiors","","","","","","","","",""
"9682812207417","boulevard-system-3","Boulevard system 3","https://admin.shopify.com/store/office-central-online/products/9682812207417","https://brantbusinessinteriors.com/products/boulevard-system-3","Brant Business Interiors","","oecm-eligible","active","1","0.00","0.00","https://cdn.shopify.com/s/files/1/0859/0413/0361/files/Boulevard-System-3-Business-Interiors-16716253.png?v=1750117927","Boulevard System 3 Disregard Pricing","2024-10-18","none","no matches (tokens=boulevard,system)","","","","Brant Business Interiors","","","","","","","","",""
"9858778431801","cabinet-file-file-right-wardrobe-inv-6524cffwr-24","Cabinet / file / file / right wardrobe — INV-6524CFFWR-24","https://admin.shopify.com/store/office-central-online/products/9858778431801","https://brantbusinessinteriors.com/products/cabinet-file-file-right-wardrobe-inv-6524cffwr-24","Brant Business Interiors","","oecm-eligible","active","1","1299.99","1299.99","https://cdn.shopify.com/s/files/1/0859/0413/0361/files/business-interiors-default-title-cabinet-file-file-right-wardrobe-inv-6524cffwr-24-42749818831161.png?v=1759098239","Overview Cabinet / File / File / Right Wardrobe 23.75"" W x 23.75"" D x 64.5"" H 2 Adjustable shelves in upper cabinet Locking upper cabinet and file drawers Non-locking wardrobe Coat-rod and hat-shelf included in wardrobe Features Commercial grade quality with high density thermally fused laminate Select models are Made-in-Canada Durable matching 2mm edge banding Levelling glides are standard on all","2025-04-29","none","fire-resistant-file-cabinets(2: tokens:file); high-density-storage(2: tokens:density); laminate-bookcases(2: tokens:laminate)","fire-resistant-file-cabinets","high-density-storage","laminate-bookcases","Brant Business Interiors","","","","","","","","",""
"9665682669881","charging-station-with-a-clamp","Charging station with a clamp","https://admin.shopify.com/store/office-central-online/products/9665682669881","https://brantbusinessinteriors.com/products/charging-station-with-a-clamp","Brant Business Interiors","","oecm-eligible","active","2","259.99","269.99","https://cdn.shopify.com/s/files/1/0859/0413/0361/files/Charging-station-with-a-clamp-Business-Interiors-16699366.png?v=1750114614","This triple outlet power strip with a clamp and a USB port organizes your workspace. It is simple to install.","2024-09-27","none","power-modules-accessories(2: tokens:power)","power-modules-accessories","","","Brant Business Interiors","","","","","","","","",""
"10102505341241","coat-tree","Coat tree","https://admin.shopify.com/store/office-central-online/products/10102505341241","https://brantbusinessinteriors.com/products/coat-tree","Brant Business Interiors","","oecm-eligible","active","2","186.00","186.00","https://cdn.shopify.com/s/files/1/0859/0413/0361/files/Screenshot2026-01-22163015.png?v=1769117439","Coordinating coat trees come in three styles, all with stabilizing levelling glides.","2026-01-22","none","no matches (tokens=coat,come,coordinating,glides,levelling,stabilizing,styles,three,tree,trees)","","","","Brant Business Interiors","","","","","","","","",""
"10102429090105","corner-maker-12","Corner maker — 12","https://admin.shopify.com/store/office-central-online/products/10102429090105","https://brantbusinessinteriors.com/products/corner-maker-12","Brant Business Interiors","","oecm-eligible","active","1","175.99","175.99","https://cdn.shopify.com/s/files/1/0859/0413/0361/files/Screenshot2026-01-22120843.png?v=1769101736","Features Stamped steel construction Adjustable design fits 1"" - 2.25"" thick work surfaces 12"" wide design for minimum setback from work surface Track mounting capability allows attachment of keyboard Mounting hardware included Black powder paint finish NON Returnable item.","2026-01-22","none","height-adjustable-tables(2: tokens:adjustable); keyboard-trays(2: tokens:keyboard)","height-adjustable-tables","keyboard-trays","","Brant Business Interiors","","","","","","","","",""
"10102691627321","corner-maker-2-sizes","Corner maker — 2 sizes","https://admin.shopify.com/store/office-central-online/products/10102691627321","https://brantbusinessinteriors.com/products/corner-maker-2-sizes","Brant Business Interiors","","oecm-eligible","active","2","189.99","389.99","https://cdn.shopify.com/s/files/1/0859/0413/0361/files/Screenshot_2026-01-23_093929.png?v=1769179313","CornerShaper™ The single solution designed to turn vacant right angles into convenient useful workspaces. To enable easy selection, the Corner Shaper™ is available in three widths, 26” (660mm), 19½” (495mm) and 12” (304 mm) to fit all corners, and allows for the mounting of all EA keyboard arms in most corner applications. The unique design is also available in two depth sizes expandable to fit an","2026-01-23","none","keyboard-trays(2: tokens:keyboard); monitor-arms(2: tokens:arms)","keyboard-trays","monitor-arms","","Brant Business Interiors","","","","","","","","",""
"9682813813049","diet","Diet","https://admin.shopify.com/store/office-central-online/products/9682813813049","https://brantbusinessinteriors.com/products/diet","Brant Business Interiors","","exclude:business-furniture","active","1","0.00","0.00","https://cdn.shopify.com/s/files/1/0859/0413/0361/files/Diet-Business-Interiors-16716387.png?v=1750117949","Diet Create any size, any colour Made in Canada Disregard Pricing.","2024-10-18","none","no matches (tokens=canada,create,diet,made)","","","","Brant Business Interiors","","","","","","","","",""
"9852995436857","display-shelving","Display shelving","https://admin.shopify.com/store/office-central-online/products/9852995436857","https://brantbusinessinteriors.com/products/display-shelving","Brant Business Interiors","","oecm-eligible","active","1","1969.99","1969.99","https://cdn.shopify.com/s/files/1/0859/0413/0361/files/business-interiors-default-title-display-shelving-42713566839097.png?v=1759098233","Custom Display Rack Shown Size: 30”W x 16.5”D x 48”H This unit can be made any size to fit your available space. Several colour options. Lead Time: 4-6 Weeks. Made in Canada.","2025-04-22","none","no matches (tokens=canada,custom,display,fit,lead,made,rack,several,shelving,shown,space,time,unit,)","","","","Brant Business Interiors","","","","","","","","",""
"9666436006201","easy-pull-in-out-keyboard-tray","Easy pull in & out keyboard tray","https://admin.shopify.com/store/office-central-online/products/9666436006201","https://brantbusinessinteriors.com/products/easy-pull-in-out-keyboard-tray","Brant Business Interiors","","oecm-eligible","active","1","145.99","145.99","https://cdn.shopify.com/s/files/1/0859/0413/0361/files/Easy-Pull-in-_-Out-Keyboard-Tray-Business-Interiors-16701434.png?v=1750115077","Large 28"" keyboard and mouse surface Low profile platform maximizes knee clearance Wrist rest included for extra comfort","2024-09-28","none","keyboard-trays(2: tokens:keyboard)","keyboard-trays","","","Brant Business Interiors","","","","","","","","",""
"9828101783865","ganging-plates-for-terina-tables-gfcngfp","Ganging plates for terina tables gfcngfp","https://admin.shopify.com/store/office-central-online/products/9828101783865","https://brantbusinessinteriors.com/products/ganging-plates-for-terina-tables-gfcngfp","Brant Business Interiors","","oecm-eligible","active","1","25.00","25.00","https://cdn.shopify.com/s/files/1/0859/0413/0361/files/Ganging-Plates-for-Terina-Tables-GFCNGFP-Business-Interiors-16791067.png?v=1750133492","May only be used with Terina Tables","2025-03-24","none","all-tables(2: tokens:tables); gfg-tables(2: tokens:tables); heartwood-tables(2: tokens:tables)","all-tables","gfg-tables","heartwood-tables","Brant Business Interiors","","","","","","","","",""
"10085789335865","grommet-hole-cover","Grommet hole & cover","https://admin.shopify.com/store/office-central-online/products/10085789335865","https://brantbusinessinteriors.com/products/grommet-hole-cover","Brant Business Interiors","","oecm-eligible","active","4","125.00","175.00","https://cdn.shopify.com/s/files/1/0859/0413/0361/files/Screenshot_2025-12-30_155438.png?v=1767128300","2"" Plastic Cover For Local locations only Includes onsite cutting Hole Size: 2"" Cover Size: 1.76""","2025-12-30","none","no matches (tokens=cover,cutting,grommet,hole,includes,local,locations,only,onsite,plastic)","","","","Brant Business Interiors","","","","","","","","",""
"9817158025529","halifax-typical-9","Halifax typical 9","https://admin.shopify.com/store/office-central-online/products/9817158025529","https://brantbusinessinteriors.com/products/halifax-typical-9","Brant Business Interiors","","oecm-eligible","active","1","8999.99","8999.99","https://cdn.shopify.com/s/files/1/0859/0413/0361/files/The-Halifax-Collection-Business-Interiors-16786845.png?v=1750132762","Built for the every day, evolving office, this desking and tables line is warm, inviting and balanced, with touches of industrial flair throughout. Many colour options. Total Size: 12' x 6.1"" Each station 72""x 72""6 Made in Canada Lead Time: 4 Weeks","2025-03-09","none","all-tables(2: tokens:tables); gfg-tables(2: tokens:tables); heartwood-tables(2: tokens:tables)","all-tables","gfg-tables","heartwood-tables","Brant Business Interiors","","","","","","","","",""
"9903963603257","hutch-with-doors","Hutch with doors (assembled)","https://admin.shopify.com/store/office-central-online/products/9903963603257","https://brantbusinessinteriors.com/products/hutch-with-doors","Brant Business Interiors","","oecm-eligible","active","8","339.99","779.00","https://cdn.shopify.com/s/files/1/0859/0413/0361/files/office-central-brant-business-interiors-36-wide-hutch-with-doors-assembled-43027203719481.png?v=1759098304","Available in several Sizes and Colours Made in Canada","2025-06-24","none","no matches (tokens=assembled,canada,doors,hutch,made,several)","","","","Brant Business Interiors","","","","","","","","",""
"9795588981049","hutch-5-sizes","Hutch — 5 sizes","https://admin.shopify.com/store/office-central-online/products/9795588981049","https://brantbusinessinteriors.com/products/hutch-5-sizes","Brant Business Interiors","","oecm-eligible","active","5","0.00","499.99","https://cdn.shopify.com/s/files/1/0859/0413/0361/files/Hutch-5-Sizes-Business-Interiors-16783696.png?v=1750132092","Hutches pre-drilled for optional hutch doors Available in 8 laminate wood colours Requires Assembly","2025-02-24","none","laminate-bookcases(2: tokens:laminate)","laminate-bookcases","","","Brant Business Interiors","","","","","","","","",""
"9666389967161","ibex-mesh-seat-back-drafting-chair-stool-1","Ibex | mesh seat & back drafting chair stool","https://admin.shopify.com/store/office-central-online/products/9666389967161","https://brantbusinessinteriors.com/products/ibex-mesh-seat-back-drafting-chair-stool-1","Global Furniture Group","","oecm-eligible","active","1","549.99","549.99","https://cdn.shopify.com/s/files/1/0859/0413/0361/files/Ibex-_-Mesh-Seat-_-Back-Drafting-Chair-Stool-Business-Interiors-16700584.png?v=1750114881","Ibex | Mesh Seat & Back Drafting Chair Elevate your office experience with Ibex chair, meticulously designed to provide unparalleled support and style. Unlock your full potential with an office chair that cares for your health and boosts your performance. Ibex chair caters to your unique needs, ensuring you stay focused and comfortable throughout your workday. Task mechanism Air-flow mesh seat and","2024-09-28","none","room-private-office(2: tokens:office); chair-mats(2: tokens:chair); medium-back-seating(2: tokens:back)","room-private-office","chair-mats","medium-back-seating","Global Furniture Group","","","","","","","","",""
"10102435873081","i-pad-holders","Ipad holders","https://admin.shopify.com/store/office-central-online/products/10102435873081","https://brantbusinessinteriors.com/products/i-pad-holders","Brant Business Interiors","","oecm-eligible","active","4","149.99","249.99","https://cdn.shopify.com/s/files/1/0859/0413/0361/files/Screenshot2026-01-22121649.png?v=1769102481","Anti-Theft, floor mounted enclosure/stand for iPad tablet Features Lock and key secured case for tablet Home button accessible 90 degree rotation and 75 degree tilt adjustable Interior cable management channel Steel base with mounting holes for bolt down (fixed) application. Floor bolts not included Ideal for use in education, health-care, corporate, retail and point of sale environments Height - ","2026-01-22","none","air-quality-management(2: tokens:management); chair-mats(2: tokens:floor); desk-top-sit-stand(2: tokens:stand)","air-quality-management","chair-mats","desk-top-sit-stand","Brant Business Interiors","","","","","","","","",""
"9827425616185","kensington-universal-charge-sync-tablet-cabinet","Kensington universal charge/sync tablet cabinet","https://admin.shopify.com/store/office-central-online/products/9827425616185","https://brantbusinessinteriors.com/products/kensington-universal-charge-sync-tablet-cabinet","Kensington","","brand:kensington, oecm-eligible","active","1","978.00","978.00","https://cdn.shopify.com/s/files/1/0859/0413/0361/files/Kensington-Universal-Charge-Sync-Tablet-Cabinet-Business-Interiors-16790862.jpg?v=1750133450","Charge and sync cabinet features a 10-port design that securely stores, charges and syncs your tablets so they're powered up and ready to go in the morning. Adjustable drawers offer plenty of space to store your tablets without having to remove them from their case. A tamper-resistant, retracting front door offers reliable security with customized key access. Use either the mounting plate or cable","2025-03-23","none","fire-resistant-file-cabinets(2: tokens:resistant); pedestal-drawers-storage(2: tokens:drawers)","fire-resistant-file-cabinets","pedestal-drawers-storage","","Kensington","","","","","","","","",""
"9666434138425","keyboard-tray-multi-adjustable","Keyboard tray multi adjustable","https://admin.shopify.com/store/office-central-online/products/9666434138425","https://brantbusinessinteriors.com/products/keyboard-tray-multi-adjustable","Brant Business Interiors","","oecm-eligible","active","1","419.99","419.99","https://cdn.shopify.com/s/files/1/0859/0413/0361/files/Keyboard-Tray-Multi-Adjustable-Business-Interiors-16701065.png?v=1750114990","Features Legato Arm Mechanism lift n’ lockTM “leverless” height adjustment 8.88” height adjustment range of 2.38” above and 6.5” below worksurface innovative dial tilt makes angle adjustment quick and easy - angle adjustment +100 to -200 tilt and height indicator displays present keyboard position cable management system low profile arm mechanism and tray head give the arm a sleek, thin design and","2024-09-28","none","height-adjustable-tables(2: tokens:adjustable); keyboard-trays(2: tokens:keyboard)","height-adjustable-tables","keyboard-trays","","Brant Business Interiors","","","","","","","","",""
"9666433876281","keyboard-tray-multi-position","Keyboard tray multi position","https://admin.shopify.com/store/office-central-online/products/9666433876281","https://brantbusinessinteriors.com/products/keyboard-tray-multi-position","Brant Business Interiors","","oecm-eligible","active","1","399.99","399.99","https://cdn.shopify.com/s/files/1/0859/0413/0361/files/Keyboard-Tray-Multi-Position-Business-Interiors-16700972.png?v=1750114968","Features Legato Arm Mechanism lift n’ lock TM “leverless” height adjustment 8.88” height adjustment range of 2.38” above and 6.5” below worksurface innovative dial tilt makes angle adjustment quick and easy - angle adjustment +100 to -200 tilt and height indicator displays present keyboard position cable management system low profile arm mechanism and tray head give the arm a sleek, thin design an","2024-09-28","none","keyboard-trays(2: tokens:keyboard)","keyboard-trays","","","Brant Business Interiors","","","","","","","","",""
"9960567046457","keys-2-set","Keys 2/set","https://admin.shopify.com/store/office-central-online/products/9960567046457","https://brantbusinessinteriors.com/products/keys-2-set","Brant Business Interiors","","oecm-eligible","active","1","25.00","25.00","https://cdn.shopify.com/s/files/1/0859/0413/0361/files/office-central-brant-business-interiors-default-title-keys-2-set-43409638228281.png?v=1759098309","Keys for Global Cabinets Custom order: Non Returnable Key Shape may differ","2025-08-20","none","global-teknion(2: tokens:global); gfg-desks(2: tokens:global); fire-resistant-file-cabinets(2: tokens:cabinets)","global-teknion","gfg-desks","fire-resistant-file-cabinets","Brant Business Interiors","","","","","","","","",""
"9693069377849","lectern-podium","Lectern podium","https://admin.shopify.com/store/office-central-online/products/9693069377849","https://brantbusinessinteriors.com/products/lectern-podium","Brant Business Interiors","","oecm-eligible","active","1","699.99","699.99","https://cdn.shopify.com/s/files/1/0859/0413/0361/files/Lectern-Podium-Business-Interiors-16728073.png?v=1750120475","Mobile Lectern Dimensions: W24 x D18 x H44.3 IN. Available in many colours. 4 Week Lead Time","2024-11-03","none","mobile-pedestals(2: tokens:mobile)","mobile-pedestals","","","Brant Business Interiors","","","","","","","","",""
"9692198633785","lockerettes-6-tier-bank-of-3-36-x-18-x-72-steel-grey-rivet-assembled","Lockerettes, 6 -tier, bank of 3, 36"" x 18"" x 72"", steel, grey, rivet (assembled) — 36"" x 18"" x 72""","https://admin.shopify.com/store/office-central-online/products/9692198633785","https://brantbusinessinteriors.com/products/lockerettes-6-tier-bank-of-3-36-x-18-x-72-steel-grey-rivet-assembled","Brant Business Interiors","","oecm-eligible","active","1","1799.99","1799.99","https://cdn.shopify.com/s/files/1/0859/0413/0361/files/Lockerettes_-6-tier_-Bank-of-3_-36_-x-18_-x-72_-Steel_-Grey_-Rivet-_Assembled_-Business-Interiors-16727673.png?v=1750120381","Clean Line™ Lockerettes, 6 -tier, Bank of 2, 24"" x 18"" x 72"", Steel, Grey, Rivet (Assembled) Description Prime grade cold rolled steel locker All welded frame and door Riveted body Frames are resistance welded on all four corners to form a rigid structure Double pan construction doors Coated in environmentally friendly polyester epoxy powder paint Aluminum recessed padlock handle Ventilated doors ","2024-11-01","none","no matches (tokens=assembled,bank,body,clean,coated,cold,construction,corners,door,doors,envi,form,)","","","","Brant Business Interiors","","","","","","","","",""
"9874945835321","metal-round-metal-base","Metal round metal base","https://admin.shopify.com/store/office-central-online/products/9874945835321","https://brantbusinessinteriors.com/products/metal-round-metal-base","Brant Business Interiors","","oecm-eligible","active","6","299.99","369.99","https://cdn.shopify.com/s/files/1/0859/0413/0361/files/business-interiors-silver-27-desk-height-metal-round-metal-base-42862837891385.png?v=1759098245","Features Heavy-duty, Low-profile adjustable glides Perfect for lunchrooms and cafeterias Black (BL) or Silver (SL) powder coat finish 3 Base Height available (not including top) Ships in two cartons","2025-05-20","none","big-heavy-seating(2: tokens:heavy); desk-top-dividers(2: tokens:top); height-adjustable-tables(2: tokens:adjustable)","big-heavy-seating","desk-top-dividers","height-adjustable-tables","Brant Business Interiors","","","","","","","","",""
"9874949079353","metal-square-metal-base","Metal square metal base","https://admin.shopify.com/store/office-central-online/products/9874949079353","https://brantbusinessinteriors.com/products/metal-square-metal-base","Brant Business Interiors","","oecm-eligible","active","9","299.99","369.99","https://cdn.shopify.com/s/files/1/0859/0413/0361/files/business-interiors-silver-27-desk-height-metal-square-metal-base-42862859714873.png?v=1759098254","Features Heavy-duty, Low-profile adjustable glides Perfect for lunchrooms and cafeterias Black (BL), White or Silver (SL) powder coat finish 3 Base Height available (not including top) Ships in two cartons","2025-05-20","none","big-heavy-seating(2: tokens:heavy); desk-top-dividers(2: tokens:top); height-adjustable-tables(2: tokens:adjustable)","big-heavy-seating","desk-top-dividers","height-adjustable-tables","Brant Business Interiors","","","","","","","","",""
"9842388468025","power-plant-500222pp90-daisychaining","Power plant 500222PP90 daisychaining","https://admin.shopify.com/store/office-central-online/products/9842388468025","https://brantbusinessinteriors.com/products/power-plant-500222pp90-daisychaining","Brant Business Interiors","","oecm-eligible","active","2","149.99","149.99","https://cdn.shopify.com/s/files/1/0859/0413/0361/files/business-interiors-black-power-plant-500222pp90-daisychaining-42646820979001.png?v=1759098312","9' SJT #14 cord 90° plug Input: 110 V 12 A USB output: 5 V 2.4 A charging only Aluminum construction Wire distance between the socket box and the adjustable box is 18"" SJT #14 cord Ideal for groupings of workstations","2025-04-10","none","all-desks(2: tokens:workstations); desks(2: tokens:workstations); gfg-desks(2: tokens:workstations)","all-desks","desks","gfg-desks","Brant Business Interiors","","","","","","","","",""
"9702669975865","ranger-steel-4-post-table-42-w-x-30-d","Ranger steel 4-post table 42”w x 30”d","https://admin.shopify.com/store/office-central-online/products/9702669975865","https://brantbusinessinteriors.com/products/ranger-steel-4-post-table-42-w-x-30-d","Brant Business Interiors","","oecm-eligible","active","1","3987.00","3987.00","https://cdn.shopify.com/s/files/1/0859/0413/0361/files/Ranger-Steel-4-Post-Table-42_W-x-30_D-Business-Interiors-16736137.png?v=1750122248","able if you’d like to use it as a pencil ledge. The simple, durable drafting table is reinforced by a steel powdercoat frame and has a 1”-thick drawing board with steel end cleats. What’s more, it’s made in the USA. So you can be sure this desk will withstand the rigors of even the most demanding environments. Modern, durable drafting desk that's made in the USA. Available in custom paint and lami","2024-11-12","none","desk-top-dividers(2: tokens:desk); drafting-tables(2: tokens:drafting); end-tables-tables(2: tokens:end)","desk-top-dividers","drafting-tables","end-tables-tables","Brant Business Interiors","","","","","","","","",""
"9702670467385","ranger-steel-4-post-table-42-w-x-30-d-with-drawer-safco","Ranger steel 4-post table 42”w x 30”d with drawer safco","https://admin.shopify.com/store/office-central-online/products/9702670467385","https://brantbusinessinteriors.com/products/ranger-steel-4-post-table-42-w-x-30-d-with-drawer-safco","Safco","","brand:safco, oecm-eligible","active","1","4299.99","4299.99","https://cdn.shopify.com/s/files/1/0859/0413/0361/files/Ranger-Steel-4-Post-Table-42_W-x-30_D-with-Drawer-SAFCO-Business-Interiors-16736212.png?v=1750122269","ible if you’d like to use it as a pencil ledge. The simple, durable drafting table is reinforced by a steel powder coat frame and has a 1”-thick drawing board with steel end cleats. What’s more, it’s made in the USA. So you can be sure this desk will withstand the rigors of even the most demanding environments. Modern, durable drafting desk that's made in the USA. Available in custom paint and lam","2024-11-12","none","desk-top-dividers(2: tokens:desk); drafting-tables(2: tokens:drafting); end-tables-tables(2: tokens:end)","desk-top-dividers","drafting-tables","end-tables-tables","Safco","","","","","","","","",""
"9693093790009","rebound-armchair-polypropylene-seat-1","Rebound armchair, polypropylene seat","https://admin.shopify.com/store/office-central-online/products/9693093790009","https://brantbusinessinteriors.com/products/rebound-armchair-polypropylene-seat-1","Brant Business Interiors","","oecm-eligible","active","1","359.99","359.99","https://cdn.shopify.com/s/files/1/0859/0413/0361/files/ReboundTM-Armchair_-Polypropylene-Seat-Business-Interiors-16730565.jpg?v=1750121011","Note: To see this chair in your choice of colours, please contact furnorder@officecentral.com We are happy to ""Render"" a chair at no charge in your preferred choice of colours. The patented flex back design follows your move. A versatile family of arm and armless models. 14 polypropylene colors with coordinating frame finishes. Upholstered seat cushion options in fabric, vinyl or leather. Stacks f","2024-11-03","none","chair-mats(2: tokens:chair); medium-back-seating(2: tokens:back); folding-chair-chair(1: tokens:chair)","chair-mats","medium-back-seating","folding-chair-chair","Brant Business Interiors","","","","","","","","",""
"9676931498297","recycled-plastic-picnic-tables","Recycled plastic picnic tables","https://admin.shopify.com/store/office-central-online/products/9676931498297","https://brantbusinessinteriors.com/products/recycled-plastic-picnic-tables","Brant Business Interiors","","oecm-eligible","active","1","2655.00","2655.00","https://cdn.shopify.com/s/files/1/0859/0413/0361/files/Recycled-Plastic-Picnic-Tables-Business-Interiors-16714148.png?v=1750117475","Description 100% recycled plastic Guaranteed not to rust or crack, eliminating the need for component replacement Mold-in colour feature means no painting is ever required Impervious to graffiti, dirt and vandal carvings Paint and magic marker can be removed with either soap and water or a commercial solvent Ideal for parks, downtown areas and outdoor eating facilities Available in brown or grey 6","2024-10-11","none","all-tables(2: tokens:tables); gfg-tables(2: tokens:tables); heartwood-tables(2: tokens:tables)","all-tables","gfg-tables","heartwood-tables","Brant Business Interiors","","","","","","","","",""
"9693074391353","scoot-multi-purpose-lectern-8922bl-1","Scoot multi-purpose lectern — 8922BL","https://admin.shopify.com/store/office-central-online/products/9693074391353","https://brantbusinessinteriors.com/products/scoot-multi-purpose-lectern-8922bl-1","Brant Business Interiors","","oecm-eligible","active","1","847.00","847.00","https://cdn.shopify.com/s/files/1/0859/0413/0361/files/ScootTM-Multi-Purpose-Lectern-8922BL-Business-Interiors-16728665.png?v=1750120632","The Scoot™ Multi-Purpose Lectern is a workspace podium featuring a fold down platform for easier user visibility. The shelves adjust in 1"" increments and fit within an enclosed, large open storage area underneath presentation surface. Two swivel cup holders and a hole pattern design with silver leg accents make the lectern a great fit for conference, training or other presentation areas. Featuring","2024-11-03","none","all-storage(2: tokens:storage); gfg-storage(2: tokens:storage); heartwood-storage(2: tokens:storage)","all-storage","gfg-storage","heartwood-storage","Brant Business Interiors","","","","","","","","",""
"9103329820985","security-safe-39-x-26-5-x-26-5-1","Security safe — 39"" x 26.5"" x 26.5""","https://admin.shopify.com/store/office-central-online/products/9103329820985","https://brantbusinessinteriors.com/products/security-safe-39-x-26-5-x-26-5-1","Brant Business Interiors","","oecm-eligible","active","1","2548.00","2548.00","https://cdn.shopify.com/s/files/1/0859/0413/0361/files/Security-Safe-39_-x-26.5_-x-26.5_-Business-Interiors-16689922.jpg?v=1750112459","Category Safes Manufacturer Gardex, Inc Manufacturer Ref GX-3-21 Brand Gardex Item Code: GDXGX321 Be it a confidential document or other valuables, preserve them in ultimate protection No need to distribute the security safe's key to every person requiring access, just share the character sequence to access it Features adjustable shelf to accommodate your belongings of various size Constructed wit","2024-02-25","none","chair-mats(2: tokens:protection); fire-resistant-file-cabinets-safes(2: tokens:safes); multi-person-workstations(2: tokens:person)","chair-mats","fire-resistant-file-cabinets-safes","multi-person-workstations","Brant Business Interiors","","","","","","","","",""
"9754654933305","shoptech-082","Shoptech — 082","https://admin.shopify.com/store/office-central-online/products/9754654933305","https://brantbusinessinteriors.com/products/shoptech-082","Brant Business Interiors","","oecm-eligible","active","1","345.00","345.00","https://cdn.shopify.com/s/files/1/0859/0413/0361/files/Shoptech-082-Business-Interiors-16762077.png?v=1750127725","Features Seat covered in hardwearing vinyl upholstery Black steel heavy duty frame with footring Non slip glides Wipe down stool Seat height: 33"" Seat width: 14"" Seat depth: 14"" Back height: N/A"" Weight: 18 lbs Cube: 8","2025-01-10","none","big-heavy-seating(2: tokens:heavy); medium-back-seating(2: tokens:back)","big-heavy-seating","medium-back-seating","","Brant Business Interiors","","","","","","","","",""
"9754651525433","shoptech-099rx","Shoptech — 099RX","https://admin.shopify.com/store/office-central-online/products/9754651525433","https://brantbusinessinteriors.com/products/shoptech-099rx","Brant Business Interiors","","oecm-eligible","active","1","799.99","799.99","https://cdn.shopify.com/s/files/1/0859/0413/0361/files/Shoptech-099RX-Business-Interiors-16761629.png?v=1750127638","Features Clean Room Class 100 Seating designed for this application is highly cleanable and meets a more intensive standard for environmental contamination. Cushions are polyurethane or vinyl upholstered with vinyl covered seat bottoms and integrated filters. Polished aluminum bases are standard. Applications include pharmaceutical, biomedical, health care, microelectronic, etc. Air quality is rou","2025-01-10","none","all-seating(2: tokens:seating); gfg-chairs(2: tokens:seating); type-lounge(2: tokens:seating)","all-seating","gfg-chairs","type-lounge","Brant Business Interiors","","","","","","","","",""
"9754654245177","shoptech-2410","Shoptech — 2410","https://admin.shopify.com/store/office-central-online/products/9754654245177","https://brantbusinessinteriors.com/products/shoptech-2410","Brant Business Interiors","","oecm-eligible","active","1","579.00","579.00","https://cdn.shopify.com/s/files/1/0859/0413/0361/files/Shoptech-2410-Business-Interiors-16761932.png?v=1750127703","Features Pneumatic seat height adjustment Injection molded polyurethane seat and backrest cushions Height and depth adjustable backrest Heavy duty, steel step base with low profile glides Wipe down Seat height: 27 - 32"" Seat width: 17"" Seat depth: 18"" Back height: 12"" Weight: 37 lbs","2025-01-10","none","big-heavy-seating(2: tokens:heavy); height-adjustable-tables(2: tokens:adjustable); medium-back-seating(2: tokens:back)","big-heavy-seating","height-adjustable-tables","medium-back-seating","Brant Business Interiors","","","","","","","","",""
"9667868524857","soft-pods","Soft pods","https://admin.shopify.com/store/office-central-online/products/9667868524857","https://brantbusinessinteriors.com/products/soft-pods","Brant Business Interiors","","oecm-eligible","active","3","2095.00","3412.00","https://cdn.shopify.com/s/files/1/0859/0413/0361/files/Soft-Pods-Business-Interiors-16709651.png?v=1750116514","The all NEW SOFTPOD Please contact our Furniture Dept for more information. furnorders@officecentral.com","2024-09-30","none","all-business-furniture(2: tokens:furniture); business-furniture(2: tokens:furniture); podiums-av-furniture(2: tokens:furniture)","all-business-furniture","business-furniture","podiums-av-furniture","Brant Business Interiors","","","","","","","","",""
"10046412554553","solid-steel-shelving-starter-set","Solid steel shelving, starter set","https://admin.shopify.com/store/office-central-online/products/10046412554553","https://brantbusinessinteriors.com/products/solid-steel-shelving-starter-set","Brant Business Interiors","","oecm-eligible","active","4","0.00","0.00","(no image)","These rugged and dependable T-Bolt™ shelving units deliver real supporting strength for all types of storage uses. Quality shelving for heavy-duty storage solutions. Offset angle post support heavy loads and accommodate compression clips. Bolt-Type assembly for permanent and secure placement. Sturdy formed shelf is made from cold rolled steel and has ""Triple Bends"" on all four sides for incomparab","2025-11-21","none","acoustic-solutions(2: tokens:solutions); all-storage(2: tokens:storage); gfg-storage(2: tokens:storage)","acoustic-solutions","all-storage","gfg-storage","Brant Business Interiors","","","","","","","","",""
"9723869462841","sphere-power","Sphere power","https://admin.shopify.com/store/office-central-online/products/9723869462841","https://brantbusinessinteriors.com/products/sphere-power","Brant Business Interiors","","oecm-eligible","active","3","150.00","150.00","https://cdn.shopify.com/s/files/1/0859/0413/0361/files/SPHERE-Power-Business-Interiors-16743425.png?v=1750123784","Two half-spheres SPHERE, as the name suggests, has a spherical design; conveniently, it can be connected from any angle. It comes with two 72"" (6') power cable and is available in four ports - 4 electrical ports (included on the module)","2024-12-06","none","power-modules-accessories(2: tokens:power)","power-modules-accessories","","","Brant Business Interiors","","","","","","","","",""
"9968549429561","temptations-office-suite","Temptations office suite","https://admin.shopify.com/store/office-central-online/products/9968549429561","https://brantbusinessinteriors.com/products/temptations-office-suite","Brant Business Interiors","","oecm-eligible","active","1","4299.99","4299.99","https://cdn.shopify.com/s/files/1/0859/0413/0361/files/iof-default-title-temptations-office-suite-43464172732729.png?v=1759098301","This suite offers style and functionality Available in many colours, Temptations is available in many sizes, made to order. Dimensions: Back Wall 120"" x 76"" High / Table Desk 72"" x 30"" Made in Canada Lead Time: 4-6 Weeks","2025-08-29","none","room-private-office(2: tokens:office); desk-top-dividers(2: tokens:desk); medium-back-seating(2: tokens:back)","room-private-office","desk-top-dividers","medium-back-seating","Brant Business Interiors","","","","","","","","",""
"9968549888313","temptations-office-suite-copy","The corporate office suite","https://admin.shopify.com/store/office-central-online/products/9968549888313","https://brantbusinessinteriors.com/products/temptations-office-suite-copy","Brant Business Interiors","","oecm-eligible","active","1","5499.99","5499.99","https://cdn.shopify.com/s/files/1/0859/0413/0361/files/iof-default-title-the-corporate-office-suite-43464249049401.png?v=1759098308","This suite offers style and functionality Available in many colours, The Corporate"" is available in many sizes, made to order. Dimensions: Back Wall 86"" wide x 72"" High / Desk 132"" x 24"" Made in Canada Lead Time: 4-6 Weeks","2025-08-29","none","room-private-office(2: tokens:office); desk-top-dividers(2: tokens:desk); medium-back-seating(2: tokens:back)","room-private-office","desk-top-dividers","medium-back-seating","Brant Business Interiors","","","","","","","","",""
"9817942851897","the-halifax-collection","The halifax collection","https://admin.shopify.com/store/office-central-online/products/9817942851897","https://brantbusinessinteriors.com/products/the-halifax-collection","Brant Business Interiors","","oecm-eligible","active","1","99999.99","99999.99","https://cdn.shopify.com/s/files/1/0859/0413/0361/files/The-Halifax-Collection-Business-Interiors-16786776.png?v=1750132829","Variety Choose from two unique leg options: A-Leg and V-Leg Seamless height-adjustable table integration Metal features available in 20 colours Design High design, high function, highly adaptable Made in Canada","2025-03-10","none","height-adjustable-tables(2: tokens:adjustable); metal-vertical-files(2: tokens:metal); side-coffee-table(2: tokens:table)","height-adjustable-tables","metal-vertical-files","side-coffee-table","Brant Business Interiors","","","","","","","","",""
"9700992221497","tower-charging-station-with-usb-ports-2-colour-options","Tower charging station with USB ports. 2 colour options. — 2 colour","https://admin.shopify.com/store/office-central-online/products/9700992221497","https://brantbusinessinteriors.com/products/tower-charging-station-with-usb-ports-2-colour-options","Brant Business Interiors","","oecm-eligible","active","2","450.00","450.00","https://cdn.shopify.com/s/files/1/0859/0413/0361/files/Tower-Charging-Station-with-USB-ports.-2-Colour-options.-Business-Interiors-16734112.png?v=1750121812","Vertical charging station. This versatile power unit features two power bars, one on each side. Each power bar contains three 120 V outlets, one USB-A port, and one USB-C port, for a total of six 120 V outlets, two USB-A and two USB-C. Its tower design maximizes charging capabilities and provides easy access to power, making it an excellent choice for workstations, computer stations, or home offic","2024-11-11","none","bar-height-tables(2: tokens:bar); metal-vertical-files(2: tokens:vertical); power-modules-accessories(2: tokens:power)","bar-height-tables","metal-vertical-files","power-modules-accessories","Brant Business Interiors","","","","","","","","",""
"9665685782841","vesta-power-tower","Vesta power tower","https://admin.shopify.com/store/office-central-online/products/9665685782841","https://brantbusinessinteriors.com/products/vesta-power-tower","Brant Business Interiors","","oecm-eligible","active","1","1679.99","1679.99","https://cdn.shopify.com/s/files/1/0859/0413/0361/files/Vesta-Power-Tower-Business-Interiors-16699514.png?v=1750114660","Portable Power Tower, 3 Power Outlets, 2 USB-A & 1 USB-C Charging Ports (PPVST3WF)","2024-09-27","none","power-modules-accessories(2: tokens:power)","power-modules-accessories","","","Brant Business Interiors","","","","","","","","",""
"9722802536761","wardrobe-with-lock","Wardrobe with lock","https://admin.shopify.com/store/office-central-online/products/9722802536761","https://brantbusinessinteriors.com/products/wardrobe-with-lock","Brant Business Interiors","","oecm-eligible","active","1","1299.99","1299.99","https://cdn.shopify.com/s/files/1/0859/0413/0361/files/Wardrobe-with-Lock-Business-Interiors-16742492.png?v=1750123574","Locking Wardrobe Size: 30W” x 72H” x 24D” No Assembly Required 4 Week Lead Time","2024-12-05","none","wardrobe-storage(2: tokens:wardrobe)","wardrobe-storage","","","Brant Business Interiors","","","","","","","","",""
