keyword,volume,kd,cpc,competition,intent,intent_secondary,seed
office,110000,98,0.79,LOW,informational,,best office chair
office chair,33100,16,1.68,HIGH,transactional,,best office chair
chair,27100,14,0.85,HIGH,transactional,informational,best office chair
office space,18100,23,8.03,LOW,commercial,informational,best office chair
ergonomic chairs,14800,4,1.77,HIGH,transactional,,best office chair
ergonomic chair,14800,1,1.76,HIGH,transactional,,best office chair
desk chair,9900,9,1.05,HIGH,transactional,,best office chair
computer desk,9900,2,0.97,HIGH,transactional,,best office chair
office desk,9900,0,3.16,HIGH,transactional,,best office chair
ergonomic office chair,9900,2,2.01,HIGH,transactional,,best office chair
the office movers,8100,6,,LOW,commercial,,best office chair
open office,8100,70,0.78,LOW,informational,navigational,best office chair
work from home,8100,0,2.51,MEDIUM,informational,,best office chair
the office moving,8100,5,,LOW,navigational,"informational,commercial",best office chair
staples office chairs,6600,0,0.91,HIGH,transactional,,best office chair
office furniture,5400,3,15.72,HIGH,transactional,commercial,best office chair
computer chair,5400,10,0.97,HIGH,transactional,,best office chair
secret labs chair,5400,23,0.44,HIGH,transactional,,best office chair
best office chairs,4400,17,3.77,HIGH,commercial,transactional,best office chair
erin office,4400,17,,LOW,navigational,,best office chair
source office furniture,4400,13,1.1,HIGH,navigational,,best office chair
office pools guest,4400,15,0.03,LOW,navigational,,best office chair
office customization tool,3600,15,3.95,LOW,informational,"commercial,navigational",best office chair
monk office,3600,9,4.5,LOW,informational,navigational,best office chair
return to office,2900,0,,LOW,informational,,best office chair
the office grind,2900,0,0.05,LOW,informational,,best office chair
home office desk,2900,0,2.04,HIGH,transactional,,best office chair
office chairs canada,2900,0,3.01,HIGH,navigational,"commercial,transactional",best office chair
toby office,2900,13,,LOW,navigational,,best office chair
creed bratton office,2900,11,,LOW,navigational,,best office chair
standing desk canada,2400,0,5.66,HIGH,commercial,"navigational,transactional",best office chair
lazyboy office chair,2400,0,1.5,HIGH,transactional,,best office chair
standing desks canada,2400,0,5.66,HIGH,commercial,"navigational,transactional",best office chair
the brick corporate office,2400,0,1.08,LOW,navigational,,best office chair
home office ideas,1900,23,0.86,HIGH,informational,,best office chair
office unicity,1900,0,,LOW,navigational,,best office chair
kids desk chair,1900,0,0.64,HIGH,transactional,,best office chair
home office,1900,50,1.53,HIGH,informational,,best office chair
office table,1900,0,1.87,HIGH,transactional,,best office chair
denis office supplies,1900,0,5.32,LOW,navigational,,best office chair
office chair mat,1900,0,1.15,HIGH,transactional,,best office chair
gabe office,1900,12,,LOW,navigational,,best office chair
herman miller office chair,1900,6,1.78,HIGH,transactional,,best office chair
best ergonomic office chair,1600,14,3.97,HIGH,commercial,transactional,best office chair
office background,1600,0,0.17,LOW,informational,commercial,best office chair
heritage office furnishings,1600,8,12.49,LOW,navigational,,best office chair
meredith office,1600,22,,LOW,navigational,,best office chair
office chair sale,1600,0,1.03,HIGH,transactional,,best office chair
metropolitan office,1600,17,,LOW,navigational,,best office chair
office cleaning,1600,16,7.44,LOW,informational,,best office chair
out of office,1600,11,0.21,LOW,informational,,best office chair
chair source,1600,0,4.54,HIGH,informational,,best office chair
foot rest under desk,1600,0,0.71,HIGH,transactional,,best office chair
office chairs canadian tire,1300,0,0.67,HIGH,navigational,transactional,best office chair
office chair no wheels,1300,0,1.06,HIGH,transactional,,best office chair
outlook out of office,1300,7,,LOW,informational,,best office chair
walmart office chairs,1300,9,0.31,HIGH,transactional,,best office chair
christie's office plus,1300,0,0.19,LOW,navigational,"informational,commercial",best office chair
madill office,1300,0,21.84,LOW,navigational,,best office chair
office cubicle,1300,0,12.02,HIGH,transactional,,best office chair
suite office,1300,57,2.19,MEDIUM,navigational,,best office chair
darryl office,1300,16,,LOW,navigational,,best office chair
karen office,1300,9,,LOW,navigational,"informational,commercial",best office chair
office decor,1300,0,0.67,HIGH,commercial,"transactional,informational",best office chair
office for men,1300,0,0.25,HIGH,informational,commercial,best office chair
office move pro,1300,5,3.63,LOW,transactional,commercial,best office chair
office building,1000,11,3.75,LOW,informational,"navigational,commercial",best office chair
structube office chair,1000,0,0.55,HIGH,transactional,,best office chair
mose office,1000,4,,LOW,navigational,,best office chair
source office furniture edmonton,1000,0,1.22,MEDIUM,navigational,,best office chair
ergonomic desk,1000,0,2.76,HIGH,transactional,,best office chair
the office dinner party,1000,16,,LOW,informational,,best office chair
office chair amazon,1000,0,0.5,HIGH,transactional,,best office chair
dinner party office,1000,9,,LOW,commercial,"informational,transactional",best office chair
td return to office,1000,3,,LOW,informational,navigational,best office chair
ergonomic desk chair,1000,0,2.22,HIGH,transactional,,best office chair
comfortable office chair,1000,14,1.51,HIGH,transactional,,best office chair
dinner party the office,1000,15,,LOW,commercial,informational,best office chair
desk foot rest,1000,0,0.71,HIGH,transactional,,best office chair
leather office chair,1000,0,2.25,HIGH,transactional,,best office chair
small computer desk,1000,0,0.65,HIGH,transactional,,best office chair
sit stand desk canada,1000,0,5.5,HIGH,navigational,,best office chair
office chair cushion,1000,0,0.7,HIGH,transactional,,best office chair
white office chair,1000,0,1.45,HIGH,transactional,,best office chair
office clothes men,1000,0,1.26,HIGH,transactional,"commercial,informational",best office chair
best buy office chairs,880,3,0.99,HIGH,transactional,,best office chair
woodcroft strata office,880,0,7.93,LOW,navigational,,best office chair
office trailer,880,0,11.48,MEDIUM,informational,commercial,best office chair
meme office,880,0,,LOW,navigational,informational,best office chair
home office chair,880,21,1.93,HIGH,transactional,,best office chair
indeed work from home,880,0,2.23,LOW,informational,,best office chair
office chair ergonomic,880,11,2.64,HIGH,transactional,,best office chair
computer rack,880,0,3.39,LOW,transactional,,best office chair
oval office desk,880,13,1.11,LOW,navigational,,best office chair
used office furniture,880,0,2.41,MEDIUM,transactional,,best office chair
supreme office supplies,880,4,2.17,LOW,navigational,transactional,best office chair
computer stand,880,0,0.74,HIGH,transactional,,best office chair
l-shaped office desk,880,0,3.51,HIGH,transactional,,best office chair
computer desk with drawers,880,0,0.91,HIGH,transactional,,best office chair
office chair mat for carpet,880,0,0.9,HIGH,transactional,,best office chair
office interiors,880,21,7.83,MEDIUM,informational,commercial,best office chair
best office chairs canada,880,30,3.73,HIGH,commercial,,best office chair
office decor ideas,880,8,0.72,HIGH,informational,,best office chair
study chair,880,7,0.47,HIGH,transactional,,best office chair
computer desk canada,880,0,1.97,HIGH,navigational,,best office chair
best office,880,3,2.86,MEDIUM,navigational,"informational,commercial",best office chair
source office furniture calgary,880,0,1.26,MEDIUM,navigational,,best office chair
office setup,720,25,1.96,HIGH,commercial,"transactional,informational",best office chair
lumbar support for office chair,720,0,0.94,HIGH,transactional,,best office chair
cheap office chairs,720,1,0.93,HIGH,transactional,,best office chair
comfy office chair,720,7,0.9,HIGH,transactional,,best office chair
office work,720,14,1.44,LOW,informational,,best office chair
intelligent office,720,12,2.82,LOW,navigational,informational,best office chair
office pods,720,1,10.03,HIGH,transactional,,best office chair
home office design,720,27,1.33,HIGH,informational,commercial,best office chair
mesh office chair,720,0,2.4,HIGH,transactional,,best office chair
muskoka chair plans,720,0,0.61,HIGH,informational,"commercial,transactional",best office chair
pink office chair,720,0,0.9,HIGH,transactional,,best office chair
office cabinet,720,0,3.17,HIGH,transactional,,best office chair
the office lego set,720,0,0.22,HIGH,transactional,,best office chair
reclining office chair,720,0,1.16,HIGH,transactional,,best office chair
t2200 work from home,720,7,2.6,LOW,informational,,best office chair
office chairs calgary,720,0,2.4,HIGH,navigational,,best office chair
co-op office,720,51,2.37,LOW,navigational,,best office chair
gaming computer desk,720,0,1.5,HIGH,transactional,,best office chair
office chair with footrest,720,0,1.24,HIGH,transactional,,best office chair
office party,720,32,,LOW,informational,,best office chair
l shaped computer desk,720,0,1.66,HIGH,transactional,,best office chair
used office furniture calgary,720,0,1.04,HIGH,commercial,transactional,best office chair
massage office chair,720,0,1.38,HIGH,transactional,,best office chair
razer chair,720,0,0.67,HIGH,transactional,,best office chair
office desk canada,720,0,5.43,HIGH,navigational,commercial,best office chair
office chair wheels,720,0,0.84,HIGH,transactional,,best office chair
small office desk,720,0,1.16,HIGH,transactional,,best office chair
office suite,720,46,1.74,MEDIUM,transactional,"informational,navigational",best office chair
small office home office definition,720,1,,LOW,informational,,best office chair
computer chairs on sale,720,0,0.61,HIGH,transactional,,best office chair
office furniture calgary,720,0,4.49,HIGH,navigational,,best office chair
most comfortable office chair,590,19,1.77,HIGH,informational,commercial,best office chair
office plants,590,3,1.1,HIGH,transactional,commercial,best office chair
steelcase office chair,590,4,2.7,HIGH,transactional,,best office chair
trellis main office,590,13,,LOW,navigational,,best office chair
wayfair office chair,590,0,1.78,HIGH,transactional,navigational,best office chair
mobile office,590,0,9.46,MEDIUM,transactional,,best office chair
office chairs edmonton,590,0,2.03,HIGH,navigational,"commercial,transactional",best office chair
office desk with drawers,590,0,2.34,HIGH,transactional,,best office chair
office chairs toronto,590,0,4.6,HIGH,navigational,commercial,best office chair
used office chairs,590,0,2.1,HIGH,transactional,,best office chair
office moving,590,0,5.04,LOW,commercial,,best office chair
home office furniture,590,0,2.15,HIGH,transactional,"navigational,commercial",best office chair
work chair,590,8,2.73,HIGH,transactional,,best office chair
long desk,590,0,0.92,HIGH,transactional,,best office chair
comfy desk chair,590,13,0.6,HIGH,transactional,,best office chair
office furniture stores,590,1,5.26,LOW,commercial,,best office chair
gaming desk chair,590,15,0.92,HIGH,transactional,,best office chair
computer desk walmart,590,0,0.19,HIGH,transactional,navigational,best office chair
office storage,590,0,1.85,HIGH,transactional,commercial,best office chair
task chair,590,0,3.07,HIGH,transactional,,best office chair
office chair cover,590,0,0.42,HIGH,transactional,,best office chair
mcm chair,590,0,1.05,HIGH,transactional,,best office chair
scentsy canada workstation,590,21,3.27,LOW,navigational,,best office chair
office drawers,590,0,1.21,HIGH,transactional,,best office chair
atwork office furniture,590,0,2.26,HIGH,navigational,,best office chair
office couch,590,0,3.29,HIGH,transactional,,best office chair
staples computer desk,590,0,0.6,HIGH,transactional,,best office chair
best budget office chair,590,24,1.82,HIGH,commercial,transactional,best office chair
white desk chair,590,0,0.87,HIGH,transactional,,best office chair
portable office,590,0,8.62,HIGH,transactional,,best office chair
serta office chair,590,0,0.68,HIGH,transactional,,best office chair
office furniture edmonton,590,0,4.04,HIGH,navigational,,best office chair
corner computer desk,590,0,0.91,HIGH,transactional,,best office chair
comfy computer chair,590,16,0.6,HIGH,transactional,,best office chair
brown leather office chair,480,0,3.2,HIGH,transactional,,best office chair
office dividers,480,0,7.27,HIGH,transactional,,best office chair
used office furniture toronto,480,19,2.75,HIGH,commercial,transactional,best office chair
office chair on sale,480,0,1.25,HIGH,transactional,,best office chair
best home office chair,480,20,3.71,HIGH,commercial,,best office chair
shared office space,480,13,11.57,LOW,commercial,informational,best office chair
office desk chair,480,0,3.03,HIGH,transactional,,best office chair
folding office chair,480,0,0.95,HIGH,transactional,,best office chair
kids desk and chair set,480,0,0.84,HIGH,transactional,,best office chair
regus office space,480,0,9.44,MEDIUM,navigational,,best office chair
office chairs vancouver,480,0,3.9,HIGH,navigational,commercial,best office chair
evergreen office spaces,480,1,0.93,LOW,navigational,,best office chair
ergonomic office chair canada,480,1,3.96,HIGH,navigational,,best office chair
source office furniture vancouver,480,0,0.92,MEDIUM,navigational,,best office chair
office ideas,480,28,1.12,HIGH,informational,commercial,best office chair
stones office,480,0,4.25,LOW,navigational,,best office chair
office rug,480,0,1.29,HIGH,transactional,,best office chair
home office setup,480,13,1.1,HIGH,informational,,best office chair
meme office space,480,0,,LOW,navigational,informational,best office chair
pam office,480,33,,LOW,navigational,,best office chair
vancouver office chairs,480,0,3.9,HIGH,navigational,"transactional,commercial",best office chair
murphy bed with desk canada,480,0,1.24,HIGH,navigational,transactional,best office chair
ergonomic desk setup,480,10,2.1,HIGH,informational,,best office chair
staples computer chair,480,0,0.47,HIGH,transactional,,best office chair
home office desk canada,480,0,2.53,HIGH,navigational,,best office chair
office lamp,480,0,1.08,HIGH,transactional,,best office chair
milton office space,480,11,11.21,LOW,navigational,,best office chair
small office ideas for home,480,28,0.65,HIGH,informational,,best office chair
office,110000,98,0.79,LOW,informational,,ergonomic office chair
office chair,33100,16,1.68,HIGH,transactional,,ergonomic office chair
chair,27100,14,0.85,HIGH,transactional,informational,ergonomic office chair
office space,18100,23,8.03,LOW,commercial,informational,ergonomic office chair
ergonomic chairs,14800,4,1.77,HIGH,transactional,,ergonomic office chair
ergonomic chair,14800,1,1.76,HIGH,transactional,,ergonomic office chair
desk chair,9900,9,1.05,HIGH,transactional,,ergonomic office chair
computer desk,9900,2,0.97,HIGH,transactional,,ergonomic office chair
office desk,9900,0,3.16,HIGH,transactional,,ergonomic office chair
the office movers,8100,6,,LOW,commercial,,ergonomic office chair
open office,8100,70,0.78,LOW,informational,navigational,ergonomic office chair
the office moving,8100,5,,LOW,navigational,"informational,commercial",ergonomic office chair
staples office chairs,6600,0,0.91,HIGH,transactional,,ergonomic office chair
office furniture,5400,3,15.72,HIGH,transactional,commercial,ergonomic office chair
computer chair,5400,10,0.97,HIGH,transactional,,ergonomic office chair
secret labs chair,5400,23,0.44,HIGH,transactional,,ergonomic office chair
best office chairs,4400,17,3.77,HIGH,commercial,transactional,ergonomic office chair
erin office,4400,17,,LOW,navigational,,ergonomic office chair
source office furniture,4400,13,1.1,HIGH,navigational,,ergonomic office chair
office pools guest,4400,15,0.03,LOW,navigational,,ergonomic office chair
office customization tool,3600,15,3.95,LOW,informational,"commercial,navigational",ergonomic office chair
monk office,3600,9,4.5,LOW,informational,navigational,ergonomic office chair
return to office,2900,0,,LOW,informational,,ergonomic office chair
the office grind,2900,0,0.05,LOW,informational,,ergonomic office chair
home office desk,2900,0,2.04,HIGH,transactional,,ergonomic office chair
office chairs canada,2900,0,3.01,HIGH,navigational,"commercial,transactional",ergonomic office chair
structube chairs,2900,0,0.28,HIGH,transactional,,ergonomic office chair
toby office,2900,13,,LOW,navigational,,ergonomic office chair
creed bratton office,2900,11,,LOW,navigational,,ergonomic office chair
standing desk canada,2400,0,5.66,HIGH,commercial,"navigational,transactional",ergonomic office chair
lazyboy office chair,2400,0,1.5,HIGH,transactional,,ergonomic office chair
standing desks canada,2400,0,5.66,HIGH,commercial,"navigational,transactional",ergonomic office chair
the brick corporate office,2400,0,1.08,LOW,navigational,,ergonomic office chair
home office ideas,1900,23,0.86,HIGH,informational,,ergonomic office chair
office unicity,1900,0,,LOW,navigational,,ergonomic office chair
kids desk chair,1900,0,0.64,HIGH,transactional,,ergonomic office chair
home office,1900,50,1.53,HIGH,informational,,ergonomic office chair
staples desks,1900,5,1.27,HIGH,transactional,,ergonomic office chair
office table,1900,0,1.87,HIGH,transactional,,ergonomic office chair
denis office supplies,1900,0,5.32,LOW,navigational,,ergonomic office chair
office chair mat,1900,0,1.15,HIGH,transactional,,ergonomic office chair
gabe office,1900,12,,LOW,navigational,,ergonomic office chair
herman miller office chair,1900,6,1.78,HIGH,transactional,,ergonomic office chair
best ergonomic office chair,1600,14,3.97,HIGH,commercial,transactional,ergonomic office chair
office background,1600,0,0.17,LOW,informational,commercial,ergonomic office chair
heritage office furnishings,1600,8,12.49,LOW,navigational,,ergonomic office chair
meredith office,1600,22,,LOW,navigational,,ergonomic office chair
office chair sale,1600,0,1.03,HIGH,transactional,,ergonomic office chair
metropolitan office,1600,17,,LOW,navigational,,ergonomic office chair
office cleaning,1600,16,7.44,LOW,informational,,ergonomic office chair
out of office,1600,11,0.21,LOW,informational,,ergonomic office chair
chair source,1600,0,4.54,HIGH,informational,,ergonomic office chair
office chairs canadian tire,1300,0,0.67,HIGH,navigational,transactional,ergonomic office chair
office chair no wheels,1300,0,1.06,HIGH,transactional,,ergonomic office chair
outlook out of office,1300,7,,LOW,informational,,ergonomic office chair
walmart office chairs,1300,9,0.31,HIGH,transactional,,ergonomic office chair
christie's office plus,1300,0,0.19,LOW,navigational,"informational,commercial",ergonomic office chair
madill office,1300,0,21.84,LOW,navigational,,ergonomic office chair
office cubicle,1300,0,12.02,HIGH,transactional,,ergonomic office chair
suite office,1300,57,2.19,MEDIUM,navigational,,ergonomic office chair
darryl office,1300,16,,LOW,navigational,,ergonomic office chair
karen office,1300,9,,LOW,navigational,"informational,commercial",ergonomic office chair
office decor,1300,0,0.67,HIGH,commercial,"transactional,informational",ergonomic office chair
office for men,1300,0,0.25,HIGH,informational,commercial,ergonomic office chair
office move pro,1300,5,3.63,LOW,transactional,commercial,ergonomic office chair
office building,1000,11,3.75,LOW,informational,"navigational,commercial",ergonomic office chair
structube office chair,1000,0,0.55,HIGH,transactional,,ergonomic office chair
mose office,1000,4,,LOW,navigational,,ergonomic office chair
source office furniture edmonton,1000,0,1.22,MEDIUM,navigational,,ergonomic office chair
ergonomic desk,1000,0,2.76,HIGH,transactional,,ergonomic office chair
the office dinner party,1000,16,,LOW,informational,,ergonomic office chair
office chair amazon,1000,0,0.5,HIGH,transactional,,ergonomic office chair
dinner party office,1000,9,,LOW,commercial,"informational,transactional",ergonomic office chair
td return to office,1000,3,,LOW,informational,navigational,ergonomic office chair
ergonomic desk chair,1000,0,2.22,HIGH,transactional,,ergonomic office chair
comfortable office chair,1000,14,1.51,HIGH,transactional,,ergonomic office chair
ergocentric chairs,1000,9,1.59,HIGH,transactional,,ergonomic office chair
dinner party the office,1000,15,,LOW,commercial,informational,ergonomic office chair
leather office chair,1000,0,2.25,HIGH,transactional,,ergonomic office chair
small computer desk,1000,0,0.65,HIGH,transactional,,ergonomic office chair
sit stand desk canada,1000,0,5.5,HIGH,navigational,,ergonomic office chair
office chair cushion,1000,0,0.7,HIGH,transactional,,ergonomic office chair
white office chair,1000,0,1.45,HIGH,transactional,,ergonomic office chair
office clothes men,1000,0,1.26,HIGH,transactional,"commercial,informational",ergonomic office chair
best buy office chairs,880,3,0.99,HIGH,transactional,,ergonomic office chair
woodcroft strata office,880,0,7.93,LOW,navigational,,ergonomic office chair
office trailer,880,0,11.48,MEDIUM,informational,commercial,ergonomic office chair
meme office,880,0,,LOW,navigational,informational,ergonomic office chair
home office chair,880,21,1.93,HIGH,transactional,,ergonomic office chair
office chair ergonomic,880,11,2.64,HIGH,transactional,,ergonomic office chair
computer rack,880,0,3.39,LOW,transactional,,ergonomic office chair
oval office desk,880,13,1.11,LOW,navigational,,ergonomic office chair
used office furniture,880,0,2.41,MEDIUM,transactional,,ergonomic office chair
supreme office supplies,880,4,2.17,LOW,navigational,transactional,ergonomic office chair
computer stand,880,0,0.74,HIGH,transactional,,ergonomic office chair
l-shaped office desk,880,0,3.51,HIGH,transactional,,ergonomic office chair
computer desk with drawers,880,0,0.91,HIGH,transactional,,ergonomic office chair
office chair mat for carpet,880,0,0.9,HIGH,transactional,,ergonomic office chair
office interiors,880,21,7.83,MEDIUM,informational,commercial,ergonomic office chair
chaise de bureau costco,880,0,0.91,HIGH,transactional,,ergonomic office chair
best office chairs canada,880,30,3.73,HIGH,commercial,,ergonomic office chair
office decor ideas,880,8,0.72,HIGH,informational,,ergonomic office chair
study chair,880,7,0.47,HIGH,transactional,,ergonomic office chair
costco chaise de bureau,880,0,0.91,HIGH,transactional,,ergonomic office chair
computer desk canada,880,0,1.97,HIGH,navigational,,ergonomic office chair
best office,880,3,2.86,MEDIUM,navigational,"informational,commercial",ergonomic office chair
source office furniture calgary,880,0,1.26,MEDIUM,navigational,,ergonomic office chair
office setup,720,25,1.96,HIGH,commercial,"transactional,informational",ergonomic office chair
lumbar support for office chair,720,0,0.94,HIGH,transactional,,ergonomic office chair
cheap office chairs,720,1,0.93,HIGH,transactional,,ergonomic office chair
comfy office chair,720,7,0.9,HIGH,transactional,,ergonomic office chair
office work,720,14,1.44,LOW,informational,,ergonomic office chair
intelligent office,720,12,2.82,LOW,navigational,informational,ergonomic office chair
office pods,720,1,10.03,HIGH,transactional,,ergonomic office chair
home office design,720,27,1.33,HIGH,informational,commercial,ergonomic office chair
mesh office chair,720,0,2.4,HIGH,transactional,,ergonomic office chair
muskoka chair plans,720,0,0.61,HIGH,informational,"commercial,transactional",ergonomic office chair
pink office chair,720,0,0.9,HIGH,transactional,,ergonomic office chair
office cabinet,720,0,3.17,HIGH,transactional,,ergonomic office chair
the office lego set,720,0,0.22,HIGH,transactional,,ergonomic office chair
reclining office chair,720,0,1.16,HIGH,transactional,,ergonomic office chair
office chairs calgary,720,0,2.4,HIGH,navigational,,ergonomic office chair
co-op office,720,51,2.37,LOW,navigational,,ergonomic office chair
gaming computer desk,720,0,1.5,HIGH,transactional,,ergonomic office chair
office chair with footrest,720,0,1.24,HIGH,transactional,,ergonomic office chair
office party,720,32,,LOW,informational,,ergonomic office chair
l shaped computer desk,720,0,1.66,HIGH,transactional,,ergonomic office chair
used office furniture calgary,720,0,1.04,HIGH,commercial,transactional,ergonomic office chair
massage office chair,720,0,1.38,HIGH,transactional,,ergonomic office chair
bureau de travail costco,720,0,0.95,HIGH,commercial,"navigational,transactional",ergonomic office chair
razer chair,720,0,0.67,HIGH,transactional,,ergonomic office chair
office desk canada,720,0,5.43,HIGH,navigational,commercial,ergonomic office chair
office chair wheels,720,0,0.84,HIGH,transactional,,ergonomic office chair
staples standing desk,720,0,1.5,HIGH,transactional,,ergonomic office chair
small office desk,720,0,1.16,HIGH,transactional,,ergonomic office chair
office suite,720,46,1.74,MEDIUM,transactional,"informational,navigational",ergonomic office chair
small office home office definition,720,1,,LOW,informational,,ergonomic office chair
computer chairs on sale,720,0,0.61,HIGH,transactional,,ergonomic office chair
office furniture calgary,720,0,4.49,HIGH,navigational,,ergonomic office chair
most comfortable office chair,590,19,1.77,HIGH,informational,commercial,ergonomic office chair
office plants,590,3,1.1,HIGH,transactional,commercial,ergonomic office chair
steelcase office chair,590,4,2.7,HIGH,transactional,,ergonomic office chair
trellis main office,590,13,,LOW,navigational,,ergonomic office chair
wayfair office chair,590,0,1.78,HIGH,transactional,navigational,ergonomic office chair
mobile office,590,0,9.46,MEDIUM,transactional,,ergonomic office chair
office chairs edmonton,590,0,2.03,HIGH,navigational,"commercial,transactional",ergonomic office chair
office desk with drawers,590,0,2.34,HIGH,transactional,,ergonomic office chair
office chairs toronto,590,0,4.6,HIGH,navigational,commercial,ergonomic office chair
used office chairs,590,0,2.1,HIGH,transactional,,ergonomic office chair
office moving,590,0,5.04,LOW,commercial,,ergonomic office chair
home office furniture,590,0,2.15,HIGH,transactional,"navigational,commercial",ergonomic office chair
work chair,590,8,2.73,HIGH,transactional,,ergonomic office chair
long desk,590,0,0.92,HIGH,transactional,,ergonomic office chair
comfy desk chair,590,13,0.6,HIGH,transactional,,ergonomic office chair
office furniture stores,590,1,5.26,LOW,commercial,,ergonomic office chair
gaming desk chair,590,15,0.92,HIGH,transactional,,ergonomic office chair
computer desk walmart,590,0,0.19,HIGH,transactional,navigational,ergonomic office chair
office storage,590,0,1.85,HIGH,transactional,commercial,ergonomic office chair
task chair,590,0,3.07,HIGH,transactional,,ergonomic office chair
office chair cover,590,0,0.42,HIGH,transactional,,ergonomic office chair
staples studio ottawa coworking space,590,5,,LOW,navigational,,ergonomic office chair
mcm chair,590,0,1.05,HIGH,transactional,,ergonomic office chair
scentsy canada workstation,590,21,3.27,LOW,navigational,,ergonomic office chair
office drawers,590,0,1.21,HIGH,transactional,,ergonomic office chair
atwork office furniture,590,0,2.26,HIGH,navigational,,ergonomic office chair
office couch,590,0,3.29,HIGH,transactional,,ergonomic office chair
staples computer desk,590,0,0.6,HIGH,transactional,,ergonomic office chair
best desk chairs,590,15,4.46,HIGH,commercial,transactional,ergonomic office chair
best budget office chair,590,24,1.82,HIGH,commercial,transactional,ergonomic office chair
white desk chair,590,0,0.87,HIGH,transactional,,ergonomic office chair
portable office,590,0,8.62,HIGH,transactional,,ergonomic office chair
calgary coworking space,590,22,10.48,MEDIUM,navigational,,ergonomic office chair
serta office chair,590,0,0.68,HIGH,transactional,,ergonomic office chair
office furniture edmonton,590,0,4.04,HIGH,navigational,,ergonomic office chair
corner computer desk,590,0,0.91,HIGH,transactional,,ergonomic office chair
comfy computer chair,590,16,0.6,HIGH,transactional,,ergonomic office chair
brown leather office chair,480,0,3.2,HIGH,transactional,,ergonomic office chair
office dividers,480,0,7.27,HIGH,transactional,,ergonomic office chair
chairs clipart,480,0,,LOW,transactional,informational,ergonomic office chair
used office furniture toronto,480,19,2.75,HIGH,commercial,transactional,ergonomic office chair
office chair on sale,480,0,1.25,HIGH,transactional,,ergonomic office chair
best home office chair,480,20,3.71,HIGH,commercial,,ergonomic office chair
shared office space,480,13,11.57,LOW,commercial,informational,ergonomic office chair
office desk chair,480,0,3.03,HIGH,transactional,,ergonomic office chair
folding office chair,480,0,0.95,HIGH,transactional,,ergonomic office chair
kids desk and chair set,480,0,0.84,HIGH,transactional,,ergonomic office chair
regus office space,480,0,9.44,MEDIUM,navigational,,ergonomic office chair
office chairs vancouver,480,0,3.9,HIGH,navigational,commercial,ergonomic office chair
evergreen office spaces,480,1,0.93,LOW,navigational,,ergonomic office chair
ergonomic office chair canada,480,1,3.96,HIGH,navigational,,ergonomic office chair
source office furniture vancouver,480,0,0.92,MEDIUM,navigational,,ergonomic office chair
office ideas,480,28,1.12,HIGH,informational,commercial,ergonomic office chair
stones office,480,0,4.25,LOW,navigational,,ergonomic office chair
office rug,480,0,1.29,HIGH,transactional,,ergonomic office chair
home office setup,480,13,1.1,HIGH,informational,,ergonomic office chair
meme office space,480,0,,LOW,navigational,informational,ergonomic office chair
pam office,480,33,,LOW,navigational,,ergonomic office chair
vancouver office chairs,480,0,3.9,HIGH,navigational,"transactional,commercial",ergonomic office chair
murphy bed with desk canada,480,0,1.24,HIGH,navigational,transactional,ergonomic office chair
ergonomic desk setup,480,10,2.1,HIGH,informational,,ergonomic office chair
desk,33100,0,1.18,HIGH,transactional,informational,standing desk
desk chair,9900,9,1.05,HIGH,transactional,,standing desk
computer desk,9900,2,0.97,HIGH,transactional,,standing desk
office desk,9900,0,3.16,HIGH,transactional,,standing desk
gaming desk,8100,0,1.3,HIGH,transactional,,standing desk
l shaped desk,8100,0,2.03,HIGH,transactional,,standing desk
staples office chairs,6600,0,0.91,HIGH,transactional,,standing desk
desk lamp,6600,0,0.58,HIGH,transactional,,standing desk
corner desk,5400,0,1.05,HIGH,transactional,,standing desk
vanity desk,4400,0,0.62,HIGH,transactional,,standing desk
desk organizer,4400,0,0.79,HIGH,transactional,,standing desk
sit stand desk,4400,0,3.39,HIGH,transactional,,standing desk
under desk treadmill,3600,3,1.05,HIGH,transactional,,standing desk
small desk,3600,3,0.69,HIGH,transactional,,standing desk
cocobolo desk,3600,0,0.34,MEDIUM,transactional,,standing desk
lap desk,3600,0,0.46,HIGH,transactional,,standing desk
desk mat,3600,0,0.82,HIGH,transactional,,standing desk
reception desk,2900,0,4.37,HIGH,navigational,"informational,commercial",standing desk
murphy bed with desk,2900,0,0.83,HIGH,transactional,,standing desk
loft bed with desk,2900,0,0.79,HIGH,transactional,,standing desk
kids desk,2900,0,0.75,HIGH,transactional,,standing desk
wooden desk,2900,0,1.1,HIGH,transactional,,standing desk
home office desk,2900,0,2.04,HIGH,transactional,,standing desk
office chairs canada,2900,0,3.01,HIGH,navigational,"commercial,transactional",standing desk
white desk,2400,0,1.04,HIGH,transactional,,standing desk
standing desk canada,2400,0,5.66,HIGH,commercial,"navigational,transactional",standing desk
standing desks canada,2400,0,5.66,HIGH,commercial,"navigational,transactional",standing desk
desk treadmill,2400,1,0.83,HIGH,transactional,,standing desk
desk with drawers,1900,0,0.9,HIGH,transactional,,standing desk
stand up desk,1900,12,3.59,HIGH,transactional,,standing desk
desk shelf,1900,0,0.69,HIGH,transactional,,standing desk
secret labs desk,1900,19,0.65,HIGH,transactional,,standing desk
your dream desk,1900,9,0.59,LOW,informational,"transactional,commercial",standing desk
zoho desk,1900,33,30.07,LOW,transactional,,standing desk
kids desk chair,1900,0,0.64,HIGH,transactional,,standing desk
school desk,1900,0,1.17,MEDIUM,informational,"transactional,navigational",standing desk
walmart desk,1900,0,0.18,HIGH,transactional,,standing desk
height adjustable desk,1900,3,1.61,HIGH,transactional,,standing desk
staples desks,1900,5,1.27,HIGH,transactional,,standing desk
desk pad,1900,0,0.71,HIGH,transactional,,standing desk
flexispot standing desk,1600,0,1.51,HIGH,transactional,,standing desk
desk fan,1600,0,0.61,HIGH,transactional,,standing desk
desk with hutch,1600,0,0.88,HIGH,transactional,,standing desk
bunk bed with desk,1600,0,0.64,HIGH,transactional,,standing desk
writing desk,1600,0,0.85,HIGH,transactional,,standing desk
study desk,1600,0,0.58,HIGH,transactional,informational,standing desk
electric standing desk,1600,0,1.85,HIGH,transactional,,standing desk
foot rest under desk,1600,0,0.71,HIGH,transactional,,standing desk
monitor stand for desk,1600,0,1.19,HIGH,transactional,,standing desk
secretary desk,1600,0,0.7,HIGH,transactional,,standing desk
laptop stand for desk,1600,2,0.65,HIGH,transactional,,standing desk
desk riser,1300,0,1.25,HIGH,transactional,,standing desk
office chairs canadian tire,1300,0,0.67,HIGH,navigational,transactional,standing desk
work desk,1300,0,1.31,HIGH,transactional,informational,standing desk
folding desk,1300,0,0.61,HIGH,transactional,,standing desk
walmart office chairs,1300,9,0.31,HIGH,transactional,,standing desk
executive desk,1300,0,2.94,HIGH,navigational,informational,standing desk
desk risers,1300,0,1.25,HIGH,transactional,,standing desk
standing desk converter,1300,0,1.51,HIGH,transactional,,standing desk
roll top desk,1300,0,0.54,HIGH,transactional,,standing desk
desk for sale,1300,0,1.26,HIGH,transactional,,standing desk
standard desk height,1300,0,1.01,MEDIUM,informational,,standing desk
wall mounted desk,1000,0,0.72,HIGH,transactional,,standing desk
adjustable standing desk,1000,0,2.83,HIGH,transactional,,standing desk
vanity desk mirror,1000,0,0.67,HIGH,transactional,,standing desk
vanity desk with mirror,1000,0,0.67,HIGH,transactional,,standing desk
ergonomic desk,1000,0,2.76,HIGH,transactional,,standing desk
bed desk,1000,0,0.43,HIGH,transactional,,standing desk
floating desk,1000,0,0.57,HIGH,transactional,,standing desk
desk accessories,1000,0,0.89,HIGH,transactional,,standing desk
desk height,1000,0,1.6,HIGH,informational,transactional,standing desk
desk calendar,1000,0,0.64,HIGH,transactional,informational,standing desk
ergonomic desk chair,1000,0,2.22,HIGH,transactional,,standing desk
desk with storage,1000,0,0.78,HIGH,transactional,,standing desk
uplift desk,1000,17,1.68,HIGH,transactional,,standing desk
desk foot rest,1000,0,0.71,HIGH,transactional,,standing desk
makeup desk,1000,0,0.69,HIGH,transactional,,standing desk
small computer desk,1000,0,0.65,HIGH,transactional,,standing desk
desk with bookshelf,1000,0,0.67,HIGH,transactional,,standing desk
desk drawer,1000,0,1.02,HIGH,transactional,,standing desk
sit stand desk canada,1000,0,5.5,HIGH,navigational,,standing desk
desk for makeup,1000,0,0.69,HIGH,transactional,,standing desk
best standing desk,880,8,5.64,HIGH,commercial,transactional,standing desk
best buy office chairs,880,3,0.99,HIGH,transactional,,standing desk
corner desk small,880,0,0.82,HIGH,transactional,,standing desk
amazon desk,880,0,0.28,HIGH,navigational,transactional,standing desk
wall desk,880,0,0.89,HIGH,transactional,,standing desk
under desk drawer,880,0,1,HIGH,transactional,,standing desk
black desk,880,0,1.59,HIGH,transactional,,standing desk
oval office desk,880,13,1.11,LOW,navigational,,standing desk
desk light,880,0,0.59,HIGH,transactional,,standing desk
desk legs,880,0,0.54,HIGH,transactional,,standing desk
dual monitor desk mount,880,2,1.39,HIGH,transactional,,standing desk
best buy standing desk,880,0,0.47,HIGH,transactional,,standing desk
l-shaped office desk,880,0,3.51,HIGH,transactional,,standing desk
computer desk with drawers,880,0,0.91,HIGH,transactional,,standing desk
chaise de bureau costco,880,0,0.91,HIGH,transactional,,standing desk
best office chairs canada,880,30,3.73,HIGH,commercial,,standing desk
under desk bike,880,0,0.34,HIGH,transactional,,standing desk
costco chaise de bureau,880,0,0.91,HIGH,transactional,,standing desk
resolute desk,880,14,1.11,LOW,transactional,,standing desk
computer desk canada,880,0,1.97,HIGH,navigational,,standing desk
progressive desk,880,0,3.27,HIGH,transactional,,standing desk
amazon standing desk,880,0,0.57,HIGH,transactional,,standing desk
electric desk,720,0,1.15,HIGH,transactional,,standing desk
standing desk with drawers,720,1,2.03,HIGH,transactional,,standing desk
desk table,720,0,0.89,HIGH,transactional,,standing desk
drawing desk,720,0,0.59,HIGH,transactional,informational,standing desk
white desk with drawers,720,0,1,HIGH,transactional,,standing desk
l shaped standing desk,720,0,3.27,HIGH,transactional,,standing desk
drop top desk,720,0,0.38,HIGH,transactional,,standing desk
adjustable height desk,720,4,2.96,HIGH,transactional,,standing desk
student desk,720,0,0.72,HIGH,navigational,,standing desk
drawer for standing desk,720,0,2.03,HIGH,transactional,,standing desk
desk with shelves,720,0,1,HIGH,transactional,,standing desk
monitor arm desk mount,720,0,1.5,HIGH,transactional,,standing desk
monitor mount for desk,720,1,0.97,HIGH,transactional,,standing desk
l shaped gaming desk,720,0,1.34,HIGH,transactional,,standing desk
under desk storage,720,0,0.62,HIGH,transactional,,standing desk
solid wood desk,720,0,1.7,HIGH,transactional,,standing desk
gaming computer desk,720,0,1.5,HIGH,transactional,,standing desk
bestbuy desk,720,0,0.25,HIGH,transactional,navigational,standing desk
l shaped computer desk,720,0,1.66,HIGH,transactional,,standing desk
desk cable management,720,0,1.02,HIGH,informational,,standing desk
bureau de travail costco,720,0,0.95,HIGH,commercial,"navigational,transactional",standing desk
office desk canada,720,0,5.43,HIGH,navigational,commercial,standing desk
staples standing desk,720,0,1.5,HIGH,transactional,,standing desk
small office desk,720,0,1.16,HIGH,transactional,,standing desk
desk setup,720,24,0.77,HIGH,informational,"commercial,transactional",standing desk
it service desk,720,13,19.53,LOW,navigational,,standing desk
small standing desk,590,0,1.31,HIGH,transactional,,standing desk
desk pen holder,590,0,0.96,HIGH,transactional,,standing desk
le desk,590,7,,LOW,transactional,"informational,navigational",standing desk
studio desk,590,0,1.03,HIGH,informational,,standing desk
bunk with desk underneath,590,0,0.53,HIGH,transactional,,standing desk
small desk with drawers,590,0,0.72,HIGH,transactional,,standing desk
desk pet,590,0,0.41,HIGH,transactional,,standing desk
nail desk,590,0,0.94,HIGH,transactional,,standing desk
bunk bed with desk under,590,0,0.53,HIGH,transactional,,standing desk
office desk with drawers,590,0,2.34,HIGH,transactional,,standing desk
bunk beds with desk underneath,590,0,0.53,HIGH,transactional,,standing desk
bunk bed desk underneath,590,0,0.53,HIGH,transactional,,standing desk
glass desk,590,0,1.19,HIGH,transactional,,standing desk
small desk for bedroom,590,0,0.66,HIGH,transactional,,standing desk
compact treadmill under desk,590,6,0.3,LOW,transactional,,standing desk
long desk,590,0,0.92,HIGH,transactional,,standing desk
ladder desk,590,0,0.87,HIGH,transactional,,standing desk
comfy desk chair,590,13,0.6,HIGH,transactional,,standing desk
under desk treadmill compact,590,18,0.3,LOW,transactional,,standing desk
desk grommet,590,0,0.82,HIGH,transactional,,standing desk
modern desk,590,0,2.93,HIGH,transactional,,standing desk
pc desk,590,6,1,HIGH,transactional,,standing desk
gaming desk chair,590,15,0.92,HIGH,transactional,,standing desk
computer desk walmart,590,0,0.19,HIGH,transactional,navigational,standing desk
malm desk,590,0,0.11,HIGH,transactional,,standing desk
walnut desk,590,0,1.62,HIGH,transactional,,standing desk
laptop desk for bed,590,0,0.45,HIGH,transactional,,standing desk
cat desk bed,590,0,0.33,HIGH,transactional,,standing desk
under desk cable management,590,0,0.78,HIGH,transactional,"informational,commercial",standing desk
kallax desk,590,0,0.12,HIGH,navigational,transactional,standing desk
pen holder for desk,590,0,0.96,HIGH,transactional,,standing desk
staples studio ottawa coworking space,590,5,,LOW,navigational,,standing desk
standing desk legs,590,0,2.44,HIGH,transactional,,standing desk
bunk bed under desk,590,0,0.53,HIGH,transactional,,standing desk
wood desk top,590,0,0.88,HIGH,transactional,,standing desk
vintage desk,590,0,0.79,HIGH,transactional,,standing desk
scentsy canada workstation,590,21,3.27,LOW,navigational,,standing desk
bunk bed with desk underneath,590,0,0.53,HIGH,transactional,,standing desk
bedroom desk,590,0,0.78,HIGH,transactional,,standing desk
staples computer desk,590,0,0.6,HIGH,transactional,,standing desk
bunk with desk under,590,0,0.53,HIGH,transactional,,standing desk
best desk chairs,590,15,4.46,HIGH,commercial,transactional,standing desk
art desk,590,0,0.58,HIGH,navigational,"transactional,informational",standing desk
white desk chair,590,0,0.87,HIGH,transactional,,standing desk
desk name plates,590,0,0.92,HIGH,transactional,,standing desk
autonomous desk,590,12,3.3,HIGH,transactional,,standing desk
desk cabinet,590,0,1.12,HIGH,transactional,,standing desk
desk decor,590,5,0.46,HIGH,transactional,commercial,standing desk
u shaped desk,590,0,2.15,HIGH,transactional,,standing desk
reservation desk,590,1,1.09,MEDIUM,navigational,transactional,standing desk
corner computer desk,590,0,0.91,HIGH,transactional,,standing desk
bunk bed desk under,590,0,0.53,HIGH,transactional,,standing desk
standing desk benefits,480,14,0.22,LOW,informational,,standing desk
foldable wall desk,480,0,0.47,HIGH,transactional,,standing desk
portable desk,480,0,0.9,HIGH,transactional,,standing desk
large desk,480,0,2.35,HIGH,transactional,,standing desk
oak desk,480,0,1.55,HIGH,transactional,,standing desk
under desk keyboard tray,480,0,1.05,HIGH,transactional,,standing desk
l shaped desk with drawers,480,0,1.88,HIGH,transactional,,standing desk
office desk chair,480,0,3.03,HIGH,transactional,,standing desk
kids desk and chair set,480,0,0.84,HIGH,transactional,,standing desk
vanity desk with mirror and lights,480,0,0.82,HIGH,transactional,,standing desk
ergonomic office chair canada,480,1,3.96,HIGH,navigational,,standing desk
cheap desk,480,0,0.46,HIGH,transactional,,standing desk
lap desk with cushion,480,0,0.43,HIGH,transactional,,standing desk
gorilla desk,480,17,5.27,MEDIUM,transactional,,standing desk
desk mirror,480,0,0.36,HIGH,transactional,,standing desk
desk clock,480,0,0.54,HIGH,transactional,,standing desk
craft desk,480,0,0.72,HIGH,transactional,navigational,standing desk
folding desk wall mounted,480,0,0.71,HIGH,transactional,,standing desk
office,110000,98,0.79,LOW,informational,,office furniture canada
desk,33100,0,1.18,HIGH,transactional,informational,office furniture canada
office chair,33100,16,1.68,HIGH,transactional,,office furniture canada
chair,27100,14,0.85,HIGH,transactional,informational,office furniture canada
office space,18100,23,8.03,LOW,commercial,informational,office furniture canada
standing desk,18100,5,2.73,HIGH,transactional,,office furniture canada
ergonomic chairs,14800,4,1.77,HIGH,transactional,,office furniture canada
ergonomic chair,14800,1,1.76,HIGH,transactional,,office furniture canada
desk chair,9900,9,1.05,HIGH,transactional,,office furniture canada
computer desk,9900,2,0.97,HIGH,transactional,,office furniture canada
office desk,9900,0,3.16,HIGH,transactional,,office furniture canada
ergonomic office chair,9900,2,2.01,HIGH,transactional,,office furniture canada
gaming desk,8100,0,1.3,HIGH,transactional,,office furniture canada
the office movers,8100,6,,LOW,commercial,,office furniture canada
open office,8100,70,0.78,LOW,informational,navigational,office furniture canada
work from home,8100,0,2.51,MEDIUM,informational,,office furniture canada
the office moving,8100,5,,LOW,navigational,"informational,commercial",office furniture canada
l shaped desk,8100,0,2.03,HIGH,transactional,,office furniture canada
staples office chairs,6600,0,0.91,HIGH,transactional,,office furniture canada
desk lamp,6600,0,0.58,HIGH,transactional,,office furniture canada
corner desk,5400,0,1.05,HIGH,transactional,,office furniture canada
office furniture,5400,3,15.72,HIGH,transactional,commercial,office furniture canada
computer chair,5400,10,0.97,HIGH,transactional,,office furniture canada
secret labs chair,5400,23,0.44,HIGH,transactional,,office furniture canada
vanity desk,4400,0,0.62,HIGH,transactional,,office furniture canada
best office chairs,4400,17,3.77,HIGH,commercial,transactional,office furniture canada
desk organizer,4400,0,0.79,HIGH,transactional,,office furniture canada
erin office,4400,17,,LOW,navigational,,office furniture canada
source office furniture,4400,13,1.1,HIGH,navigational,,office furniture canada
sit stand desk,4400,0,3.39,HIGH,transactional,,office furniture canada
office pools guest,4400,15,0.03,LOW,navigational,,office furniture canada
under desk treadmill,3600,3,1.05,HIGH,transactional,,office furniture canada
office customization tool,3600,15,3.95,LOW,informational,"commercial,navigational",office furniture canada
small desk,3600,3,0.69,HIGH,transactional,,office furniture canada
cocobolo desk,3600,0,0.34,MEDIUM,transactional,,office furniture canada
monk office,3600,9,4.5,LOW,informational,navigational,office furniture canada
lap desk,3600,0,0.46,HIGH,transactional,,office furniture canada
desk mat,3600,0,0.82,HIGH,transactional,,office furniture canada
reception desk,2900,0,4.37,HIGH,navigational,"informational,commercial",office furniture canada
return to office,2900,0,,LOW,informational,,office furniture canada
murphy bed with desk,2900,0,0.83,HIGH,transactional,,office furniture canada
loft bed with desk,2900,0,0.79,HIGH,transactional,,office furniture canada
kids desk,2900,0,0.75,HIGH,transactional,,office furniture canada
the office grind,2900,0,0.05,LOW,informational,,office furniture canada
wooden desk,2900,0,1.1,HIGH,transactional,,office furniture canada
home office desk,2900,0,2.04,HIGH,transactional,,office furniture canada
office chairs canada,2900,0,3.01,HIGH,navigational,"commercial,transactional",office furniture canada
structube chairs,2900,0,0.28,HIGH,transactional,,office furniture canada
toby office,2900,13,,LOW,navigational,,office furniture canada
creed bratton office,2900,11,,LOW,navigational,,office furniture canada
white desk,2400,0,1.04,HIGH,transactional,,office furniture canada
standing desk canada,2400,0,5.66,HIGH,commercial,"navigational,transactional",office furniture canada
lazyboy office chair,2400,0,1.5,HIGH,transactional,,office furniture canada
standing desks canada,2400,0,5.66,HIGH,commercial,"navigational,transactional",office furniture canada
the brick corporate office,2400,0,1.08,LOW,navigational,,office furniture canada
desk treadmill,2400,1,0.83,HIGH,transactional,,office furniture canada
home office ideas,1900,23,0.86,HIGH,informational,,office furniture canada
desk with drawers,1900,0,0.9,HIGH,transactional,,office furniture canada
stand up desk,1900,12,3.59,HIGH,transactional,,office furniture canada
desk shelf,1900,0,0.69,HIGH,transactional,,office furniture canada
secret labs desk,1900,19,0.65,HIGH,transactional,,office furniture canada
your dream desk,1900,9,0.59,LOW,informational,"transactional,commercial",office furniture canada
zoho desk,1900,33,30.07,LOW,transactional,,office furniture canada
office unicity,1900,0,,LOW,navigational,,office furniture canada
kids desk chair,1900,0,0.64,HIGH,transactional,,office furniture canada
school desk,1900,0,1.17,MEDIUM,informational,"transactional,navigational",office furniture canada
walmart desk,1900,0,0.18,HIGH,transactional,,office furniture canada
home office,1900,50,1.53,HIGH,informational,,office furniture canada
height adjustable desk,1900,3,1.61,HIGH,transactional,,office furniture canada
staples desks,1900,5,1.27,HIGH,transactional,,office furniture canada
office table,1900,0,1.87,HIGH,transactional,,office furniture canada
structube desks,1900,0,0.67,HIGH,transactional,navigational,office furniture canada
denis office supplies,1900,0,5.32,LOW,navigational,,office furniture canada
office chair mat,1900,0,1.15,HIGH,transactional,,office furniture canada
gabe office,1900,12,,LOW,navigational,,office furniture canada
desk pad,1900,0,0.71,HIGH,transactional,,office furniture canada
herman miller office chair,1900,6,1.78,HIGH,transactional,,office furniture canada
wayfair desks,1600,0,1.11,HIGH,navigational,transactional,office furniture canada
flexispot standing desk,1600,0,1.51,HIGH,transactional,,office furniture canada
desk fan,1600,0,0.61,HIGH,transactional,,office furniture canada
best ergonomic office chair,1600,14,3.97,HIGH,commercial,transactional,office furniture canada
office background,1600,0,0.17,LOW,informational,commercial,office furniture canada
heritage office furnishings,1600,8,12.49,LOW,navigational,,office furniture canada
desk with hutch,1600,0,0.88,HIGH,transactional,,office furniture canada
meredith office,1600,22,,LOW,navigational,,office furniture canada
office chair sale,1600,0,1.03,HIGH,transactional,,office furniture canada
bunk bed with desk,1600,0,0.64,HIGH,transactional,,office furniture canada
metropolitan office,1600,17,,LOW,navigational,,office furniture canada
writing desk,1600,0,0.85,HIGH,transactional,,office furniture canada
study desk,1600,0,0.58,HIGH,transactional,informational,office furniture canada
office cleaning,1600,16,7.44,LOW,informational,,office furniture canada
out of office,1600,11,0.21,LOW,informational,,office furniture canada
electric standing desk,1600,0,1.85,HIGH,transactional,,office furniture canada
chair source,1600,0,4.54,HIGH,informational,,office furniture canada
foot rest under desk,1600,0,0.71,HIGH,transactional,,office furniture canada
monitor stand for desk,1600,0,1.19,HIGH,transactional,,office furniture canada
secretary desk,1600,0,0.7,HIGH,transactional,,office furniture canada
laptop stand for desk,1600,2,0.65,HIGH,transactional,,office furniture canada
desk riser,1300,0,1.25,HIGH,transactional,,office furniture canada
office chairs canadian tire,1300,0,0.67,HIGH,navigational,transactional,office furniture canada
work desk,1300,0,1.31,HIGH,transactional,informational,office furniture canada
office chair no wheels,1300,0,1.06,HIGH,transactional,,office furniture canada
folding desk,1300,0,0.61,HIGH,transactional,,office furniture canada
outlook out of office,1300,7,,LOW,informational,,office furniture canada
walmart office chairs,1300,9,0.31,HIGH,transactional,,office furniture canada
executive desk,1300,0,2.94,HIGH,navigational,informational,office furniture canada
christie's office plus,1300,0,0.19,LOW,navigational,"informational,commercial",office furniture canada
madill office,1300,0,21.84,LOW,navigational,,office furniture canada
desk risers,1300,0,1.25,HIGH,transactional,,office furniture canada
office cubicle,1300,0,12.02,HIGH,transactional,,office furniture canada
suite office,1300,57,2.19,MEDIUM,navigational,,office furniture canada
darryl office,1300,16,,LOW,navigational,,office furniture canada
karen office,1300,9,,LOW,navigational,"informational,commercial",office furniture canada
office decor,1300,0,0.67,HIGH,commercial,"transactional,informational",office furniture canada
standing desk converter,1300,0,1.51,HIGH,transactional,,office furniture canada
roll top desk,1300,0,0.54,HIGH,transactional,,office furniture canada
office for men,1300,0,0.25,HIGH,informational,commercial,office furniture canada
desk for sale,1300,0,1.26,HIGH,transactional,,office furniture canada
office move pro,1300,5,3.63,LOW,transactional,commercial,office furniture canada
standard desk height,1300,0,1.01,MEDIUM,informational,,office furniture canada
office building,1000,11,3.75,LOW,informational,"navigational,commercial",office furniture canada
wall mounted desk,1000,0,0.72,HIGH,transactional,,office furniture canada
structube office chair,1000,0,0.55,HIGH,transactional,,office furniture canada
makeup desks,1000,0,0.69,HIGH,transactional,"navigational,commercial",office furniture canada
adjustable standing desk,1000,0,2.83,HIGH,transactional,,office furniture canada
mose office,1000,4,,LOW,navigational,,office furniture canada
source office furniture edmonton,1000,0,1.22,MEDIUM,navigational,,office furniture canada
vanity desk mirror,1000,0,0.67,HIGH,transactional,,office furniture canada
vanity desk with mirror,1000,0,0.67,HIGH,transactional,,office furniture canada
ergonomic desk,1000,0,2.76,HIGH,transactional,,office furniture canada
bed desk,1000,0,0.43,HIGH,transactional,,office furniture canada
floating desk,1000,0,0.57,HIGH,transactional,,office furniture canada
the office dinner party,1000,16,,LOW,informational,,office furniture canada
office chair amazon,1000,0,0.5,HIGH,transactional,,office furniture canada
dinner party office,1000,9,,LOW,commercial,"informational,transactional",office furniture canada
desk accessories,1000,0,0.89,HIGH,transactional,,office furniture canada
gaming desks,1000,0,1.79,HIGH,transactional,,office furniture canada
td return to office,1000,3,,LOW,informational,navigational,office furniture canada
desk height,1000,0,1.6,HIGH,informational,transactional,office furniture canada
desk calendar,1000,0,0.64,HIGH,transactional,informational,office furniture canada
ergonomic desk chair,1000,0,2.22,HIGH,transactional,,office furniture canada
comfortable office chair,1000,14,1.51,HIGH,transactional,,office furniture canada
desk with storage,1000,0,0.78,HIGH,transactional,,office furniture canada
uplift desk,1000,17,1.68,HIGH,transactional,,office furniture canada
ergocentric chairs,1000,9,1.59,HIGH,transactional,,office furniture canada
dinner party the office,1000,15,,LOW,commercial,informational,office furniture canada
desk foot rest,1000,0,0.71,HIGH,transactional,,office furniture canada
makeup desk,1000,0,0.69,HIGH,transactional,,office furniture canada
leather office chair,1000,0,2.25,HIGH,transactional,,office furniture canada
small computer desk,1000,0,0.65,HIGH,transactional,,office furniture canada
desk with bookshelf,1000,0,0.67,HIGH,transactional,,office furniture canada
desk drawer,1000,0,1.02,HIGH,transactional,,office furniture canada
sit stand desk canada,1000,0,5.5,HIGH,navigational,,office furniture canada
office chair cushion,1000,0,0.7,HIGH,transactional,,office furniture canada
white office chair,1000,0,1.45,HIGH,transactional,,office furniture canada
office clothes men,1000,0,1.26,HIGH,transactional,"commercial,informational",office furniture canada
desk for makeup,1000,0,0.69,HIGH,transactional,,office furniture canada
best standing desk,880,8,5.64,HIGH,commercial,transactional,office furniture canada
best buy office chairs,880,3,0.99,HIGH,transactional,,office furniture canada
woodcroft strata office,880,0,7.93,LOW,navigational,,office furniture canada
office trailer,880,0,11.48,MEDIUM,informational,commercial,office furniture canada
meme office,880,0,,LOW,navigational,informational,office furniture canada
corner desk small,880,0,0.82,HIGH,transactional,,office furniture canada
home office chair,880,21,1.93,HIGH,transactional,,office furniture canada
amazon desk,880,0,0.28,HIGH,navigational,transactional,office furniture canada
wall desk,880,0,0.89,HIGH,transactional,,office furniture canada
under desk drawer,880,0,1,HIGH,transactional,,office furniture canada
indeed work from home,880,0,2.23,LOW,informational,,office furniture canada
black desk,880,0,1.59,HIGH,transactional,,office furniture canada
office chair ergonomic,880,11,2.64,HIGH,transactional,,office furniture canada
oval office desk,880,13,1.11,LOW,navigational,,office furniture canada
desk light,880,0,0.59,HIGH,transactional,,office furniture canada
desk legs,880,0,0.54,HIGH,transactional,,office furniture canada
dual monitor desk mount,880,2,1.39,HIGH,transactional,,office furniture canada
used office furniture,880,0,2.41,MEDIUM,transactional,,office furniture canada
supreme office supplies,880,4,2.17,LOW,navigational,transactional,office furniture canada
best buy standing desk,880,0,0.47,HIGH,transactional,,office furniture canada
l-shaped office desk,880,0,3.51,HIGH,transactional,,office furniture canada
computer desk with drawers,880,0,0.91,HIGH,transactional,,office furniture canada
office chair mat for carpet,880,0,0.9,HIGH,transactional,,office furniture canada
office interiors,880,21,7.83,MEDIUM,informational,commercial,office furniture canada
best office chairs canada,880,30,3.73,HIGH,commercial,,office furniture canada
office decor ideas,880,8,0.72,HIGH,informational,,office furniture canada
under desk bike,880,0,0.34,HIGH,transactional,,office furniture canada
study chair,880,7,0.47,HIGH,transactional,,office furniture canada
resolute desk,880,14,1.11,LOW,transactional,,office furniture canada
computer desk canada,880,0,1.97,HIGH,navigational,,office furniture canada
best office,880,3,2.86,MEDIUM,navigational,"informational,commercial",office furniture canada
progressive desk,880,0,3.27,HIGH,transactional,,office furniture canada
source office furniture calgary,880,0,1.26,MEDIUM,navigational,,office furniture canada
amazon standing desk,880,0,0.57,HIGH,transactional,,office furniture canada
office setup,720,25,1.96,HIGH,commercial,"transactional,informational",office furniture canada
electric desk,720,0,1.15,HIGH,transactional,,office furniture canada
standing desk with drawers,720,1,2.03,HIGH,transactional,,office furniture canada
lumbar support for office chair,720,0,0.94,HIGH,transactional,,office furniture canada
desk table,720,0,0.89,HIGH,transactional,,office furniture canada
cheap office chairs,720,1,0.93,HIGH,transactional,,office furniture canada
comfy office chair,720,7,0.9,HIGH,transactional,,office furniture canada
drawing desk,720,0,0.59,HIGH,transactional,informational,office furniture canada
white desk with drawers,720,0,1,HIGH,transactional,,office furniture canada
office,110000,98,0.79,LOW,informational,,office chair canada
desk,33100,0,1.18,HIGH,transactional,informational,office chair canada
office chair,33100,16,1.68,HIGH,transactional,,office chair canada
chair,27100,14,0.85,HIGH,transactional,informational,office chair canada
office space,18100,23,8.03,LOW,commercial,informational,office chair canada
standing desk,18100,5,2.73,HIGH,transactional,,office chair canada
ergonomic chairs,14800,4,1.77,HIGH,transactional,,office chair canada
ergonomic chair,14800,1,1.76,HIGH,transactional,,office chair canada
desk chair,9900,9,1.05,HIGH,transactional,,office chair canada
computer desk,9900,2,0.97,HIGH,transactional,,office chair canada
office desk,9900,0,3.16,HIGH,transactional,,office chair canada
ergonomic office chair,9900,2,2.01,HIGH,transactional,,office chair canada
gaming desk,8100,0,1.3,HIGH,transactional,,office chair canada
the office movers,8100,6,,LOW,commercial,,office chair canada
open office,8100,70,0.78,LOW,informational,navigational,office chair canada
the office moving,8100,5,,LOW,navigational,"informational,commercial",office chair canada
l shaped desk,8100,0,2.03,HIGH,transactional,,office chair canada
staples office chairs,6600,0,0.91,HIGH,transactional,,office chair canada
desk lamp,6600,0,0.58,HIGH,transactional,,office chair canada
corner desk,5400,0,1.05,HIGH,transactional,,office chair canada
office furniture,5400,3,15.72,HIGH,transactional,commercial,office chair canada
computer chair,5400,10,0.97,HIGH,transactional,,office chair canada
secret labs chair,5400,23,0.44,HIGH,transactional,,office chair canada
vanity desk,4400,0,0.62,HIGH,transactional,,office chair canada
best office chairs,4400,17,3.77,HIGH,commercial,transactional,office chair canada
desk organizer,4400,0,0.79,HIGH,transactional,,office chair canada
erin office,4400,17,,LOW,navigational,,office chair canada
source office furniture,4400,13,1.1,HIGH,navigational,,office chair canada
sit stand desk,4400,0,3.39,HIGH,transactional,,office chair canada
office pools guest,4400,15,0.03,LOW,navigational,,office chair canada
under desk treadmill,3600,3,1.05,HIGH,transactional,,office chair canada
office customization tool,3600,15,3.95,LOW,informational,"commercial,navigational",office chair canada
small desk,3600,3,0.69,HIGH,transactional,,office chair canada
cocobolo desk,3600,0,0.34,MEDIUM,transactional,,office chair canada
monk office,3600,9,4.5,LOW,informational,navigational,office chair canada
lap desk,3600,0,0.46,HIGH,transactional,,office chair canada
desk mat,3600,0,0.82,HIGH,transactional,,office chair canada
reception desk,2900,0,4.37,HIGH,navigational,"informational,commercial",office chair canada
return to office,2900,0,,LOW,informational,,office chair canada
murphy bed with desk,2900,0,0.83,HIGH,transactional,,office chair canada
loft bed with desk,2900,0,0.79,HIGH,transactional,,office chair canada
kids desk,2900,0,0.75,HIGH,transactional,,office chair canada
the office grind,2900,0,0.05,LOW,informational,,office chair canada
wooden desk,2900,0,1.1,HIGH,transactional,,office chair canada
home office desk,2900,0,2.04,HIGH,transactional,,office chair canada
office chairs canada,2900,0,3.01,HIGH,navigational,"commercial,transactional",office chair canada
structube chairs,2900,0,0.28,HIGH,transactional,,office chair canada
toby office,2900,13,,LOW,navigational,,office chair canada
creed bratton office,2900,11,,LOW,navigational,,office chair canada
white desk,2400,0,1.04,HIGH,transactional,,office chair canada
standing desk canada,2400,0,5.66,HIGH,commercial,"navigational,transactional",office chair canada
lazyboy office chair,2400,0,1.5,HIGH,transactional,,office chair canada
standing desks canada,2400,0,5.66,HIGH,commercial,"navigational,transactional",office chair canada
the brick corporate office,2400,0,1.08,LOW,navigational,,office chair canada
desk treadmill,2400,1,0.83,HIGH,transactional,,office chair canada
home office ideas,1900,23,0.86,HIGH,informational,,office chair canada
desk with drawers,1900,0,0.9,HIGH,transactional,,office chair canada
stand up desk,1900,12,3.59,HIGH,transactional,,office chair canada
desk shelf,1900,0,0.69,HIGH,transactional,,office chair canada
secret labs desk,1900,19,0.65,HIGH,transactional,,office chair canada
your dream desk,1900,9,0.59,LOW,informational,"transactional,commercial",office chair canada
zoho desk,1900,33,30.07,LOW,transactional,,office chair canada
office unicity,1900,0,,LOW,navigational,,office chair canada
kids desk chair,1900,0,0.64,HIGH,transactional,,office chair canada
school desk,1900,0,1.17,MEDIUM,informational,"transactional,navigational",office chair canada
walmart desk,1900,0,0.18,HIGH,transactional,,office chair canada
home office,1900,50,1.53,HIGH,informational,,office chair canada
height adjustable desk,1900,3,1.61,HIGH,transactional,,office chair canada
staples desks,1900,5,1.27,HIGH,transactional,,office chair canada
office table,1900,0,1.87,HIGH,transactional,,office chair canada
denis office supplies,1900,0,5.32,LOW,navigational,,office chair canada
office chair mat,1900,0,1.15,HIGH,transactional,,office chair canada
gabe office,1900,12,,LOW,navigational,,office chair canada
desk pad,1900,0,0.71,HIGH,transactional,,office chair canada
herman miller office chair,1900,6,1.78,HIGH,transactional,,office chair canada
flexispot standing desk,1600,0,1.51,HIGH,transactional,,office chair canada
desk fan,1600,0,0.61,HIGH,transactional,,office chair canada
best ergonomic office chair,1600,14,3.97,HIGH,commercial,transactional,office chair canada
office background,1600,0,0.17,LOW,informational,commercial,office chair canada
heritage office furnishings,1600,8,12.49,LOW,navigational,,office chair canada
desk with hutch,1600,0,0.88,HIGH,transactional,,office chair canada
meredith office,1600,22,,LOW,navigational,,office chair canada
office chair sale,1600,0,1.03,HIGH,transactional,,office chair canada
bunk bed with desk,1600,0,0.64,HIGH,transactional,,office chair canada
metropolitan office,1600,17,,LOW,navigational,,office chair canada
writing desk,1600,0,0.85,HIGH,transactional,,office chair canada
study desk,1600,0,0.58,HIGH,transactional,informational,office chair canada
office cleaning,1600,16,7.44,LOW,informational,,office chair canada
out of office,1600,11,0.21,LOW,informational,,office chair canada
electric standing desk,1600,0,1.85,HIGH,transactional,,office chair canada
chair source,1600,0,4.54,HIGH,informational,,office chair canada
foot rest under desk,1600,0,0.71,HIGH,transactional,,office chair canada
monitor stand for desk,1600,0,1.19,HIGH,transactional,,office chair canada
secretary desk,1600,0,0.7,HIGH,transactional,,office chair canada
laptop stand for desk,1600,2,0.65,HIGH,transactional,,office chair canada
desk riser,1300,0,1.25,HIGH,transactional,,office chair canada
office chairs canadian tire,1300,0,0.67,HIGH,navigational,transactional,office chair canada
work desk,1300,0,1.31,HIGH,transactional,informational,office chair canada
office chair no wheels,1300,0,1.06,HIGH,transactional,,office chair canada
folding desk,1300,0,0.61,HIGH,transactional,,office chair canada
outlook out of office,1300,7,,LOW,informational,,office chair canada
walmart office chairs,1300,9,0.31,HIGH,transactional,,office chair canada
executive desk,1300,0,2.94,HIGH,navigational,informational,office chair canada
christie's office plus,1300,0,0.19,LOW,navigational,"informational,commercial",office chair canada
madill office,1300,0,21.84,LOW,navigational,,office chair canada
desk risers,1300,0,1.25,HIGH,transactional,,office chair canada
office cubicle,1300,0,12.02,HIGH,transactional,,office chair canada
suite office,1300,57,2.19,MEDIUM,navigational,,office chair canada
darryl office,1300,16,,LOW,navigational,,office chair canada
karen office,1300,9,,LOW,navigational,"informational,commercial",office chair canada
office decor,1300,0,0.67,HIGH,commercial,"transactional,informational",office chair canada
standing desk converter,1300,0,1.51,HIGH,transactional,,office chair canada
roll top desk,1300,0,0.54,HIGH,transactional,,office chair canada
office for men,1300,0,0.25,HIGH,informational,commercial,office chair canada
desk for sale,1300,0,1.26,HIGH,transactional,,office chair canada
office move pro,1300,5,3.63,LOW,transactional,commercial,office chair canada
standard desk height,1300,0,1.01,MEDIUM,informational,,office chair canada
office building,1000,11,3.75,LOW,informational,"navigational,commercial",office chair canada
wall mounted desk,1000,0,0.72,HIGH,transactional,,office chair canada
structube office chair,1000,0,0.55,HIGH,transactional,,office chair canada
adjustable standing desk,1000,0,2.83,HIGH,transactional,,office chair canada
mose office,1000,4,,LOW,navigational,,office chair canada
source office furniture edmonton,1000,0,1.22,MEDIUM,navigational,,office chair canada
vanity desk mirror,1000,0,0.67,HIGH,transactional,,office chair canada
vanity desk with mirror,1000,0,0.67,HIGH,transactional,,office chair canada
ergonomic desk,1000,0,2.76,HIGH,transactional,,office chair canada
bed desk,1000,0,0.43,HIGH,transactional,,office chair canada
floating desk,1000,0,0.57,HIGH,transactional,,office chair canada
the office dinner party,1000,16,,LOW,informational,,office chair canada
office chair amazon,1000,0,0.5,HIGH,transactional,,office chair canada
dinner party office,1000,9,,LOW,commercial,"informational,transactional",office chair canada
desk accessories,1000,0,0.89,HIGH,transactional,,office chair canada
td return to office,1000,3,,LOW,informational,navigational,office chair canada
desk height,1000,0,1.6,HIGH,informational,transactional,office chair canada
desk calendar,1000,0,0.64,HIGH,transactional,informational,office chair canada
ergonomic desk chair,1000,0,2.22,HIGH,transactional,,office chair canada
comfortable office chair,1000,14,1.51,HIGH,transactional,,office chair canada
desk with storage,1000,0,0.78,HIGH,transactional,,office chair canada
uplift desk,1000,17,1.68,HIGH,transactional,,office chair canada
ergocentric chairs,1000,9,1.59,HIGH,transactional,,office chair canada
dinner party the office,1000,15,,LOW,commercial,informational,office chair canada
desk foot rest,1000,0,0.71,HIGH,transactional,,office chair canada
makeup desk,1000,0,0.69,HIGH,transactional,,office chair canada
leather office chair,1000,0,2.25,HIGH,transactional,,office chair canada
small computer desk,1000,0,0.65,HIGH,transactional,,office chair canada
desk with bookshelf,1000,0,0.67,HIGH,transactional,,office chair canada
desk drawer,1000,0,1.02,HIGH,transactional,,office chair canada
sit stand desk canada,1000,0,5.5,HIGH,navigational,,office chair canada
office chair cushion,1000,0,0.7,HIGH,transactional,,office chair canada
white office chair,1000,0,1.45,HIGH,transactional,,office chair canada
office clothes men,1000,0,1.26,HIGH,transactional,"commercial,informational",office chair canada
desk for makeup,1000,0,0.69,HIGH,transactional,,office chair canada
best standing desk,880,8,5.64,HIGH,commercial,transactional,office chair canada
best buy office chairs,880,3,0.99,HIGH,transactional,,office chair canada
woodcroft strata office,880,0,7.93,LOW,navigational,,office chair canada
office trailer,880,0,11.48,MEDIUM,informational,commercial,office chair canada
meme office,880,0,,LOW,navigational,informational,office chair canada
corner desk small,880,0,0.82,HIGH,transactional,,office chair canada
home office chair,880,21,1.93,HIGH,transactional,,office chair canada
amazon desk,880,0,0.28,HIGH,navigational,transactional,office chair canada
wall desk,880,0,0.89,HIGH,transactional,,office chair canada
under desk drawer,880,0,1,HIGH,transactional,,office chair canada
black desk,880,0,1.59,HIGH,transactional,,office chair canada
office chair ergonomic,880,11,2.64,HIGH,transactional,,office chair canada
computer rack,880,0,3.39,LOW,transactional,,office chair canada
oval office desk,880,13,1.11,LOW,navigational,,office chair canada
desk light,880,0,0.59,HIGH,transactional,,office chair canada
desk legs,880,0,0.54,HIGH,transactional,,office chair canada
dual monitor desk mount,880,2,1.39,HIGH,transactional,,office chair canada
used office furniture,880,0,2.41,MEDIUM,transactional,,office chair canada
supreme office supplies,880,4,2.17,LOW,navigational,transactional,office chair canada
computer stand,880,0,0.74,HIGH,transactional,,office chair canada
best buy standing desk,880,0,0.47,HIGH,transactional,,office chair canada
l-shaped office desk,880,0,3.51,HIGH,transactional,,office chair canada
computer desk with drawers,880,0,0.91,HIGH,transactional,,office chair canada
office chair mat for carpet,880,0,0.9,HIGH,transactional,,office chair canada
office interiors,880,21,7.83,MEDIUM,informational,commercial,office chair canada
chaise de bureau costco,880,0,0.91,HIGH,transactional,,office chair canada
best office chairs canada,880,30,3.73,HIGH,commercial,,office chair canada
office decor ideas,880,8,0.72,HIGH,informational,,office chair canada
under desk bike,880,0,0.34,HIGH,transactional,,office chair canada
study chair,880,7,0.47,HIGH,transactional,,office chair canada
costco chaise de bureau,880,0,0.91,HIGH,transactional,,office chair canada
resolute desk,880,14,1.11,LOW,transactional,,office chair canada
computer desk canada,880,0,1.97,HIGH,navigational,,office chair canada
best office,880,3,2.86,MEDIUM,navigational,"informational,commercial",office chair canada
progressive desk,880,0,3.27,HIGH,transactional,,office chair canada
source office furniture calgary,880,0,1.26,MEDIUM,navigational,,office chair canada
amazon standing desk,880,0,0.57,HIGH,transactional,,office chair canada
office setup,720,25,1.96,HIGH,commercial,"transactional,informational",office chair canada
electric desk,720,0,1.15,HIGH,transactional,,office chair canada
standing desk with drawers,720,1,2.03,HIGH,transactional,,office chair canada
lumbar support for office chair,720,0,0.94,HIGH,transactional,,office chair canada
desk table,720,0,0.89,HIGH,transactional,,office chair canada
cheap office chairs,720,1,0.93,HIGH,transactional,,office chair canada
comfy office chair,720,7,0.9,HIGH,transactional,,office chair canada
drawing desk,720,0,0.59,HIGH,transactional,informational,office chair canada
white desk with drawers,720,0,1,HIGH,transactional,,office chair canada
office work,720,14,1.44,LOW,informational,,office chair canada
l shaped standing desk,720,0,3.27,HIGH,transactional,,office chair canada
coffee table,49500,0,0.93,HIGH,transactional,,conference table
series a italy table,33100,49,,LOW,informational,,conference table
dining table,27100,0,1.2,HIGH,transactional,,conference table
table,27100,7,0.66,HIGH,transactional,informational,conference table
console table,22200,0,0.82,HIGH,transactional,,conference table
dining chairs,22200,0,1.6,HIGH,transactional,,conference table
table rock centre,22200,3,0.44,LOW,transactional,navigational,conference table
pool table,22200,0,0.61,HIGH,transactional,,conference table
side table,14800,0,0.75,HIGH,transactional,,conference table
folding table,14800,0,0.46,HIGH,transactional,,conference table
table 51,14800,0,0.89,LOW,informational,navigational,conference table
transformer table,14800,3,0.79,HIGH,transactional,,conference table
table lamps,12100,0,0.62,HIGH,transactional,,conference table
dining table set,12100,0,0.77,HIGH,transactional,,conference table
man u table,12100,14,,LOW,transactional,navigational,conference table
man united table,12100,14,,LOW,navigational,informational,conference table
fire table,9900,0,0.66,HIGH,transactional,,conference table
bedside table,9900,0,0.89,HIGH,transactional,,conference table
normal table,9900,8,,LOW,informational,,conference table
round coffee table,9900,0,0.88,HIGH,transactional,,conference table
extendable dining table,8100,0,1.21,HIGH,transactional,,conference table
arsenal table,8100,25,,LOW,transactional,,conference table
ping pong table,8100,0,0.57,HIGH,transactional,,conference table
mtl a table,8100,0,1.01,LOW,transactional,,conference table
picnic table,8100,0,1.55,HIGH,transactional,,conference table
table rock,8100,19,0.14,LOW,transactional,,conference table
round dining table,8100,0,1.15,HIGH,transactional,,conference table
table de salon,8100,0,0.6,HIGH,transactional,,conference table
table mountain,8100,9,0.84,LOW,transactional,"navigational,informational",conference table
arsenal/table,8100,25,,LOW,transactional,"informational,navigational",conference table
table de cuisine,6600,0,0.72,HIGH,transactional,,conference table
foosball table,6600,0,0.58,HIGH,transactional,,conference table
kitchen table,6600,0,0.93,HIGH,transactional,,conference table
table top cafe,6600,3,0.19,LOW,navigational,transactional,conference table
table runner,6600,0,0.76,HIGH,transactional,,conference table
end tables,6600,0,0.82,HIGH,transactional,,conference table
foldable table,6600,0,0.42,HIGH,transactional,,conference table
lego table,5400,0,0.41,HIGH,transactional,,conference table
entryway table,5400,0,0.77,HIGH,transactional,,conference table
air hockey table,5400,0,0.42,HIGH,transactional,,conference table
round table,5400,0,0.93,HIGH,transactional,,conference table
knights table,5400,6,0.6,LOW,transactional,,conference table
sofa table,5400,0,0.69,HIGH,transactional,,conference table
lift top coffee table,5400,0,0.98,HIGH,transactional,,conference table
table nineteen whistler,4400,0,0.35,LOW,navigational,transactional,conference table
router table,4400,0,0.42,HIGH,transactional,,conference table
table setting,4400,6,0.46,HIGH,transactional,informational,conference table
vanity table,4400,0,0.6,HIGH,transactional,,conference table
poker table,4400,0,0.61,HIGH,transactional,,conference table
gaming table,4400,0,0.76,HIGH,transactional,,conference table
wood coffee table,4400,0,1.01,HIGH,transactional,,conference table
changing table,4400,0,0.8,HIGH,transactional,,conference table
bar table,4400,0,1.03,HIGH,transactional,,conference table
propane fire table,4400,5,0.57,HIGH,transactional,,conference table
folding table canadian tire,4400,0,0.8,HIGH,transactional,,conference table
coffee table with storage,4400,0,0.82,HIGH,transactional,,conference table
dining room table,4400,0,1.29,HIGH,transactional,,conference table
puzzle table,4400,0,0.54,HIGH,transactional,,conference table
tv table,4400,0,0.55,HIGH,transactional,,conference table
patio table,4400,0,0.63,HIGH,transactional,,conference table
kids table and chairs,4400,0,0.44,HIGH,transactional,,conference table
coffee tables canada,3600,0,1.26,HIGH,commercial,transactional,conference table
structube dining table,3600,0,0.33,HIGH,transactional,,conference table
kitchen table and chairs,3600,0,0.87,HIGH,transactional,,conference table
study table,3600,0,0.35,HIGH,transactional,informational,conference table
table legs,3600,0,0.63,HIGH,transactional,,conference table
chef's table,3600,38,1.08,LOW,informational,transactional,conference table
massage table,3600,0,0.94,HIGH,transactional,,conference table
dressing table,3600,0,0.55,HIGH,transactional,,conference table
12 tables,3600,14,0.26,LOW,transactional,,conference table
the kitchen table,3600,2,1.18,LOW,informational,transactional,conference table
side table for living room,3600,0,0.8,HIGH,transactional,,conference table
night table,3600,0,0.84,HIGH,transactional,,conference table
structube coffee table,3600,0,0.34,HIGH,transactional,,conference table
table a langer,3600,0,0.69,HIGH,transactional,,conference table
marble coffee table,3600,0,1.58,HIGH,transactional,,conference table
outdoor table,3600,0,0.79,HIGH,transactional,,conference table
patio table and chairs,2900,2,0.67,HIGH,transactional,,conference table
oval dining table,2900,0,1.65,HIGH,transactional,,conference table
structube dining chairs,2900,0,0.47,HIGH,transactional,,conference table
behind couch table,2900,0,0.53,HIGH,transactional,,conference table
bar chairs,2900,0,1.13,HIGH,transactional,,conference table
table a manger,2900,0,0.8,HIGH,transactional,,conference table
glass coffee table,2900,0,0.82,HIGH,transactional,,conference table
vancouver table,2900,0,4.01,LOW,informational,"navigational,transactional",conference table
table d'appoint salon,2900,0,0.64,HIGH,transactional,,conference table
dining table and chairs,2900,0,0.84,HIGH,transactional,,conference table
folding step stool,2900,0,0.47,HIGH,transactional,,conference table
wooden table,2900,0,0.91,HIGH,transactional,,conference table
extendable round dining table,2900,0,1.12,HIGH,transactional,,conference table
snooker table,2900,0,1.28,MEDIUM,transactional,,conference table
nesting tables,2900,0,0.81,HIGH,transactional,informational,conference table
small table,2900,0,0.46,HIGH,transactional,,conference table
table salon,2900,0,0.66,HIGH,commercial,"transactional,navigational",conference table
enchanting table,2900,14,0.02,LOW,transactional,,conference table
breakfast table,2900,0,0.91,HIGH,transactional,,conference table
camping table,2900,0,0.34,HIGH,transactional,,conference table
table top,2900,0,0.63,HIGH,transactional,,conference table
open tables,2900,30,0.91,LOW,informational,commercial,conference table
small coffee table,2900,0,0.82,HIGH,transactional,,conference table
computer table,2400,0,0.57,HIGH,transactional,,conference table
wooden dining table,2400,0,1.06,HIGH,transactional,,conference table
round wood coffee table,2400,0,1.18,HIGH,transactional,,conference table
table and chairs,2400,0,0.71,HIGH,transactional,,conference table
folding stool,2400,0,0.32,HIGH,transactional,,conference table
small dining table,2400,0,0.73,HIGH,transactional,,conference table
changing table dresser,2400,0,0.76,HIGH,transactional,,conference table
modern coffee table,2400,0,1.39,HIGH,transactional,,conference table
small folding table,2400,0,0.43,HIGH,transactional,,conference table
walmart folding table,2400,0,0.14,HIGH,transactional,,conference table
console table for entryway,2400,0,0.99,HIGH,transactional,,conference table
chi square table,2400,16,,LOW,transactional,informational,conference table
outdoor side table,2400,0,0.77,HIGH,transactional,,conference table
ottoman coffee table,2400,0,0.83,HIGH,transactional,,conference table
folding camping table,2400,0,0.37,HIGH,transactional,,conference table
jill's table,2400,14,0.44,LOW,navigational,,conference table
brew table,2400,0,0.55,LOW,transactional,,conference table
console table entryway,2400,0,0.99,HIGH,transactional,navigational,conference table
dining table set for 6,2400,0,0.7,HIGH,transactional,,conference table
outdoor coffee table,2400,0,1.21,HIGH,transactional,,conference table
end tables for living room,2400,0,0.88,HIGH,transactional,,conference table
table basse salon,2400,0,0.76,HIGH,transactional,,conference table
kids table,2400,0,0.47,HIGH,transactional,,conference table
harvest table,2400,0,0.77,HIGH,transactional,,conference table
dining table set for 4,1900,0,0.6,HIGH,transactional,,conference table
crafting table,1900,12,0.6,HIGH,transactional,,conference table
the table,1900,20,0.02,LOW,informational,,conference table
buffet table,1900,0,0.74,HIGH,transactional,,conference table
oblong coffee table,1900,0,1.06,HIGH,transactional,,conference table
pool table for sale,1900,0,0.78,HIGH,transactional,,conference table
table cuisine,1900,0,0.69,HIGH,transactional,informational,conference table
three times tables,1900,14,0.09,MEDIUM,informational,,conference table
wayfair coffee table,1900,0,0.86,HIGH,transactional,,conference table
bistro table,1900,0,1.26,HIGH,transactional,,conference table
4 times table,1900,0,0.07,MEDIUM,transactional,informational,conference table
drafting table,1900,0,0.78,HIGH,informational,transactional,conference table
square coffee table,1900,0,1.02,HIGH,transactional,,conference table
small side table,1900,0,0.62,HIGH,transactional,,conference table
marble dining table,1900,0,1.51,HIGH,transactional,,conference table
black coffee table,1900,0,1.25,HIGH,transactional,,conference table
narrow console table,1900,0,0.76,HIGH,transactional,,conference table
table fan,1900,0,0.31,HIGH,transactional,,conference table
bed table,1900,0,0.43,HIGH,transactional,,conference table
console table narrow,1900,0,0.76,HIGH,transactional,,conference table
outdoor dining table,1900,0,1.07,HIGH,transactional,,conference table
folding picnic table,1900,0,1.18,HIGH,transactional,,conference table
dining table with bench,1900,0,0.81,HIGH,transactional,,conference table
shuffleboard table,1900,0,0.46,HIGH,transactional,,conference table
table cream,1900,0,0.19,HIGH,transactional,informational,conference table
foldable dining table,1900,0,0.55,HIGH,transactional,,conference table
and truth table,1900,8,0.21,LOW,informational,,conference table
fire pit table,1900,0,0.64,HIGH,transactional,,conference table
living room table,1900,0,0.88,HIGH,transactional,,conference table
dining chairs set of 4,1900,0,0.88,HIGH,transactional,,conference table
accent table,1900,0,0.77,HIGH,transactional,,conference table
outdoor table and chairs,1900,0,0.84,HIGH,transactional,,conference table
nesting coffee tables,1900,0,1.08,HIGH,transactional,,conference table
bakers table,1900,7,3.82,LOW,transactional,,conference table
laptop table,1900,0,0.44,HIGH,transactional,,conference table
card table,1900,0,0.48,HIGH,transactional,,conference table
how to make enchanting table,1900,9,0.02,LOW,informational,,conference table
small kitchen table,1900,0,0.65,HIGH,transactional,,conference table
round dining table for 4,1900,0,0.91,HIGH,transactional,,conference table
hallway table,1900,0,0.72,HIGH,transactional,,conference table
oval coffee table,1900,0,1.06,HIGH,transactional,,conference table
coffee table decor,1900,0,0.59,HIGH,commercial,transactional,conference table
console table with storage,1900,0,0.77,HIGH,transactional,,conference table
stainless steel table,1600,0,3.31,HIGH,transactional,,conference table
live edge dining table,1600,0,0.75,HIGH,transactional,,conference table
plastic folding table,1600,0,0.74,HIGH,transactional,,conference table
deck chairs,1600,0,0.66,HIGH,transactional,,conference table
grazing table,1600,0,1.15,LOW,transactional,,conference table
board game table,1600,0,0.6,HIGH,transactional,,conference table
table patio,1600,0,0.54,HIGH,transactional,,conference table
solid wood dining table,1600,0,1.4,HIGH,transactional,,conference table
costco dining table,1600,0,0.61,HIGH,transactional,,conference table
dining chairs set of 6,1600,0,0.97,HIGH,transactional,,conference table
makeup table,1600,0,0.66,HIGH,transactional,,conference table
wood side table,1600,0,0.97,HIGH,transactional,,conference table
spl table,1600,33,,LOW,informational,transactional,conference table
table definition,1600,29,,LOW,informational,,conference table
sewing table,1600,0,0.54,HIGH,transactional,,conference table
welding table,1600,0,1.03,HIGH,transactional,,conference table
enchanting table setup,1600,5,0.02,LOW,transactional,,conference table
glass dining table,1600,0,0.91,HIGH,transactional,,conference table
foldable outdoor table,1600,0,0.56,HIGH,transactional,,conference table
the brick coffee tables,1600,0,0.46,HIGH,transactional,,conference table
work table,1600,0,1.49,HIGH,transactional,,conference table
how to set a table,1600,12,0.08,MEDIUM,informational,,conference table
kitchen island table,1600,0,0.58,HIGH,transactional,,conference table
round ottoman,1600,0,0.83,HIGH,transactional,,conference table
live edge table,1600,0,0.64,HIGH,transactional,,conference table
round coffee table with storage,1600,0,0.98,HIGH,transactional,,conference table
ligue a table,1600,31,,LOW,transactional,,conference table
side table for bedroom,1600,0,0.62,HIGH,transactional,,conference table
the grateful table,1600,3,,LOW,informational,navigational,conference table
round kitchen table,1600,0,1.05,HIGH,transactional,,conference table
grateful table,1600,5,,LOW,transactional,,conference table
counter height table,1600,0,1.1,HIGH,transactional,,conference table
round side table,1600,0,0.86,HIGH,transactional,,conference table
office,110000,98,0.79,LOW,informational,,office pod
office chair,33100,16,1.68,HIGH,transactional,,office pod
office space,18100,23,8.03,LOW,commercial,informational,office pod
office desk,9900,0,3.16,HIGH,transactional,,office pod
ergonomic office chair,9900,2,2.01,HIGH,transactional,,office pod
the office movers,8100,6,,LOW,commercial,,office pod
open office,8100,70,0.78,LOW,informational,navigational,office pod
work from home,8100,0,2.51,MEDIUM,informational,,office pod
the office moving,8100,5,,LOW,navigational,"informational,commercial",office pod
staples office chairs,6600,0,0.91,HIGH,transactional,,office pod
office furniture,5400,3,15.72,HIGH,transactional,commercial,office pod
best office chairs,4400,17,3.77,HIGH,commercial,transactional,office pod
erin office,4400,17,,LOW,navigational,,office pod
source office furniture,4400,13,1.1,HIGH,navigational,,office pod
office pools guest,4400,15,0.03,LOW,navigational,,office pod
office customization tool,3600,15,3.95,LOW,informational,"commercial,navigational",office pod
monk office,3600,9,4.5,LOW,informational,navigational,office pod
return to office,2900,0,,LOW,informational,,office pod
the office grind,2900,0,0.05,LOW,informational,,office pod
home office desk,2900,0,2.04,HIGH,transactional,,office pod
office chairs canada,2900,0,3.01,HIGH,navigational,"commercial,transactional",office pod
toby office,2900,13,,LOW,navigational,,office pod
creed bratton office,2900,11,,LOW,navigational,,office pod
break room,2400,10,0.5,LOW,informational,"navigational,transactional",office pod
standing desk canada,2400,0,5.66,HIGH,commercial,"navigational,transactional",office pod
lazyboy office chair,2400,0,1.5,HIGH,transactional,,office pod
standing desks canada,2400,0,5.66,HIGH,commercial,"navigational,transactional",office pod
the brick corporate office,2400,0,1.08,LOW,navigational,,office pod
home office ideas,1900,23,0.86,HIGH,informational,,office pod
office unicity,1900,0,,LOW,navigational,,office pod
home office,1900,50,1.53,HIGH,informational,,office pod
office table,1900,0,1.87,HIGH,transactional,,office pod
denis office supplies,1900,0,5.32,LOW,navigational,,office pod
office chair mat,1900,0,1.15,HIGH,transactional,,office pod
gabe office,1900,12,,LOW,navigational,,office pod
herman miller office chair,1900,6,1.78,HIGH,transactional,,office pod
best ergonomic office chair,1600,14,3.97,HIGH,commercial,transactional,office pod
office background,1600,0,0.17,LOW,informational,commercial,office pod
heritage office furnishings,1600,8,12.49,LOW,navigational,,office pod
meeting room,1600,11,8.71,LOW,informational,navigational,office pod
meredith office,1600,22,,LOW,navigational,,office pod
office chair sale,1600,0,1.03,HIGH,transactional,,office pod
metropolitan office,1600,17,,LOW,navigational,,office pod
office cleaning,1600,16,7.44,LOW,informational,,office pod
out of office,1600,11,0.21,LOW,informational,,office pod
office chairs canadian tire,1300,0,0.67,HIGH,navigational,transactional,office pod
office chair no wheels,1300,0,1.06,HIGH,transactional,,office pod
outlook out of office,1300,7,,LOW,informational,,office pod
trade show booth,1300,0,18.89,HIGH,transactional,commercial,office pod
walmart office chairs,1300,9,0.31,HIGH,transactional,,office pod
christie's office plus,1300,0,0.19,LOW,navigational,"informational,commercial",office pod
madill office,1300,0,21.84,LOW,navigational,,office pod
office cubicle,1300,0,12.02,HIGH,transactional,,office pod
suite office,1300,57,2.19,MEDIUM,navigational,,office pod
darryl office,1300,16,,LOW,navigational,,office pod
karen office,1300,9,,LOW,navigational,"informational,commercial",office pod
office decor,1300,0,0.67,HIGH,commercial,"transactional,informational",office pod
office for men,1300,0,0.25,HIGH,informational,commercial,office pod
desk for sale,1300,0,1.26,HIGH,transactional,,office pod
office move pro,1300,5,3.63,LOW,transactional,commercial,office pod
office building,1000,11,3.75,LOW,informational,"navigational,commercial",office pod
structube office chair,1000,0,0.55,HIGH,transactional,,office pod
mose office,1000,4,,LOW,navigational,,office pod
source office furniture edmonton,1000,0,1.22,MEDIUM,navigational,,office pod
the office dinner party,1000,16,,LOW,informational,,office pod
office chair amazon,1000,0,0.5,HIGH,transactional,,office pod
dinner party office,1000,9,,LOW,commercial,"informational,transactional",office pod
conference room,1000,8,5.51,LOW,navigational,,office pod
td return to office,1000,3,,LOW,informational,navigational,office pod
comfortable office chair,1000,14,1.51,HIGH,transactional,,office pod
dinner party the office,1000,15,,LOW,commercial,informational,office pod
leather office chair,1000,0,2.25,HIGH,transactional,,office pod
sit stand desk canada,1000,0,5.5,HIGH,navigational,,office pod
office chair cushion,1000,0,0.7,HIGH,transactional,,office pod
white office chair,1000,0,1.45,HIGH,transactional,,office pod
office clothes men,1000,0,1.26,HIGH,transactional,"commercial,informational",office pod
best buy office chairs,880,3,0.99,HIGH,transactional,,office pod
woodcroft strata office,880,0,7.93,LOW,navigational,,office pod
office trailer,880,0,11.48,MEDIUM,informational,commercial,office pod
meme office,880,0,,LOW,navigational,informational,office pod
home office chair,880,21,1.93,HIGH,transactional,,office pod
indeed work from home,880,0,2.23,LOW,informational,,office pod
office chair ergonomic,880,11,2.64,HIGH,transactional,,office pod
oval office desk,880,13,1.11,LOW,navigational,,office pod
used office furniture,880,0,2.41,MEDIUM,transactional,,office pod
supreme office supplies,880,4,2.17,LOW,navigational,transactional,office pod
staff room,880,0,,LOW,navigational,"transactional,informational",office pod
l-shaped office desk,880,0,3.51,HIGH,transactional,,office pod
office chair mat for carpet,880,0,0.9,HIGH,transactional,,office pod
office interiors,880,21,7.83,MEDIUM,informational,commercial,office pod
best office chairs canada,880,30,3.73,HIGH,commercial,,office pod
office decor ideas,880,8,0.72,HIGH,informational,,office pod
server room,880,17,2.91,LOW,commercial,"informational,navigational",office pod
computer desk canada,880,0,1.97,HIGH,navigational,,office pod
best office,880,3,2.86,MEDIUM,navigational,"informational,commercial",office pod
source office furniture calgary,880,0,1.26,MEDIUM,navigational,,office pod
office setup,720,25,1.96,HIGH,commercial,"transactional,informational",office pod
lumbar support for office chair,720,0,0.94,HIGH,transactional,,office pod
cheap office chairs,720,1,0.93,HIGH,transactional,,office pod
comfy office chair,720,7,0.9,HIGH,transactional,,office pod
office work,720,14,1.44,LOW,informational,,office pod
intelligent office,720,12,2.82,LOW,navigational,informational,office pod
office pods,720,1,10.03,HIGH,transactional,,office pod
home office design,720,27,1.33,HIGH,informational,commercial,office pod
mesh office chair,720,0,2.4,HIGH,transactional,,office pod
pink office chair,720,0,0.9,HIGH,transactional,,office pod
office cabinet,720,0,3.17,HIGH,transactional,,office pod
the office lego set,720,0,0.22,HIGH,transactional,,office pod
reclining office chair,720,0,1.16,HIGH,transactional,,office pod
t2200 work from home,720,7,2.6,LOW,informational,,office pod
office chairs calgary,720,0,2.4,HIGH,navigational,,office pod
co-op office,720,51,2.37,LOW,navigational,,office pod
office chair with footrest,720,0,1.24,HIGH,transactional,,office pod
office party,720,32,,LOW,informational,,office pod
used office furniture calgary,720,0,1.04,HIGH,commercial,transactional,office pod
massage office chair,720,0,1.38,HIGH,transactional,,office pod
office desk canada,720,0,5.43,HIGH,navigational,commercial,office pod
office chair wheels,720,0,0.84,HIGH,transactional,,office pod
small office desk,720,0,1.16,HIGH,transactional,,office pod
office suite,720,46,1.74,MEDIUM,transactional,"informational,navigational",office pod
small office home office definition,720,1,,LOW,informational,,office pod
computer chairs on sale,720,0,0.61,HIGH,transactional,,office pod
office furniture calgary,720,0,4.49,HIGH,navigational,,office pod
most comfortable office chair,590,19,1.77,HIGH,informational,commercial,office pod
office plants,590,3,1.1,HIGH,transactional,commercial,office pod
steelcase office chair,590,4,2.7,HIGH,transactional,,office pod
trellis main office,590,13,,LOW,navigational,,office pod
wayfair office chair,590,0,1.78,HIGH,transactional,navigational,office pod
mobile office,590,0,9.46,MEDIUM,transactional,,office pod
office chairs edmonton,590,0,2.03,HIGH,navigational,"commercial,transactional",office pod
office desk with drawers,590,0,2.34,HIGH,transactional,,office pod
office chairs toronto,590,0,4.6,HIGH,navigational,commercial,office pod
used office chairs,590,0,2.1,HIGH,transactional,,office pod
office moving,590,0,5.04,LOW,commercial,,office pod
home office furniture,590,0,2.15,HIGH,transactional,"navigational,commercial",office pod
office furniture stores,590,1,5.26,LOW,commercial,,office pod
office storage,590,0,1.85,HIGH,transactional,commercial,office pod
office chair cover,590,0,0.42,HIGH,transactional,,office pod
scentsy canada workstation,590,21,3.27,LOW,navigational,,office pod
office drawers,590,0,1.21,HIGH,transactional,,office pod
atwork office furniture,590,0,2.26,HIGH,navigational,,office pod
office couch,590,0,3.29,HIGH,transactional,,office pod
best budget office chair,590,24,1.82,HIGH,commercial,transactional,office pod
portable office,590,0,8.62,HIGH,transactional,,office pod
serta office chair,590,0,0.68,HIGH,transactional,,office pod
office furniture edmonton,590,0,4.04,HIGH,navigational,,office pod
brown leather office chair,480,0,3.2,HIGH,transactional,,office pod
office dividers,480,0,7.27,HIGH,transactional,,office pod
used office furniture toronto,480,19,2.75,HIGH,commercial,transactional,office pod
office chair on sale,480,0,1.25,HIGH,transactional,,office pod
best home office chair,480,20,3.71,HIGH,commercial,,office pod
shared office space,480,13,11.57,LOW,commercial,informational,office pod
office desk chair,480,0,3.03,HIGH,transactional,,office pod
folding office chair,480,0,0.95,HIGH,transactional,,office pod
regus office space,480,0,9.44,MEDIUM,navigational,,office pod
office chairs vancouver,480,0,3.9,HIGH,navigational,commercial,office pod
evergreen office spaces,480,1,0.93,LOW,navigational,,office pod
ergonomic office chair canada,480,1,3.96,HIGH,navigational,,office pod
source office furniture vancouver,480,0,0.92,MEDIUM,navigational,,office pod
office ideas,480,28,1.12,HIGH,informational,commercial,office pod
stones office,480,0,4.25,LOW,navigational,,office pod
office rug,480,0,1.29,HIGH,transactional,,office pod
home office setup,480,13,1.1,HIGH,informational,,office pod
meme office space,480,0,,LOW,navigational,informational,office pod
pam office,480,33,,LOW,navigational,,office pod
vancouver office chairs,480,0,3.9,HIGH,navigational,"transactional,commercial",office pod
murphy bed with desk canada,480,0,1.24,HIGH,navigational,transactional,office pod
home office desk canada,480,0,2.53,HIGH,navigational,,office pod
office lamp,480,0,1.08,HIGH,transactional,,office pod
milton office space,480,11,11.21,LOW,navigational,,office pod
small office ideas for home,480,28,0.65,HIGH,informational,,office pod
monarch office supply,480,0,12.77,MEDIUM,navigational,,office pod
jim office,480,30,,LOW,navigational,,office pod
small home office ideas,480,22,0.65,HIGH,informational,,office pod
small office chair,480,2,0.85,HIGH,transactional,,office pod
office organizer,480,0,1.51,HIGH,transactional,commercial,office pod
ontario return to office,480,5,,LOW,informational,navigational,office pod
office furniture toronto,480,0,9.7,HIGH,navigational,commercial,office pod
fun office pools,480,44,,LOW,informational,"navigational,commercial",office pod
office space memes,480,0,,LOW,informational,,office pod
office chair vancouver,480,0,3.9,HIGH,navigational,transactional,office pod
stone's office supply,480,0,4.25,LOW,navigational,"transactional,commercial",office pod
office space meme,480,0,,LOW,informational,,office pod
barry's office furniture,480,0,1.21,MEDIUM,navigational,,office pod
office chair walmart,480,0,0.26,HIGH,transactional,,office pod
best office chair for back pain,390,28,2.35,HIGH,commercial,informational,office pod
winnipeg office furniture,390,0,4.54,HIGH,navigational,,office pod
eames office chair,390,0,1.45,HIGH,transactional,,office pod
jysk office chairs,390,0,1.26,HIGH,transactional,navigational,office pod
office space bill lumbergh,390,3,,LOW,informational,"navigational,commercial",office pod
meeting spaces,390,9,7.27,LOW,informational,"commercial,navigational",office pod
diy desk,390,0,0.75,MEDIUM,transactional,,office pod
blue prince office safe,390,0,,LOW,transactional,"navigational,informational",office pod
small office ideas,390,22,0.63,HIGH,informational,commercial,office pod
lumbergh office space,390,13,,LOW,navigational,,office pod
office desk staples,390,0,2,HIGH,transactional,,office pod
office furniture vancouver,390,0,6.42,HIGH,navigational,,office pod
black office chair,390,0,2.11,HIGH,transactional,,office pod
computer desk sale,390,0,0.66,HIGH,transactional,,office pod
office furniture winnipeg,390,0,4.54,HIGH,navigational,,office pod
staples,2240000,65,0.55,LOW,transactional,informational,filing cabinet
staples printing,90500,13,0.96,LOW,navigational,"transactional,commercial",filing cabinet
staples open,5400,8,1.5,LOW,informational,"transactional,navigational",filing cabinet
staples business cards,4400,0,1.66,MEDIUM,transactional,,filing cabinet
staples preferred,4400,0,1.71,LOW,navigational,,filing cabinet
nail file,4400,0,0.33,HIGH,transactional,,filing cabinet
staples flyer,2400,3,0.85,LOW,commercial,navigational,filing cabinet
line drawer,1900,22,0.54,LOW,transactional,,filing cabinet
whiteboard staples,1600,0,1.26,HIGH,transactional,,filing cabinet
business card print staples,1600,,1.68,MEDIUM,transactional,,filing cabinet
print staples,1600,0,0.75,MEDIUM,transactional,"commercial,navigational",filing cabinet
filing cabinet staples,1300,0,1.54,HIGH,transactional,,filing cabinet
laminating service staples,1300,0,0.63,LOW,commercial,transactional,filing cabinet
wooden letters,1300,3,0.44,HIGH,transactional,informational,filing cabinet
staples boxes,1300,0,1.99,HIGH,transactional,,filing cabinet
wood letters,1300,2,0.44,HIGH,informational,,filing cabinet
staples calendar,1300,0,0.51,HIGH,transactional,commercial,filing cabinet
staples binders,1300,0,0.65,HIGH,transactional,,filing cabinet
staples filing cabinet,1300,0,1.54,HIGH,transactional,,filing cabinet
staples printer paper,1300,0,0.17,HIGH,transactional,,filing cabinet
staples laminating service,1300,0,0.63,LOW,commercial,,filing cabinet
parquet file,1000,19,0.14,LOW,transactional,,filing cabinet
staples paper,1000,6,0.2,HIGH,transactional,,filing cabinet
staples laminating,1000,0,0.78,MEDIUM,transactional,commercial,filing cabinet
staples cardstock printing,1000,0,0.65,LOW,transactional,"navigational,commercial",filing cabinet
staples card printing,1000,0,1.18,MEDIUM,commercial,"transactional,navigational",filing cabinet
staples laminator,1000,0,1.08,HIGH,transactional,,filing cabinet
staples notebooks,1000,0,0.28,HIGH,transactional,,filing cabinet
staples tablets,880,0,0.25,HIGH,transactional,,filing cabinet
staples pens,880,0,2.02,HIGH,transactional,,filing cabinet
staples order,880,17,1.2,LOW,transactional,"navigational,commercial",filing cabinet
staples cardstock,880,0,0.22,HIGH,transactional,,filing cabinet
staples ink cartridges,720,0,0.77,HIGH,transactional,,filing cabinet
staples print order,720,0,3.26,LOW,transactional,"navigational,commercial",filing cabinet
2 inch binder,720,0,0.42,HIGH,transactional,,filing cabinet
staples booklet printing,720,0,3.23,HIGH,navigational,"transactional,commercial",filing cabinet
staples wrapping paper,720,0,0.14,HIGH,transactional,,filing cabinet
cabinet liners,720,2,0.51,HIGH,transactional,,filing cabinet
staples print and copy,720,18,,LOW,navigational,,filing cabinet
walmart notebooks,720,0,0.11,HIGH,transactional,,filing cabinet
walmart whiteboard,720,0,0.28,HIGH,transactional,,filing cabinet
staples cork board,720,0,1.18,HIGH,transactional,,filing cabinet
paper size in canada,720,3,0.11,LOW,informational,,filing cabinet
walmart white board,720,0,0.28,HIGH,transactional,,filing cabinet
staples notary,720,0,1.65,MEDIUM,navigational,,filing cabinet
walmart paper plates,590,0,0.13,HIGH,transactional,,filing cabinet
small notebook,590,3,5.11,HIGH,transactional,,filing cabinet
pencil case staples,590,0,0.17,HIGH,transactional,,filing cabinet
staples returns,590,13,,LOW,informational,navigational,filing cabinet
staples calendar printing,590,0,0.5,MEDIUM,commercial,"transactional,navigational",filing cabinet
walmart wrapping paper,590,14,0.25,HIGH,transactional,,filing cabinet
staples office supply,590,12,1.58,MEDIUM,navigational,transactional,filing cabinet
staples envelopes,590,0,2.01,HIGH,transactional,,filing cabinet
staples packaging,590,0,2.22,LOW,transactional,commercial,filing cabinet
scrapbooking supplies canada,590,9,0.86,HIGH,commercial,,filing cabinet
staples return,590,7,,LOW,informational,navigational,filing cabinet
pack of staples,590,0,2.22,LOW,transactional,,filing cabinet
paper plates walmart,590,0,0.13,HIGH,transactional,,filing cabinet
staples invitation printing,480,0,0.81,MEDIUM,navigational,transactional,filing cabinet
staples foam board printing,480,0,1.41,MEDIUM,transactional,commercial,filing cabinet
wooden pen,480,0,0.69,HIGH,transactional,,filing cabinet
staples bubble wrap,480,0,1.15,HIGH,transactional,,filing cabinet
staples foam board,480,0,0.69,HIGH,transactional,,filing cabinet
staples cardboard boxes,480,0,1.6,HIGH,transactional,,filing cabinet
staples photocopying,480,4,0.41,LOW,navigational,"informational,transactional",filing cabinet
staples postcard printing,480,0,1.98,MEDIUM,transactional,"commercial,navigational",filing cabinet
staples ink,480,0,1.18,HIGH,transactional,,filing cabinet
staples queens plate,480,0,0.75,LOW,transactional,navigational,filing cabinet
staples file boxes,480,0,0.4,HIGH,transactional,,filing cabinet
staples frames,480,0,0.61,HIGH,transactional,,filing cabinet
canadian office supplies,480,21,2.64,MEDIUM,commercial,"transactional,navigational",filing cabinet
pulp of wood,480,2,,LOW,informational,,filing cabinet
wood pencil,480,0,0.69,HIGH,transactional,,filing cabinet
staples custom calendars,480,0,1.52,MEDIUM,transactional,commercial,filing cabinet
parchment paper walmart,480,0,0.04,HIGH,transactional,,filing cabinet
wood files,480,0,0.32,HIGH,informational,transactional,filing cabinet
wooden pens,480,0,0.69,HIGH,transactional,,filing cabinet
metal business cards,480,0,2.07,HIGH,transactional,commercial,filing cabinet
staples custom calendar,480,0,1.52,MEDIUM,transactional,commercial,filing cabinet
contact paper for cabinets,480,0,0.33,HIGH,navigational,,filing cabinet
wooden pencil,480,0,0.69,HIGH,transactional,,filing cabinet
staples mouse pad,390,0,0.24,HIGH,transactional,,filing cabinet
small binder,390,0,0.42,HIGH,transactional,,filing cabinet
wood contact paper,390,0,0.31,HIGH,informational,"transactional,navigational",filing cabinet
self print staples,390,0,,LOW,transactional,,filing cabinet
staples clipboard,390,0,1.07,HIGH,transactional,,filing cabinet
staples binding,390,0,0.34,MEDIUM,transactional,"informational,commercial",filing cabinet
laminating sheets staples,390,0,1.2,HIGH,transactional,,filing cabinet
staples post it notes,390,0,0.61,HIGH,transactional,,filing cabinet
stationery canada,390,0,1.08,HIGH,commercial,navigational,filing cabinet
small whiteboard,390,0,0.61,HIGH,transactional,,filing cabinet
staples laminating sheets,390,0,1.2,HIGH,transactional,,filing cabinet
canada colouring pages,390,0,0.06,LOW,informational,,filing cabinet
colouring pages canada,390,11,0.06,LOW,informational,,filing cabinet
staples 50 st,320,0,,LOW,transactional,,filing cabinet
staples mechanical pencils,320,0,0.11,HIGH,transactional,,filing cabinet
custom wrapping paper canada,320,0,1.11,HIGH,commercial,"transactional,navigational",filing cabinet
metal bookmarks,320,0,0.71,HIGH,transactional,,filing cabinet
staples will kit,320,0,0.58,HIGH,navigational,"transactional,informational",filing cabinet
staples flyer printing,320,5,1.82,HIGH,navigational,commercial,filing cabinet
2 binder,320,0,1.21,HIGH,transactional,,filing cabinet
"2"" binder",320,0,1.21,HIGH,transactional,,filing cabinet
staples magnets,320,0,1.24,HIGH,transactional,,filing cabinet
staples same day business cards,320,0,1.92,MEDIUM,transactional,,filing cabinet
staples binding services,320,0,1.52,LOW,navigational,,filing cabinet
journal with lock,320,0,0.31,HIGH,transactional,informational,filing cabinet
custom stationery canada,320,0,1.82,HIGH,commercial,navigational,filing cabinet
staples photo paper,320,0,0.17,HIGH,transactional,navigational,filing cabinet
staples copy paper,320,0,0.19,HIGH,transactional,,filing cabinet
staples on clark,320,0,,LOW,navigational,transactional,filing cabinet
number 2 pencil,320,0,0.25,MEDIUM,transactional,,filing cabinet
"2"" binders",320,0,1.21,HIGH,transactional,,filing cabinet
walmart chalkboard,320,0,0.27,HIGH,transactional,,filing cabinet
2 binders,320,0,1.21,HIGH,transactional,,filing cabinet
wood marker,260,0,0.26,HIGH,transactional,,filing cabinet
staples dry erase markers,260,0,1.39,HIGH,transactional,,filing cabinet
small pencil case,260,0,0.29,HIGH,transactional,,filing cabinet
no 2 pencil,260,0,0.42,LOW,transactional,,filing cabinet
wood stamp,260,0,0.48,HIGH,transactional,,filing cabinet
wooden alphabet blocks,260,0,0.49,HIGH,transactional,,filing cabinet
plastic file folders,260,0,0.97,HIGH,transactional,,filing cabinet
staples ca flyers,260,13,0.4,LOW,navigational,"transactional,informational",filing cabinet
walmart paper,260,0,0.16,HIGH,transactional,,filing cabinet
packing paper canadian tire,260,0,0.9,HIGH,transactional,,filing cabinet
staples flyer this week,260,32,0.09,LOW,commercial,informational,filing cabinet
staples book binding,260,0,0.97,MEDIUM,transactional,"commercial,informational",filing cabinet
about staples,260,21,,LOW,navigational,informational,filing cabinet
staples pencils,260,0,0.17,HIGH,transactional,,filing cabinet
staples packing tape,260,0,0.88,HIGH,transactional,,filing cabinet
letter size hanging file folders,260,0,0.87,HIGH,informational,"transactional,commercial",filing cabinet
wood clipart,260,0,,LOW,transactional,informational,filing cabinet
paper from wood pulp,260,2,0.08,LOW,informational,,filing cabinet
staples desk pad,260,0,1,HIGH,transactional,,filing cabinet
staples fountain pen,260,0,0.3,HIGH,transactional,,filing cabinet
2 pencils,260,0,0.27,LOW,transactional,,filing cabinet
bic 4 color pen,260,0,0.9,HIGH,transactional,,filing cabinet
staples folders,260,0,0.51,HIGH,transactional,,filing cabinet
staples a4 paper,260,0,0.1,HIGH,transactional,,filing cabinet
cardstock paper staples,210,0,0.19,HIGH,transactional,,filing cabinet
staples brochure printing,210,0,3.95,HIGH,navigational,,filing cabinet
small prints,210,0,1.79,MEDIUM,transactional,,filing cabinet
staples planner,210,0,0.23,HIGH,transactional,,filing cabinet
staples square one,210,0,,LOW,navigational,transactional,filing cabinet
staples projector,210,0,0.7,HIGH,transactional,,filing cabinet
hand file,210,0,0.37,HIGH,transactional,informational,filing cabinet
can staples laminate things,210,0,,LOW,informational,,filing cabinet
staples ink pad,210,0,0.21,HIGH,transactional,,filing cabinet
staples scrapbook,210,0,0.24,HIGH,transactional,,filing cabinet
best small notebooks,210,10,0.64,HIGH,commercial,,filing cabinet
staples cardstock paper,210,0,0.19,HIGH,transactional,,filing cabinet
staples marker,210,0,2.77,HIGH,transactional,informational,filing cabinet
wood sanding paper,210,0,0.23,HIGH,transactional,informational,filing cabinet
small bulletin board,210,0,0.59,HIGH,transactional,"informational,commercial",filing cabinet
staples page protectors,210,0,0.52,HIGH,transactional,,filing cabinet
canadian paper bills,210,9,0.14,LOW,informational,,filing cabinet
staples carbon paper,210,0,0.11,HIGH,transactional,,filing cabinet
staples erasable pens,210,0,0.2,HIGH,transactional,,filing cabinet
staples markers,210,0,2.77,HIGH,transactional,,filing cabinet
pampers 4,210,0,0.27,HIGH,transactional,,filing cabinet
staples graph paper,210,0,0.16,HIGH,transactional,,filing cabinet
staples sharpies,210,0,0.38,HIGH,transactional,,filing cabinet
receipt book staples,210,0,0.24,HIGH,navigational,"informational,transactional",filing cabinet
pencils walmart,210,0,0.15,HIGH,transactional,,filing cabinet
sheet protectors staples,210,0,0.52,HIGH,transactional,,filing cabinet
large print staples,210,0,0.92,MEDIUM,transactional,commercial,filing cabinet
staples sheet protectors,210,0,0.52,HIGH,transactional,,filing cabinet
staples tablet,210,0,0.78,HIGH,transactional,,filing cabinet
staples booklets,210,0,2.31,MEDIUM,transactional,,filing cabinet
staples daily planner,210,0,0.27,HIGH,transactional,,filing cabinet
walmart pencils,210,0,0.15,HIGH,transactional,,filing cabinet
paper file,210,0,0.62,HIGH,transactional,informational,filing cabinet
2 page spread,210,0,,LOW,informational,,filing cabinet
scrapbook staples,210,0,0.24,HIGH,transactional,"commercial,informational",filing cabinet
pencils at walmart,210,0,0.15,HIGH,transactional,,filing cabinet
staples invoice book,210,0,0.28,HIGH,informational,"navigational,transactional",filing cabinet
staples 10 off,210,24,1.28,LOW,transactional,commercial,filing cabinet
abrasive paper for wood,210,0,0.23,HIGH,transactional,,filing cabinet
small sketchbook,170,0,0.24,HIGH,transactional,,filing cabinet
walmart post it notes,170,0,0.09,HIGH,informational,"transactional,commercial",filing cabinet
staples business card holder,170,0,0.22,HIGH,transactional,,filing cabinet
walmart sticky notes,170,0,0.09,HIGH,transactional,,filing cabinet
trace paper staples,170,0,0.5,HIGH,transactional,,filing cabinet
tracing paper staples,170,0,0.5,HIGH,informational,,filing cabinet
staples tracing paper,170,0,0.5,HIGH,transactional,,filing cabinet
staples tenth line,170,0,,LOW,navigational,informational,filing cabinet
staples print out,170,9,0.11,LOW,transactional,,filing cabinet
paper staples,170,0,0.18,HIGH,transactional,,filing cabinet
staples desk calendar,170,0,0.29,HIGH,transactional,,filing cabinet
contact paper canadian tire,170,14,0.41,HIGH,navigational,,filing cabinet
staples toner,170,0,1.16,HIGH,transactional,,filing cabinet
staples bristol board,170,0,0.3,HIGH,navigational,,filing cabinet
staples gel pens,170,0,2.19,HIGH,transactional,,filing cabinet
staples fax machine,170,0,1.55,MEDIUM,transactional,,filing cabinet
staples stationery,170,0,1.09,HIGH,transactional,"commercial,navigational",filing cabinet
walmart tissue paper,170,0,0.21,HIGH,transactional,,filing cabinet
staples planners,170,0,0.32,HIGH,transactional,"navigational,commercial",filing cabinet
ink pad walmart,170,0,0.04,HIGH,transactional,,filing cabinet
staples printing and binding,170,1,1.4,MEDIUM,navigational,,filing cabinet
walmart graph paper,170,0,0.1,HIGH,transactional,,filing cabinet
landing paper canada sample,170,3,6.64,LOW,informational,navigational,filing cabinet
office of the registrar,27100,47,1.31,LOW,navigational,,executive chair
tim cook ceo,22200,24,5.18,LOW,navigational,"informational,transactional",executive chair
governors general canada,14800,32,0.01,LOW,informational,,executive chair
governor general of canada,14800,33,0.01,LOW,informational,,executive chair
american ambassador to canada,12100,27,,LOW,informational,,executive chair
us ambassador to canada,12100,15,,LOW,informational,,executive chair
united states ambassador to canada,12100,18,,LOW,informational,,executive chair
ambassador to canada,12100,13,,LOW,informational,navigational,executive chair
canada revenue agency candidate profile,6600,11,,LOW,navigational,,executive chair
executive,6600,32,,LOW,informational,,executive chair
ceo mcdonald's,5400,24,,LOW,informational,,executive chair
oakville executive,5400,0,0.73,LOW,navigational,,executive chair
ceo of mcdonald's,5400,28,,LOW,informational,,executive chair
who is governor general of canada,3600,32,,LOW,informational,,executive chair
who is general governor of canada,3600,39,,LOW,informational,,executive chair
who is the governor of canada,3600,32,,LOW,informational,,executive chair
minister of finance canada,2900,30,19.16,LOW,informational,,executive chair
speaker of the house of commons canada,2900,14,,LOW,informational,,executive chair
ceb executive board,2900,15,,LOW,navigational,informational,executive chair
minister of finance of canada,2900,27,19.16,LOW,informational,,executive chair
mayor of vancouver canada,2900,23,,LOW,informational,,executive chair
ceo of ford,2400,38,,LOW,informational,,executive chair
ford motor company ceo,2400,10,,LOW,informational,,executive chair
blackstone group ceo,2400,43,,LOW,informational,navigational,executive chair
ford ceo,2400,11,,LOW,informational,,executive chair
chief executive officer,2400,19,,LOW,informational,,executive chair
head of the state of canada,2400,39,,LOW,informational,,executive chair
ryan howard office,2400,1,,LOW,navigational,,executive chair
public safety minister canada,2400,30,,LOW,informational,,executive chair
starbucks ceo,2400,26,,LOW,informational,,executive chair
ford motors ceo,2400,28,,LOW,informational,,executive chair
office of general registrar,2400,21,,LOW,navigational,,executive chair
ceo of ford motor company,2400,17,,LOW,informational,,executive chair
blackstone ceo,2400,43,,LOW,informational,navigational,executive chair
ceo blackstone,2400,43,,LOW,informational,navigational,executive chair
ceo ford,2400,17,,LOW,informational,,executive chair
ford company ceo,2400,17,,LOW,informational,,executive chair
ceo of oracle,1900,23,,LOW,informational,,executive chair
oracle ceo,1900,36,,LOW,informational,navigational,executive chair
ceo of td bank,1900,27,,LOW,navigational,informational,executive chair
office of the public guardian and trustee,1900,21,5.43,LOW,navigational,,executive chair
mcdonald's ceo,1900,25,,LOW,informational,,executive chair
ceo appointments,1900,5,,LOW,navigational,informational,executive chair
oracle corp ceo,1900,28,,LOW,informational,,executive chair
international olympic committee chairman,1900,39,,LOW,informational,,executive chair
oracle corporation ceo,1900,26,,LOW,informational,,executive chair
ceo td bank,1900,14,,LOW,navigational,,executive chair
ceo appointment,1900,0,,LOW,informational,,executive chair
ceo of td,1900,22,,LOW,informational,navigational,executive chair
ceo td,1900,27,,LOW,informational,navigational,executive chair
appoints ceo,1900,0,,LOW,informational,"navigational,commercial",executive chair
ceo nestle,1600,26,,LOW,informational,,executive chair
ceo of nestlé,1600,21,,LOW,informational,,executive chair
chief executive officer of google,1600,51,,LOW,informational,,executive chair
nestlé ceo,1600,31,,LOW,informational,,executive chair
directors chair,1600,0,0.87,HIGH,informational,,executive chair
auditor general canada,1600,27,,LOW,navigational,informational,executive chair
attorney general of canada,1600,26,,LOW,informational,,executive chair
fed chair,1600,58,0.22,MEDIUM,transactional,informational,executive chair
porter airlines ceo,1600,0,,LOW,navigational,,executive chair
herman miller aeron office chair,1600,12,2.15,LOW,navigational,transactional,executive chair
rbc ceo,1600,9,,LOW,informational,navigational,executive chair
district commissioner meaning,1600,0,,LOW,informational,,executive chair
nestle ceo,1600,24,,LOW,informational,,executive chair
canadian ambassador to the united states,1600,22,,LOW,informational,,executive chair
federal reserve bank chairman,1300,53,,LOW,informational,,executive chair
chair of federal reserve,1300,63,,LOW,informational,,executive chair
ceo westjet,1300,9,17.88,LOW,navigational,,executive chair
federal reserve chairman,1300,36,,LOW,informational,,executive chair
federal reserve chair,1300,31,,LOW,informational,,executive chair
ceo disney,1300,24,,LOW,informational,,executive chair
office us characters,1300,9,,LOW,informational,,executive chair
ceo of ttc,1300,0,,LOW,navigational,informational,executive chair
secretary of state canada,1300,24,,LOW,informational,navigational,executive chair
westjet ceo,1300,5,17.88,LOW,navigational,,executive chair
ceo of westjet,1300,5,17.88,LOW,navigational,,executive chair
canada secretary of state,1300,24,,LOW,informational,navigational,executive chair
ceo of disney,1300,31,,LOW,informational,,executive chair
ceo of scotia bank,1300,9,,LOW,informational,,executive chair
governor of the bank of canada,1300,52,,LOW,informational,,executive chair
ceo for disney,1300,32,,LOW,informational,,executive chair
governor of bank of canada,1300,53,,LOW,informational,,executive chair
secretary of state for canada,1300,30,,LOW,informational,navigational,executive chair
bank of canada governors,1300,21,,LOW,informational,navigational,executive chair
disney ceo,1300,39,,LOW,informational,,executive chair
canadian secretary of state,1300,31,,LOW,informational,,executive chair
scotiabank ceo,1300,6,,LOW,navigational,informational,executive chair
ttc ceo,1300,1,,LOW,informational,,executive chair
privy council office,1300,24,,LOW,navigational,,executive chair
bank of canada governor,1300,35,,LOW,informational,navigational,executive chair
federal reserve board chairman,1300,58,,LOW,informational,,executive chair
chair of the federal reserve,1300,33,,LOW,informational,,executive chair
executive director,1300,2,0.32,LOW,informational,,executive chair
ceo of rogers,1300,7,6.3,LOW,informational,navigational,executive chair
secretary of state in canada,1300,24,,LOW,informational,navigational,executive chair
federal reserve system chairman,1300,58,,LOW,informational,,executive chair
chairman of the federal reserve,1300,58,,LOW,informational,,executive chair
chair of the fed,1300,57,,LOW,informational,,executive chair
secretary of state of canada,1300,51,,LOW,navigational,informational,executive chair
loblaws ceo,1000,12,,LOW,informational,,executive chair
new federal reserve chairman,1000,14,,LOW,informational,,executive chair
ceo boeing,1000,42,,LOW,informational,,executive chair
ceo of walmart,1000,39,,LOW,informational,,executive chair
new fed chairman,1000,28,,LOW,informational,,executive chair
new federal reserve chair,1000,27,,LOW,informational,,executive chair
campbell's ceo,1000,25,,LOW,navigational,informational,executive chair
minister of public safety of canada,1000,15,,LOW,informational,,executive chair
new fed chair,1000,18,,LOW,informational,,executive chair
executive branch,1000,36,,LOW,informational,,executive chair
boeing company ceo,1000,39,,LOW,informational,,executive chair
loblaw ceo,1000,14,,LOW,informational,navigational,executive chair
ceo loblaws,1000,9,,LOW,informational,navigational,executive chair
ceo for walmart,1000,42,,LOW,informational,,executive chair
ceo walmart,1000,35,,LOW,informational,,executive chair
a&w ceo,1000,0,,LOW,informational,navigational,executive chair
chairman mills,1000,12,3.11,LOW,informational,navigational,executive chair
ceo of loblaws,1000,12,,LOW,informational,,executive chair
ceo of boeing,1000,39,,LOW,informational,,executive chair
ceo of jp morgan,880,52,,LOW,informational,navigational,executive chair
cibc ceo,880,10,,LOW,informational,navigational,executive chair
ceo tim hortons,880,3,,LOW,informational,,executive chair
burger king ceo,880,10,,LOW,informational,,executive chair
jp morgan chase ceo,880,55,,LOW,navigational,informational,executive chair
executive office chair,880,0,2.52,HIGH,transactional,,executive chair
pm office,880,47,,LOW,navigational,,executive chair
mayor of canada,880,14,0.66,HIGH,informational,,executive chair
tim hortons ceo,880,3,,LOW,informational,,executive chair
executive membership,880,6,0.05,LOW,navigational,,executive chair
ceo of burger king,880,6,,LOW,informational,,executive chair
office of the united states trade representative,880,46,,LOW,navigational,,executive chair
minister of public safety and emergency preparedness canada,880,15,,LOW,informational,,executive chair
dsv ceo ca,880,5,,LOW,navigational,,executive chair
prime minister's office,880,42,,LOW,navigational,informational,executive chair
j p morgan ceo,880,55,,LOW,navigational,informational,executive chair
jpmorgan ceo,880,51,,LOW,informational,,executive chair
chancellor meaning,880,5,,LOW,informational,,executive chair
tim horton ceo,880,9,,LOW,informational,,executive chair
board chairman,880,5,,LOW,informational,,executive chair
ceo ca wm,880,4,,LOW,navigational,,executive chair
parliamentary budget officer canada,880,13,,LOW,navigational,,executive chair
minister of public safety canada,880,24,,LOW,informational,,executive chair
ceo jp morgan,880,55,,LOW,informational,navigational,executive chair
jp morgan ceo,880,51,,LOW,informational,navigational,executive chair
ceo of tim hortons,880,8,,LOW,informational,,executive chair
ceo united healthcare,720,37,,LOW,navigational,,executive chair
chief of justice canada,720,0,,LOW,informational,,executive chair
doug ford office,720,11,,LOW,navigational,,executive chair
federal government return to-office,720,7,,LOW,informational,,executive chair
enron ceo jeffrey skilling,720,15,,LOW,informational,,executive chair
crc chair,720,20,5.23,LOW,informational,,executive chair
ceo of canada post,720,12,,LOW,navigational,,executive chair
current governor general of canada,720,32,,LOW,informational,,executive chair
rogers office of the president,720,6,2.41,LOW,navigational,,executive chair
federal communications commission chairman,720,46,,LOW,informational,,executive chair
chief financial officer of amazon,720,4,,LOW,informational,,executive chair
ceo of nintendo,720,19,,LOW,informational,,executive chair
executive director jobs,720,0,2.94,LOW,informational,,executive chair
ceo of bank of montreal,720,12,,LOW,informational,navigational,executive chair
doug ford's office,720,22,,LOW,navigational,informational,executive chair
united healthcare ceo,720,37,,LOW,navigational,informational,executive chair
minister for home affairs,720,44,,LOW,informational,,executive chair
ceo bmo,720,4,,LOW,informational,navigational,executive chair
present governor general of canada,720,25,,LOW,informational,,executive chair
current governor general canada,720,39,,LOW,informational,,executive chair
bank of montreal ceo,720,12,,LOW,informational,navigational,executive chair
ceo bank of montreal,720,11,,LOW,navigational,informational,executive chair
fcc chair,720,44,,LOW,informational,,executive chair
united health care ceo,720,37,,LOW,navigational,informational,executive chair
chief justice canada,720,5,,LOW,informational,,executive chair
bmo ceo,720,6,,LOW,navigational,informational,executive chair
home affairs minister,720,48,,LOW,informational,,executive chair
fcc chairman,720,44,,LOW,informational,navigational,executive chair
minister of home affairs,720,44,,LOW,informational,,executive chair
chipotle ceo,590,26,,LOW,informational,,executive chair
home secretary of uk,590,39,,LOW,informational,,executive chair
ceo of indigo,590,17,,LOW,informational,"navigational,commercial",executive chair
home secretary uk,590,46,,LOW,informational,navigational,executive chair
city mayor meaning,590,12,,LOW,informational,,executive chair
governor of canada,590,24,,LOW,informational,,executive chair
western office of the registrar,590,54,,LOW,navigational,,executive chair
lieutenant governor of canada,590,2,,LOW,informational,navigational,executive chair
bill mcdermott sap ceo,590,12,,LOW,informational,,executive chair
office of the registrar mun,590,0,,LOW,navigational,,executive chair
ceo of popeyes,590,10,,LOW,informational,,executive chair
enbridge ceo,590,0,,LOW,informational,,executive chair
ceo of vanguard,590,10,,LOW,navigational,informational,executive chair
lieutenant governor general of canada,590,36,,LOW,navigational,,executive chair
mayor of la,590,38,,LOW,informational,navigational,executive chair
ceo ca wgx,590,0,,LOW,navigational,,executive chair
uk home secretary,590,46,,LOW,informational,navigational,executive chair
ceo vanguard,590,8,,LOW,navigational,informational,executive chair
ceo enbridge,590,0,,LOW,informational,,executive chair
ceo of indigo airlines,590,23,,LOW,informational,navigational,executive chair
lieutenant governor general canada,590,3,,LOW,navigational,informational,executive chair
ceo of chipotle,590,26,,LOW,informational,,executive chair
indigo airlines ceo,590,17,,LOW,navigational,informational,executive chair
britain home secretary,590,39,,LOW,informational,,executive chair
member of the house of commons of canada,590,59,,LOW,informational,,executive chair
ceo tires,590,0,0.67,LOW,navigational,commercial,executive chair
the auditor general of canada,590,19,0.46,LOW,navigational,,executive chair
office,110000,98,0.79,LOW,informational,,reception desk
desk,33100,0,1.18,HIGH,transactional,informational,reception desk
office chair,33100,16,1.68,HIGH,transactional,,reception desk
office space,18100,23,8.03,LOW,commercial,informational,reception desk
standing desk,18100,5,2.73,HIGH,transactional,,reception desk
desk chair,9900,9,1.05,HIGH,transactional,,reception desk
computer desk,9900,2,0.97,HIGH,transactional,,reception desk
office desk,9900,0,3.16,HIGH,transactional,,reception desk
ergonomic office chair,9900,2,2.01,HIGH,transactional,,reception desk
gaming desk,8100,0,1.3,HIGH,transactional,,reception desk
the office movers,8100,6,,LOW,commercial,,reception desk
open office,8100,70,0.78,LOW,informational,navigational,reception desk
the office moving,8100,5,,LOW,navigational,"informational,commercial",reception desk
l shaped desk,8100,0,2.03,HIGH,transactional,,reception desk
staples office chairs,6600,0,0.91,HIGH,transactional,,reception desk
desk lamp,6600,0,0.58,HIGH,transactional,,reception desk
corner desk,5400,0,1.05,HIGH,transactional,,reception desk
office furniture,5400,3,15.72,HIGH,transactional,commercial,reception desk
vanity desk,4400,0,0.62,HIGH,transactional,,reception desk
best office chairs,4400,17,3.77,HIGH,commercial,transactional,reception desk
desk organizer,4400,0,0.79,HIGH,transactional,,reception desk
erin office,4400,17,,LOW,navigational,,reception desk
source office furniture,4400,13,1.1,HIGH,navigational,,reception desk
sit stand desk,4400,0,3.39,HIGH,transactional,,reception desk
office pools guest,4400,15,0.03,LOW,navigational,,reception desk
under desk treadmill,3600,3,1.05,HIGH,transactional,,reception desk
office customization tool,3600,15,3.95,LOW,informational,"commercial,navigational",reception desk
small desk,3600,3,0.69,HIGH,transactional,,reception desk
cocobolo desk,3600,0,0.34,MEDIUM,transactional,,reception desk
monk office,3600,9,4.5,LOW,informational,navigational,reception desk
lap desk,3600,0,0.46,HIGH,transactional,,reception desk
desk mat,3600,0,0.82,HIGH,transactional,,reception desk
cabinet salon,3600,0,0.17,LOW,navigational,commercial,reception desk
return to office,2900,0,,LOW,informational,,reception desk
murphy bed with desk,2900,0,0.83,HIGH,transactional,,reception desk
loft bed with desk,2900,0,0.79,HIGH,transactional,,reception desk
kids desk,2900,0,0.75,HIGH,transactional,,reception desk
the office grind,2900,0,0.05,LOW,informational,,reception desk
wooden desk,2900,0,1.1,HIGH,transactional,,reception desk
home office desk,2900,0,2.04,HIGH,transactional,,reception desk
office chairs canada,2900,0,3.01,HIGH,navigational,"commercial,transactional",reception desk
toby office,2900,13,,LOW,navigational,,reception desk
creed bratton office,2900,11,,LOW,navigational,,reception desk
white desk,2400,0,1.04,HIGH,transactional,,reception desk
standing desk canada,2400,0,5.66,HIGH,commercial,"navigational,transactional",reception desk
lazyboy office chair,2400,0,1.5,HIGH,transactional,,reception desk
standing desks canada,2400,0,5.66,HIGH,commercial,"navigational,transactional",reception desk
the brick corporate office,2400,0,1.08,LOW,navigational,,reception desk
desk treadmill,2400,1,0.83,HIGH,transactional,,reception desk
home office ideas,1900,23,0.86,HIGH,informational,,reception desk
desk with drawers,1900,0,0.9,HIGH,transactional,,reception desk
stand up desk,1900,12,3.59,HIGH,transactional,,reception desk
desk shelf,1900,0,0.69,HIGH,transactional,,reception desk
secret labs desk,1900,19,0.65,HIGH,transactional,,reception desk
your dream desk,1900,9,0.59,LOW,informational,"transactional,commercial",reception desk
zoho desk,1900,33,30.07,LOW,transactional,,reception desk
office unicity,1900,0,,LOW,navigational,,reception desk
kids desk chair,1900,0,0.64,HIGH,transactional,,reception desk
school desk,1900,0,1.17,MEDIUM,informational,"transactional,navigational",reception desk
walmart desk,1900,0,0.18,HIGH,transactional,,reception desk
home office,1900,50,1.53,HIGH,informational,,reception desk
height adjustable desk,1900,3,1.61,HIGH,transactional,,reception desk
staples desks,1900,5,1.27,HIGH,transactional,,reception desk
office table,1900,0,1.87,HIGH,transactional,,reception desk
structube desks,1900,0,0.67,HIGH,transactional,navigational,reception desk
denis office supplies,1900,0,5.32,LOW,navigational,,reception desk
office chair mat,1900,0,1.15,HIGH,transactional,,reception desk
gabe office,1900,12,,LOW,navigational,,reception desk
desk pad,1900,0,0.71,HIGH,transactional,,reception desk
herman miller office chair,1900,6,1.78,HIGH,transactional,,reception desk
wayfair desks,1600,0,1.11,HIGH,navigational,transactional,reception desk
flexispot standing desk,1600,0,1.51,HIGH,transactional,,reception desk
desk fan,1600,0,0.61,HIGH,transactional,,reception desk
best ergonomic office chair,1600,14,3.97,HIGH,commercial,transactional,reception desk
office background,1600,0,0.17,LOW,informational,commercial,reception desk
heritage office furnishings,1600,8,12.49,LOW,navigational,,reception desk
desk with hutch,1600,0,0.88,HIGH,transactional,,reception desk
meredith office,1600,22,,LOW,navigational,,reception desk
office chair sale,1600,0,1.03,HIGH,transactional,,reception desk
bunk bed with desk,1600,0,0.64,HIGH,transactional,,reception desk
metropolitan office,1600,17,,LOW,navigational,,reception desk
writing desk,1600,0,0.85,HIGH,transactional,,reception desk
study desk,1600,0,0.58,HIGH,transactional,informational,reception desk
office cleaning,1600,16,7.44,LOW,informational,,reception desk
out of office,1600,11,0.21,LOW,informational,,reception desk
electric standing desk,1600,0,1.85,HIGH,transactional,,reception desk
foot rest under desk,1600,0,0.71,HIGH,transactional,,reception desk
monitor stand for desk,1600,0,1.19,HIGH,transactional,,reception desk
secretary desk,1600,0,0.7,HIGH,transactional,,reception desk
laptop stand for desk,1600,2,0.65,HIGH,transactional,,reception desk
desk riser,1300,0,1.25,HIGH,transactional,,reception desk
office chairs canadian tire,1300,0,0.67,HIGH,navigational,transactional,reception desk
work desk,1300,0,1.31,HIGH,transactional,informational,reception desk
office chair no wheels,1300,0,1.06,HIGH,transactional,,reception desk
folding desk,1300,0,0.61,HIGH,transactional,,reception desk
outlook out of office,1300,7,,LOW,informational,,reception desk
walmart office chairs,1300,9,0.31,HIGH,transactional,,reception desk
executive desk,1300,0,2.94,HIGH,navigational,informational,reception desk
christie's office plus,1300,0,0.19,LOW,navigational,"informational,commercial",reception desk
madill office,1300,0,21.84,LOW,navigational,,reception desk
desk risers,1300,0,1.25,HIGH,transactional,,reception desk
office cubicle,1300,0,12.02,HIGH,transactional,,reception desk
suite office,1300,57,2.19,MEDIUM,navigational,,reception desk
darryl office,1300,16,,LOW,navigational,,reception desk
karen office,1300,9,,LOW,navigational,"informational,commercial",reception desk
office decor,1300,0,0.67,HIGH,commercial,"transactional,informational",reception desk
standing desk converter,1300,0,1.51,HIGH,transactional,,reception desk
roll top desk,1300,0,0.54,HIGH,transactional,,reception desk
office for men,1300,0,0.25,HIGH,informational,commercial,reception desk
desk for sale,1300,0,1.26,HIGH,transactional,,reception desk
office move pro,1300,5,3.63,LOW,transactional,commercial,reception desk
standard desk height,1300,0,1.01,MEDIUM,informational,,reception desk
office building,1000,11,3.75,LOW,informational,"navigational,commercial",reception desk
wall mounted desk,1000,0,0.72,HIGH,transactional,,reception desk
structube office chair,1000,0,0.55,HIGH,transactional,,reception desk
makeup desks,1000,0,0.69,HIGH,transactional,"navigational,commercial",reception desk
adjustable standing desk,1000,0,2.83,HIGH,transactional,,reception desk
mose office,1000,4,,LOW,navigational,,reception desk
source office furniture edmonton,1000,0,1.22,MEDIUM,navigational,,reception desk
vanity desk mirror,1000,0,0.67,HIGH,transactional,,reception desk
vanity desk with mirror,1000,0,0.67,HIGH,transactional,,reception desk
ergonomic desk,1000,0,2.76,HIGH,transactional,,reception desk
bed desk,1000,0,0.43,HIGH,transactional,,reception desk
floating desk,1000,0,0.57,HIGH,transactional,,reception desk
the office dinner party,1000,16,,LOW,informational,,reception desk
office chair amazon,1000,0,0.5,HIGH,transactional,,reception desk
dinner party office,1000,9,,LOW,commercial,"informational,transactional",reception desk
desk accessories,1000,0,0.89,HIGH,transactional,,reception desk
gaming desks,1000,0,1.79,HIGH,transactional,,reception desk
td return to office,1000,3,,LOW,informational,navigational,reception desk
desk height,1000,0,1.6,HIGH,informational,transactional,reception desk
desk calendar,1000,0,0.64,HIGH,transactional,informational,reception desk
ergonomic desk chair,1000,0,2.22,HIGH,transactional,,reception desk
comfortable office chair,1000,14,1.51,HIGH,transactional,,reception desk
desk with storage,1000,0,0.78,HIGH,transactional,,reception desk
uplift desk,1000,17,1.68,HIGH,transactional,,reception desk
dinner party the office,1000,15,,LOW,commercial,informational,reception desk
desk foot rest,1000,0,0.71,HIGH,transactional,,reception desk
makeup desk,1000,0,0.69,HIGH,transactional,,reception desk
leather office chair,1000,0,2.25,HIGH,transactional,,reception desk
small computer desk,1000,0,0.65,HIGH,transactional,,reception desk
desk with bookshelf,1000,0,0.67,HIGH,transactional,,reception desk
desk drawer,1000,0,1.02,HIGH,transactional,,reception desk
sit stand desk canada,1000,0,5.5,HIGH,navigational,,reception desk
office chair cushion,1000,0,0.7,HIGH,transactional,,reception desk
white office chair,1000,0,1.45,HIGH,transactional,,reception desk
office clothes men,1000,0,1.26,HIGH,transactional,"commercial,informational",reception desk
desk for makeup,1000,0,0.69,HIGH,transactional,,reception desk
best standing desk,880,8,5.64,HIGH,commercial,transactional,reception desk
best buy office chairs,880,3,0.99,HIGH,transactional,,reception desk
woodcroft strata office,880,0,7.93,LOW,navigational,,reception desk
office trailer,880,0,11.48,MEDIUM,informational,commercial,reception desk
meme office,880,0,,LOW,navigational,informational,reception desk
corner desk small,880,0,0.82,HIGH,transactional,,reception desk
home office chair,880,21,1.93,HIGH,transactional,,reception desk
amazon desk,880,0,0.28,HIGH,navigational,transactional,reception desk
wall desk,880,0,0.89,HIGH,transactional,,reception desk
under desk drawer,880,0,1,HIGH,transactional,,reception desk
black desk,880,0,1.59,HIGH,transactional,,reception desk
office chair ergonomic,880,11,2.64,HIGH,transactional,,reception desk
oval office desk,880,13,1.11,LOW,navigational,,reception desk
desk light,880,0,0.59,HIGH,transactional,,reception desk
desk legs,880,0,0.54,HIGH,transactional,,reception desk
dual monitor desk mount,880,2,1.39,HIGH,transactional,,reception desk
used office furniture,880,0,2.41,MEDIUM,transactional,,reception desk
supreme office supplies,880,4,2.17,LOW,navigational,transactional,reception desk
best buy standing desk,880,0,0.47,HIGH,transactional,,reception desk
l-shaped office desk,880,0,3.51,HIGH,transactional,,reception desk
computer desk with drawers,880,0,0.91,HIGH,transactional,,reception desk
office chair mat for carpet,880,0,0.9,HIGH,transactional,,reception desk
office interiors,880,21,7.83,MEDIUM,informational,commercial,reception desk
best office chairs canada,880,30,3.73,HIGH,commercial,,reception desk
office decor ideas,880,8,0.72,HIGH,informational,,reception desk
under desk bike,880,0,0.34,HIGH,transactional,,reception desk
resolute desk,880,14,1.11,LOW,transactional,,reception desk
computer desk canada,880,0,1.97,HIGH,navigational,,reception desk
best office,880,3,2.86,MEDIUM,navigational,"informational,commercial",reception desk
progressive desk,880,0,3.27,HIGH,transactional,,reception desk
source office furniture calgary,880,0,1.26,MEDIUM,navigational,,reception desk
amazon standing desk,880,0,0.57,HIGH,transactional,,reception desk
office setup,720,25,1.96,HIGH,commercial,"transactional,informational",reception desk
electric desk,720,0,1.15,HIGH,transactional,,reception desk
standing desk with drawers,720,1,2.03,HIGH,transactional,,reception desk
lumbar support for office chair,720,0,0.94,HIGH,transactional,,reception desk
desk table,720,0,0.89,HIGH,transactional,,reception desk
cheap office chairs,720,1,0.93,HIGH,transactional,,reception desk
comfy office chair,720,7,0.9,HIGH,transactional,,reception desk
drawing desk,720,0,0.59,HIGH,transactional,informational,reception desk
white desk with drawers,720,0,1,HIGH,transactional,,reception desk
office work,720,14,1.44,LOW,informational,,reception desk
l shaped standing desk,720,0,3.27,HIGH,transactional,,reception desk
intelligent office,720,12,2.82,LOW,navigational,informational,reception desk
office pods,720,1,10.03,HIGH,transactional,,reception desk
home office design,720,27,1.33,HIGH,informational,commercial,reception desk
drop top desk,720,0,0.38,HIGH,transactional,,reception desk
adjustable height desk,720,4,2.96,HIGH,transactional,,reception desk
mesh office chair,720,0,2.4,HIGH,transactional,,reception desk
student desk,720,0,0.72,HIGH,navigational,,reception desk
pink office chair,720,0,0.9,HIGH,transactional,,reception desk
office cabinet,720,0,3.17,HIGH,transactional,,reception desk
office,110000,98,0.79,LOW,informational,,heavy duty office chair
office chair,33100,16,1.68,HIGH,transactional,,heavy duty office chair
chair,27100,14,0.85,HIGH,transactional,informational,heavy duty office chair
office space,18100,23,8.03,LOW,commercial,informational,heavy duty office chair
ergonomic chairs,14800,4,1.77,HIGH,transactional,,heavy duty office chair
ergonomic chair,14800,1,1.76,HIGH,transactional,,heavy duty office chair
desk chair,9900,9,1.05,HIGH,transactional,,heavy duty office chair
office desk,9900,0,3.16,HIGH,transactional,,heavy duty office chair
ergonomic office chair,9900,2,2.01,HIGH,transactional,,heavy duty office chair
the office movers,8100,6,,LOW,commercial,,heavy duty office chair
open office,8100,70,0.78,LOW,informational,navigational,heavy duty office chair
the office moving,8100,5,,LOW,navigational,"informational,commercial",heavy duty office chair
staples office chairs,6600,0,0.91,HIGH,transactional,,heavy duty office chair
office furniture,5400,3,15.72,HIGH,transactional,commercial,heavy duty office chair
computer chair,5400,10,0.97,HIGH,transactional,,heavy duty office chair
secret labs chair,5400,23,0.44,HIGH,transactional,,heavy duty office chair
best office chairs,4400,17,3.77,HIGH,commercial,transactional,heavy duty office chair
erin office,4400,17,,LOW,navigational,,heavy duty office chair
source office furniture,4400,13,1.1,HIGH,navigational,,heavy duty office chair
sit stand desk,4400,0,3.39,HIGH,transactional,,heavy duty office chair
office pools guest,4400,15,0.03,LOW,navigational,,heavy duty office chair
office customization tool,3600,15,3.95,LOW,informational,"commercial,navigational",heavy duty office chair
monk office,3600,9,4.5,LOW,informational,navigational,heavy duty office chair
return to office,2900,0,,LOW,informational,,heavy duty office chair
the office grind,2900,0,0.05,LOW,informational,,heavy duty office chair
home office desk,2900,0,2.04,HIGH,transactional,,heavy duty office chair
office chairs canada,2900,0,3.01,HIGH,navigational,"commercial,transactional",heavy duty office chair
structube chairs,2900,0,0.28,HIGH,transactional,,heavy duty office chair
toby office,2900,13,,LOW,navigational,,heavy duty office chair
creed bratton office,2900,11,,LOW,navigational,,heavy duty office chair
standing desk canada,2400,0,5.66,HIGH,commercial,"navigational,transactional",heavy duty office chair
lazyboy office chair,2400,0,1.5,HIGH,transactional,,heavy duty office chair
standing desks canada,2400,0,5.66,HIGH,commercial,"navigational,transactional",heavy duty office chair
the brick corporate office,2400,0,1.08,LOW,navigational,,heavy duty office chair
home office ideas,1900,23,0.86,HIGH,informational,,heavy duty office chair
office unicity,1900,0,,LOW,navigational,,heavy duty office chair
kids desk chair,1900,0,0.64,HIGH,transactional,,heavy duty office chair
home office,1900,50,1.53,HIGH,informational,,heavy duty office chair
office table,1900,0,1.87,HIGH,transactional,,heavy duty office chair
denis office supplies,1900,0,5.32,LOW,navigational,,heavy duty office chair
office chair mat,1900,0,1.15,HIGH,transactional,,heavy duty office chair
gabe office,1900,12,,LOW,navigational,,heavy duty office chair
herman miller office chair,1900,6,1.78,HIGH,transactional,,heavy duty office chair
best ergonomic office chair,1600,14,3.97,HIGH,commercial,transactional,heavy duty office chair
office background,1600,0,0.17,LOW,informational,commercial,heavy duty office chair
heritage office furnishings,1600,8,12.49,LOW,navigational,,heavy duty office chair
meredith office,1600,22,,LOW,navigational,,heavy duty office chair
office chair sale,1600,0,1.03,HIGH,transactional,,heavy duty office chair
metropolitan office,1600,17,,LOW,navigational,,heavy duty office chair
office cleaning,1600,16,7.44,LOW,informational,,heavy duty office chair
out of office,1600,11,0.21,LOW,informational,,heavy duty office chair
chair source,1600,0,4.54,HIGH,informational,,heavy duty office chair
office chairs canadian tire,1300,0,0.67,HIGH,navigational,transactional,heavy duty office chair
office chair no wheels,1300,0,1.06,HIGH,transactional,,heavy duty office chair
outlook out of office,1300,7,,LOW,informational,,heavy duty office chair
walmart office chairs,1300,9,0.31,HIGH,transactional,,heavy duty office chair
christie's office plus,1300,0,0.19,LOW,navigational,"informational,commercial",heavy duty office chair
madill office,1300,0,21.84,LOW,navigational,,heavy duty office chair
office cubicle,1300,0,12.02,HIGH,transactional,,heavy duty office chair
suite office,1300,57,2.19,MEDIUM,navigational,,heavy duty office chair
darryl office,1300,16,,LOW,navigational,,heavy duty office chair
karen office,1300,9,,LOW,navigational,"informational,commercial",heavy duty office chair
office decor,1300,0,0.67,HIGH,commercial,"transactional,informational",heavy duty office chair
office for men,1300,0,0.25,HIGH,informational,commercial,heavy duty office chair
office move pro,1300,5,3.63,LOW,transactional,commercial,heavy duty office chair
office building,1000,11,3.75,LOW,informational,"navigational,commercial",heavy duty office chair
structube office chair,1000,0,0.55,HIGH,transactional,,heavy duty office chair
mose office,1000,4,,LOW,navigational,,heavy duty office chair
source office furniture edmonton,1000,0,1.22,MEDIUM,navigational,,heavy duty office chair
the office dinner party,1000,16,,LOW,informational,,heavy duty office chair
office chair amazon,1000,0,0.5,HIGH,transactional,,heavy duty office chair
dinner party office,1000,9,,LOW,commercial,"informational,transactional",heavy duty office chair
td return to office,1000,3,,LOW,informational,navigational,heavy duty office chair
ergonomic desk chair,1000,0,2.22,HIGH,transactional,,heavy duty office chair
comfortable office chair,1000,14,1.51,HIGH,transactional,,heavy duty office chair
ergocentric chairs,1000,9,1.59,HIGH,transactional,,heavy duty office chair
dinner party the office,1000,15,,LOW,commercial,informational,heavy duty office chair
leather office chair,1000,0,2.25,HIGH,transactional,,heavy duty office chair
sit stand desk canada,1000,0,5.5,HIGH,navigational,,heavy duty office chair
office chair cushion,1000,0,0.7,HIGH,transactional,,heavy duty office chair
white office chair,1000,0,1.45,HIGH,transactional,,heavy duty office chair
office clothes men,1000,0,1.26,HIGH,transactional,"commercial,informational",heavy duty office chair
best buy office chairs,880,3,0.99,HIGH,transactional,,heavy duty office chair
woodcroft strata office,880,0,7.93,LOW,navigational,,heavy duty office chair
office trailer,880,0,11.48,MEDIUM,informational,commercial,heavy duty office chair
meme office,880,0,,LOW,navigational,informational,heavy duty office chair
home office chair,880,21,1.93,HIGH,transactional,,heavy duty office chair
office chair ergonomic,880,11,2.64,HIGH,transactional,,heavy duty office chair
oval office desk,880,13,1.11,LOW,navigational,,heavy duty office chair
used office furniture,880,0,2.41,MEDIUM,transactional,,heavy duty office chair
supreme office supplies,880,4,2.17,LOW,navigational,transactional,heavy duty office chair
l-shaped office desk,880,0,3.51,HIGH,transactional,,heavy duty office chair
office chair mat for carpet,880,0,0.9,HIGH,transactional,,heavy duty office chair
office interiors,880,21,7.83,MEDIUM,informational,commercial,heavy duty office chair
best office chairs canada,880,30,3.73,HIGH,commercial,,heavy duty office chair
office decor ideas,880,8,0.72,HIGH,informational,,heavy duty office chair
study chair,880,7,0.47,HIGH,transactional,,heavy duty office chair
computer desk canada,880,0,1.97,HIGH,navigational,,heavy duty office chair
best office,880,3,2.86,MEDIUM,navigational,"informational,commercial",heavy duty office chair
source office furniture calgary,880,0,1.26,MEDIUM,navigational,,heavy duty office chair
office setup,720,25,1.96,HIGH,commercial,"transactional,informational",heavy duty office chair
lumbar support for office chair,720,0,0.94,HIGH,transactional,,heavy duty office chair
cheap office chairs,720,1,0.93,HIGH,transactional,,heavy duty office chair
comfy office chair,720,7,0.9,HIGH,transactional,,heavy duty office chair
office work,720,14,1.44,LOW,informational,,heavy duty office chair
intelligent office,720,12,2.82,LOW,navigational,informational,heavy duty office chair
office pods,720,1,10.03,HIGH,transactional,,heavy duty office chair
home office design,720,27,1.33,HIGH,informational,commercial,heavy duty office chair
mesh office chair,720,0,2.4,HIGH,transactional,,heavy duty office chair
muskoka chair plans,720,0,0.61,HIGH,informational,"commercial,transactional",heavy duty office chair
pink office chair,720,0,0.9,HIGH,transactional,,heavy duty office chair
office cabinet,720,0,3.17,HIGH,transactional,,heavy duty office chair
the office lego set,720,0,0.22,HIGH,transactional,,heavy duty office chair
reclining office chair,720,0,1.16,HIGH,transactional,,heavy duty office chair
office chairs calgary,720,0,2.4,HIGH,navigational,,heavy duty office chair
co-op office,720,51,2.37,LOW,navigational,,heavy duty office chair
office chair with footrest,720,0,1.24,HIGH,transactional,,heavy duty office chair
office party,720,32,,LOW,informational,,heavy duty office chair
used office furniture calgary,720,0,1.04,HIGH,commercial,transactional,heavy duty office chair
massage office chair,720,0,1.38,HIGH,transactional,,heavy duty office chair
razer chair,720,0,0.67,HIGH,transactional,,heavy duty office chair
office desk canada,720,0,5.43,HIGH,navigational,commercial,heavy duty office chair
office chair wheels,720,0,0.84,HIGH,transactional,,heavy duty office chair
small office desk,720,0,1.16,HIGH,transactional,,heavy duty office chair
office suite,720,46,1.74,MEDIUM,transactional,"informational,navigational",heavy duty office chair
small office home office definition,720,1,,LOW,informational,,heavy duty office chair
computer chairs on sale,720,0,0.61,HIGH,transactional,,heavy duty office chair
office furniture calgary,720,0,4.49,HIGH,navigational,,heavy duty office chair
most comfortable office chair,590,19,1.77,HIGH,informational,commercial,heavy duty office chair
office plants,590,3,1.1,HIGH,transactional,commercial,heavy duty office chair
steelcase office chair,590,4,2.7,HIGH,transactional,,heavy duty office chair
trellis main office,590,13,,LOW,navigational,,heavy duty office chair
wayfair office chair,590,0,1.78,HIGH,transactional,navigational,heavy duty office chair
mobile office,590,0,9.46,MEDIUM,transactional,,heavy duty office chair
office chairs edmonton,590,0,2.03,HIGH,navigational,"commercial,transactional",heavy duty office chair
office desk with drawers,590,0,2.34,HIGH,transactional,,heavy duty office chair
office chairs toronto,590,0,4.6,HIGH,navigational,commercial,heavy duty office chair
used office chairs,590,0,2.1,HIGH,transactional,,heavy duty office chair
office moving,590,0,5.04,LOW,commercial,,heavy duty office chair
home office furniture,590,0,2.15,HIGH,transactional,"navigational,commercial",heavy duty office chair
work chair,590,8,2.73,HIGH,transactional,,heavy duty office chair
comfy desk chair,590,13,0.6,HIGH,transactional,,heavy duty office chair
office furniture stores,590,1,5.26,LOW,commercial,,heavy duty office chair
gaming desk chair,590,15,0.92,HIGH,transactional,,heavy duty office chair
office storage,590,0,1.85,HIGH,transactional,commercial,heavy duty office chair
task chair,590,0,3.07,HIGH,transactional,,heavy duty office chair
office chair cover,590,0,0.42,HIGH,transactional,,heavy duty office chair
mcm chair,590,0,1.05,HIGH,transactional,,heavy duty office chair
scentsy canada workstation,590,21,3.27,LOW,navigational,,heavy duty office chair
office drawers,590,0,1.21,HIGH,transactional,,heavy duty office chair
atwork office furniture,590,0,2.26,HIGH,navigational,,heavy duty office chair
office couch,590,0,3.29,HIGH,transactional,,heavy duty office chair
best desk chairs,590,15,4.46,HIGH,commercial,transactional,heavy duty office chair
best budget office chair,590,24,1.82,HIGH,commercial,transactional,heavy duty office chair
white desk chair,590,0,0.87,HIGH,transactional,,heavy duty office chair
portable office,590,0,8.62,HIGH,transactional,,heavy duty office chair
serta office chair,590,0,0.68,HIGH,transactional,,heavy duty office chair
office furniture edmonton,590,0,4.04,HIGH,navigational,,heavy duty office chair
comfy computer chair,590,16,0.6,HIGH,transactional,,heavy duty office chair
brown leather office chair,480,0,3.2,HIGH,transactional,,heavy duty office chair
office dividers,480,0,7.27,HIGH,transactional,,heavy duty office chair
chairs clipart,480,0,,LOW,transactional,informational,heavy duty office chair
used office furniture toronto,480,19,2.75,HIGH,commercial,transactional,heavy duty office chair
office chair on sale,480,0,1.25,HIGH,transactional,,heavy duty office chair
best home office chair,480,20,3.71,HIGH,commercial,,heavy duty office chair
shared office space,480,13,11.57,LOW,commercial,informational,heavy duty office chair
office desk chair,480,0,3.03,HIGH,transactional,,heavy duty office chair
folding office chair,480,0,0.95,HIGH,transactional,,heavy duty office chair
kids desk and chair set,480,0,0.84,HIGH,transactional,,heavy duty office chair
regus office space,480,0,9.44,MEDIUM,navigational,,heavy duty office chair
office chairs vancouver,480,0,3.9,HIGH,navigational,commercial,heavy duty office chair
evergreen office spaces,480,1,0.93,LOW,navigational,,heavy duty office chair
ergonomic office chair canada,480,1,3.96,HIGH,navigational,,heavy duty office chair
source office furniture vancouver,480,0,0.92,MEDIUM,navigational,,heavy duty office chair
office ideas,480,28,1.12,HIGH,informational,commercial,heavy duty office chair
stones office,480,0,4.25,LOW,navigational,,heavy duty office chair
office rug,480,0,1.29,HIGH,transactional,,heavy duty office chair
home office setup,480,13,1.1,HIGH,informational,,heavy duty office chair
meme office space,480,0,,LOW,navigational,informational,heavy duty office chair
pam office,480,33,,LOW,navigational,,heavy duty office chair
vancouver office chairs,480,0,3.9,HIGH,navigational,"transactional,commercial",heavy duty office chair
murphy bed with desk canada,480,0,1.24,HIGH,navigational,transactional,heavy duty office chair
staples computer chair,480,0,0.47,HIGH,transactional,,heavy duty office chair
home office desk canada,480,0,2.53,HIGH,navigational,,heavy duty office chair
office lamp,480,0,1.08,HIGH,transactional,,heavy duty office chair
milton office space,480,11,11.21,LOW,navigational,,heavy duty office chair
small office ideas for home,480,28,0.65,HIGH,informational,,heavy duty office chair
best computer chair,480,7,3.14,HIGH,commercial,transactional,heavy duty office chair
monarch office supply,480,0,12.77,MEDIUM,navigational,,heavy duty office chair
jim office,480,30,,LOW,navigational,,heavy duty office chair
small home office ideas,480,22,0.65,HIGH,informational,,heavy duty office chair
small office chair,480,2,0.85,HIGH,transactional,,heavy duty office chair
office organizer,480,0,1.51,HIGH,transactional,commercial,heavy duty office chair
standing chair,480,0,1.98,HIGH,transactional,,heavy duty office chair
staples ergonomic chair,480,0,0.95,HIGH,transactional,,heavy duty office chair
ontario return to office,480,5,,LOW,informational,navigational,heavy duty office chair
office furniture toronto,480,0,9.7,HIGH,navigational,commercial,heavy duty office chair
fun office pools,480,44,,LOW,informational,"navigational,commercial",heavy duty office chair
office space memes,480,0,,LOW,informational,,heavy duty office chair
office chair vancouver,480,0,3.9,HIGH,navigational,transactional,heavy duty office chair
office,110000,98,0.79,LOW,informational,,commercial office furniture
desk,33100,0,1.18,HIGH,transactional,informational,commercial office furniture
office chair,33100,16,1.68,HIGH,transactional,,commercial office furniture
chair,27100,14,0.85,HIGH,transactional,informational,commercial office furniture
office space,18100,23,8.03,LOW,commercial,informational,commercial office furniture
standing desk,18100,5,2.73,HIGH,transactional,,commercial office furniture
ergonomic chair,14800,1,1.76,HIGH,transactional,,commercial office furniture
desk chair,9900,9,1.05,HIGH,transactional,,commercial office furniture
computer desk,9900,2,0.97,HIGH,transactional,,commercial office furniture
office desk,9900,0,3.16,HIGH,transactional,,commercial office furniture
ergonomic office chair,9900,2,2.01,HIGH,transactional,,commercial office furniture
gaming desk,8100,0,1.3,HIGH,transactional,,commercial office furniture
the office movers,8100,6,,LOW,commercial,,commercial office furniture
open office,8100,70,0.78,LOW,informational,navigational,commercial office furniture
work from home,8100,0,2.51,MEDIUM,informational,,commercial office furniture
the office moving,8100,5,,LOW,navigational,"informational,commercial",commercial office furniture
l shaped desk,8100,0,2.03,HIGH,transactional,,commercial office furniture
remote work setup,6600,14,,LOW,informational,,commercial office furniture
staples office chairs,6600,0,0.91,HIGH,transactional,,commercial office furniture
desk lamp,6600,0,0.58,HIGH,transactional,,commercial office furniture
corner desk,5400,0,1.05,HIGH,transactional,,commercial office furniture
work bench,5400,0,2.53,HIGH,transactional,,commercial office furniture
office furniture,5400,3,15.72,HIGH,transactional,commercial,commercial office furniture
computer chair,5400,10,0.97,HIGH,transactional,,commercial office furniture
secret labs chair,5400,23,0.44,HIGH,transactional,,commercial office furniture
vanity desk,4400,0,0.62,HIGH,transactional,,commercial office furniture
best office chairs,4400,17,3.77,HIGH,commercial,transactional,commercial office furniture
desk organizer,4400,0,0.79,HIGH,transactional,,commercial office furniture
erin office,4400,17,,LOW,navigational,,commercial office furniture
source office furniture,4400,13,1.1,HIGH,navigational,,commercial office furniture
sit stand desk,4400,0,3.39,HIGH,transactional,,commercial office furniture
office pools guest,4400,15,0.03,LOW,navigational,,commercial office furniture
under desk treadmill,3600,3,1.05,HIGH,transactional,,commercial office furniture
office customization tool,3600,15,3.95,LOW,informational,"commercial,navigational",commercial office furniture
small desk,3600,3,0.69,HIGH,transactional,,commercial office furniture
cocobolo desk,3600,0,0.34,MEDIUM,transactional,,commercial office furniture
monk office,3600,9,4.5,LOW,informational,navigational,commercial office furniture
lap desk,3600,0,0.46,HIGH,transactional,,commercial office furniture
desk mat,3600,0,0.82,HIGH,transactional,,commercial office furniture
reception desk,2900,0,4.37,HIGH,navigational,"informational,commercial",commercial office furniture
return to office,2900,0,,LOW,informational,,commercial office furniture
murphy bed with desk,2900,0,0.83,HIGH,transactional,,commercial office furniture
loft bed with desk,2900,0,0.79,HIGH,transactional,,commercial office furniture
kids desk,2900,0,0.75,HIGH,transactional,,commercial office furniture
the office grind,2900,0,0.05,LOW,informational,,commercial office furniture
wooden desk,2900,0,1.1,HIGH,transactional,,commercial office furniture
home office desk,2900,0,2.04,HIGH,transactional,,commercial office furniture
office chairs canada,2900,0,3.01,HIGH,navigational,"commercial,transactional",commercial office furniture
structube chairs,2900,0,0.28,HIGH,transactional,,commercial office furniture
toby office,2900,13,,LOW,navigational,,commercial office furniture
creed bratton office,2900,11,,LOW,navigational,,commercial office furniture
white desk,2400,0,1.04,HIGH,transactional,,commercial office furniture
standing desk canada,2400,0,5.66,HIGH,commercial,"navigational,transactional",commercial office furniture
lazyboy office chair,2400,0,1.5,HIGH,transactional,,commercial office furniture
standing desks canada,2400,0,5.66,HIGH,commercial,"navigational,transactional",commercial office furniture
the brick corporate office,2400,0,1.08,LOW,navigational,,commercial office furniture
desk treadmill,2400,1,0.83,HIGH,transactional,,commercial office furniture
home office ideas,1900,23,0.86,HIGH,informational,,commercial office furniture
desk with drawers,1900,0,0.9,HIGH,transactional,,commercial office furniture
stand up desk,1900,12,3.59,HIGH,transactional,,commercial office furniture
desk shelf,1900,0,0.69,HIGH,transactional,,commercial office furniture
secret labs desk,1900,19,0.65,HIGH,transactional,,commercial office furniture
your dream desk,1900,9,0.59,LOW,informational,"transactional,commercial",commercial office furniture
zoho desk,1900,33,30.07,LOW,transactional,,commercial office furniture
office unicity,1900,0,,LOW,navigational,,commercial office furniture
kids desk chair,1900,0,0.64,HIGH,transactional,,commercial office furniture
school desk,1900,0,1.17,MEDIUM,informational,"transactional,navigational",commercial office furniture
walmart desk,1900,0,0.18,HIGH,transactional,,commercial office furniture
home office,1900,50,1.53,HIGH,informational,,commercial office furniture
height adjustable desk,1900,3,1.61,HIGH,transactional,,commercial office furniture
staples desks,1900,5,1.27,HIGH,transactional,,commercial office furniture
office table,1900,0,1.87,HIGH,transactional,,commercial office furniture
structube desks,1900,0,0.67,HIGH,transactional,navigational,commercial office furniture
denis office supplies,1900,0,5.32,LOW,navigational,,commercial office furniture
office chair mat,1900,0,1.15,HIGH,transactional,,commercial office furniture
gabe office,1900,12,,LOW,navigational,,commercial office furniture
desk pad,1900,0,0.71,HIGH,transactional,,commercial office furniture
herman miller office chair,1900,6,1.78,HIGH,transactional,,commercial office furniture
wayfair desks,1600,0,1.11,HIGH,navigational,transactional,commercial office furniture
flexispot standing desk,1600,0,1.51,HIGH,transactional,,commercial office furniture
desk fan,1600,0,0.61,HIGH,transactional,,commercial office furniture
best ergonomic office chair,1600,14,3.97,HIGH,commercial,transactional,commercial office furniture
office background,1600,0,0.17,LOW,informational,commercial,commercial office furniture
heritage office furnishings,1600,8,12.49,LOW,navigational,,commercial office furniture
desk with hutch,1600,0,0.88,HIGH,transactional,,commercial office furniture
meredith office,1600,22,,LOW,navigational,,commercial office furniture
office chair sale,1600,0,1.03,HIGH,transactional,,commercial office furniture
bunk bed with desk,1600,0,0.64,HIGH,transactional,,commercial office furniture
metropolitan office,1600,17,,LOW,navigational,,commercial office furniture
writing desk,1600,0,0.85,HIGH,transactional,,commercial office furniture
study desk,1600,0,0.58,HIGH,transactional,informational,commercial office furniture
office cleaning,1600,16,7.44,LOW,informational,,commercial office furniture
out of office,1600,11,0.21,LOW,informational,,commercial office furniture
electric standing desk,1600,0,1.85,HIGH,transactional,,commercial office furniture
chair source,1600,0,4.54,HIGH,informational,,commercial office furniture
foot rest under desk,1600,0,0.71,HIGH,transactional,,commercial office furniture
monitor stand for desk,1600,0,1.19,HIGH,transactional,,commercial office furniture
secretary desk,1600,0,0.7,HIGH,transactional,,commercial office furniture
laptop stand for desk,1600,2,0.65,HIGH,transactional,,commercial office furniture
desk riser,1300,0,1.25,HIGH,transactional,,commercial office furniture
office chairs canadian tire,1300,0,0.67,HIGH,navigational,transactional,commercial office furniture
work desk,1300,0,1.31,HIGH,transactional,informational,commercial office furniture
office chair no wheels,1300,0,1.06,HIGH,transactional,,commercial office furniture
folding desk,1300,0,0.61,HIGH,transactional,,commercial office furniture
outlook out of office,1300,7,,LOW,informational,,commercial office furniture
walmart office chairs,1300,9,0.31,HIGH,transactional,,commercial office furniture
executive desk,1300,0,2.94,HIGH,navigational,informational,commercial office furniture
christie's office plus,1300,0,0.19,LOW,navigational,"informational,commercial",commercial office furniture
madill office,1300,0,21.84,LOW,navigational,,commercial office furniture
desk risers,1300,0,1.25,HIGH,transactional,,commercial office furniture
office cubicle,1300,0,12.02,HIGH,transactional,,commercial office furniture
suite office,1300,57,2.19,MEDIUM,navigational,,commercial office furniture
darryl office,1300,16,,LOW,navigational,,commercial office furniture
karen office,1300,9,,LOW,navigational,"informational,commercial",commercial office furniture
office decor,1300,0,0.67,HIGH,commercial,"transactional,informational",commercial office furniture
standing desk converter,1300,0,1.51,HIGH,transactional,,commercial office furniture
roll top desk,1300,0,0.54,HIGH,transactional,,commercial office furniture
office for men,1300,0,0.25,HIGH,informational,commercial,commercial office furniture
desk for sale,1300,0,1.26,HIGH,transactional,,commercial office furniture
office move pro,1300,5,3.63,LOW,transactional,commercial,commercial office furniture
standard desk height,1300,0,1.01,MEDIUM,informational,,commercial office furniture
office building,1000,11,3.75,LOW,informational,"navigational,commercial",commercial office furniture
wall mounted desk,1000,0,0.72,HIGH,transactional,,commercial office furniture
structube office chair,1000,0,0.55,HIGH,transactional,,commercial office furniture
makeup desks,1000,0,0.69,HIGH,transactional,"navigational,commercial",commercial office furniture
adjustable standing desk,1000,0,2.83,HIGH,transactional,,commercial office furniture
mose office,1000,4,,LOW,navigational,,commercial office furniture
source office furniture edmonton,1000,0,1.22,MEDIUM,navigational,,commercial office furniture
vanity desk mirror,1000,0,0.67,HIGH,transactional,,commercial office furniture
vanity desk with mirror,1000,0,0.67,HIGH,transactional,,commercial office furniture
ergonomic desk,1000,0,2.76,HIGH,transactional,,commercial office furniture
bed desk,1000,0,0.43,HIGH,transactional,,commercial office furniture
floating desk,1000,0,0.57,HIGH,transactional,,commercial office furniture
the office dinner party,1000,16,,LOW,informational,,commercial office furniture
office chair amazon,1000,0,0.5,HIGH,transactional,,commercial office furniture
dinner party office,1000,9,,LOW,commercial,"informational,transactional",commercial office furniture
desk accessories,1000,0,0.89,HIGH,transactional,,commercial office furniture
gaming desks,1000,0,1.79,HIGH,transactional,,commercial office furniture
td return to office,1000,3,,LOW,informational,navigational,commercial office furniture
desk height,1000,0,1.6,HIGH,informational,transactional,commercial office furniture
desk calendar,1000,0,0.64,HIGH,transactional,informational,commercial office furniture
ergonomic desk chair,1000,0,2.22,HIGH,transactional,,commercial office furniture
comfortable office chair,1000,14,1.51,HIGH,transactional,,commercial office furniture
desk with storage,1000,0,0.78,HIGH,transactional,,commercial office furniture
uplift desk,1000,17,1.68,HIGH,transactional,,commercial office furniture
dinner party the office,1000,15,,LOW,commercial,informational,commercial office furniture
desk foot rest,1000,0,0.71,HIGH,transactional,,commercial office furniture
makeup desk,1000,0,0.69,HIGH,transactional,,commercial office furniture
leather office chair,1000,0,2.25,HIGH,transactional,,commercial office furniture
small computer desk,1000,0,0.65,HIGH,transactional,,commercial office furniture
desk with bookshelf,1000,0,0.67,HIGH,transactional,,commercial office furniture
desk drawer,1000,0,1.02,HIGH,transactional,,commercial office furniture
sit stand desk canada,1000,0,5.5,HIGH,navigational,,commercial office furniture
office chair cushion,1000,0,0.7,HIGH,transactional,,commercial office furniture
white office chair,1000,0,1.45,HIGH,transactional,,commercial office furniture
office clothes men,1000,0,1.26,HIGH,transactional,"commercial,informational",commercial office furniture
desk for makeup,1000,0,0.69,HIGH,transactional,,commercial office furniture
best standing desk,880,8,5.64,HIGH,commercial,transactional,commercial office furniture
best buy office chairs,880,3,0.99,HIGH,transactional,,commercial office furniture
woodcroft strata office,880,0,7.93,LOW,navigational,,commercial office furniture
office trailer,880,0,11.48,MEDIUM,informational,commercial,commercial office furniture
meme office,880,0,,LOW,navigational,informational,commercial office furniture
corner desk small,880,0,0.82,HIGH,transactional,,commercial office furniture
home office chair,880,21,1.93,HIGH,transactional,,commercial office furniture
amazon desk,880,0,0.28,HIGH,navigational,transactional,commercial office furniture
wall desk,880,0,0.89,HIGH,transactional,,commercial office furniture
under desk drawer,880,0,1,HIGH,transactional,,commercial office furniture
indeed work from home,880,0,2.23,LOW,informational,,commercial office furniture
black desk,880,0,1.59,HIGH,transactional,,commercial office furniture
office chair ergonomic,880,11,2.64,HIGH,transactional,,commercial office furniture
oval office desk,880,13,1.11,LOW,navigational,,commercial office furniture
desk light,880,0,0.59,HIGH,transactional,,commercial office furniture
desk legs,880,0,0.54,HIGH,transactional,,commercial office furniture
dual monitor desk mount,880,2,1.39,HIGH,transactional,,commercial office furniture
used office furniture,880,0,2.41,MEDIUM,transactional,,commercial office furniture
supreme office supplies,880,4,2.17,LOW,navigational,transactional,commercial office furniture
best buy standing desk,880,0,0.47,HIGH,transactional,,commercial office furniture
l-shaped office desk,880,0,3.51,HIGH,transactional,,commercial office furniture
computer desk with drawers,880,0,0.91,HIGH,transactional,,commercial office furniture
office chair mat for carpet,880,0,0.9,HIGH,transactional,,commercial office furniture
office interiors,880,21,7.83,MEDIUM,informational,commercial,commercial office furniture
chaise de bureau costco,880,0,0.91,HIGH,transactional,,commercial office furniture
best office chairs canada,880,30,3.73,HIGH,commercial,,commercial office furniture
office decor ideas,880,8,0.72,HIGH,informational,,commercial office furniture
under desk bike,880,0,0.34,HIGH,transactional,,commercial office furniture
study chair,880,7,0.47,HIGH,transactional,,commercial office furniture
costco chaise de bureau,880,0,0.91,HIGH,transactional,,commercial office furniture
resolute desk,880,14,1.11,LOW,transactional,,commercial office furniture
computer desk canada,880,0,1.97,HIGH,navigational,,commercial office furniture
best office,880,3,2.86,MEDIUM,navigational,"informational,commercial",commercial office furniture
progressive desk,880,0,3.27,HIGH,transactional,,commercial office furniture
source office furniture calgary,880,0,1.26,MEDIUM,navigational,,commercial office furniture
amazon standing desk,880,0,0.57,HIGH,transactional,,commercial office furniture
office setup,720,25,1.96,HIGH,commercial,"transactional,informational",commercial office furniture
electric desk,720,0,1.15,HIGH,transactional,,commercial office furniture
standing desk with drawers,720,1,2.03,HIGH,transactional,,commercial office furniture
lumbar support for office chair,720,0,0.94,HIGH,transactional,,commercial office furniture
desk table,720,0,0.89,HIGH,transactional,,commercial office furniture
cheap office chairs,720,1,0.93,HIGH,transactional,,commercial office furniture
comfy office chair,720,7,0.9,HIGH,transactional,,commercial office furniture
